Name,Country,Category,Purpose,OrbitClass,OrbitType,Longitude,Mass,LaunchDate,Contractor,LaunchSite,LaunchVehicle,Grouped_Purpose
1HOPSAT-TD,USA,Commercial,Earth Observation,LEO,Non-Polar Inclined,0.0,22,2019-12-11,Hera Systems,Satish Dhawan Space Centre,PSLV,Earth Observation
AAC AIS-Sat1 (Kelpie 1),United Kingdom,Commercial,Earth Observation,LEO,Sun-Synchronous,0.0,4,2023-01-03,AAC Clyde Space,Cape Canaveral,Falcon 9,Earth Observation
Aalto-1,Finland,Civil,Technology Development,LEO,Sun-Synchronous,0.0,5,2017-06-23,Aalto University,Satish Dhawan Space Centre,PSLV,Technology Development
AAt-4,Denmark,Civil,Earth Observation,LEO,Sun-Synchronous,0.0,1,2016-04-25,University of Aalborg,Guiana Space Center,Soyuz-2.1a,Earth Observation
Adelis-Sampson 1,Israel,Government,Technology Development,LEO,Sun-Synchronous,0.0,9,2021-03-22,Asher Space Research Institute at Technion/Israeli Aircraft Industries,Baikonur Cosmodrome,Soyuz-2.1a,Technology Development
Adelis-Sampson 2,Israel,Government,Technology Development,LEO,Sun-Synchronous,0.0,9,2021-03-22,Asher Space Research Institute at Technion/Israeli Aircraft Industries,Baikonur Cosmodrome,Soyuz-2.1a,Technology Development
Adelis-Sampson 3,Israel,Government,Technology Development,LEO,Sun-Synchronous,0.0,9,2021-03-22,Asher Space Research Institute at Technion/Israeli Aircraft Industries,Baikonur Cosmodrome,Soyuz-2.1a,Technology Development
ADLER-2,Austria,Civil,Earth Science,LEO,Sun-Synchronous,0.0,12,2023-04-15,Spire Global,Vandenberg AFB,Falcon 9,Earth Science
Aeneas,USA,Government,Technology Development,LEO,Equatorial,0.0,3,2012-09-13,University of Southern California,Vandenberg AFB,Atlas 5,Technology Development
Aerocube 11A,USA,Commercial,Technology Development,LEO,Polar,0.0,4,2018-12-17,Aerospace Corporation,Rocket Lab Launch Complex 1,Electron,Technology Development
Aerocube 11B,USA,Commercial,Technology Development,LEO,Polar,0.0,4,2018-12-17,Aerospace Corporation,Rocket Lab Launch Complex 1,Electron,Technology Development
Aerocube 12A,USA,Commercial,Technology Development,LEO,Non-Polar Inclined,0.0,4,2018-07-16,Aerospace Corporation,Cygnus,Nanorack Deployer,Technology Development
Aerocube 12B,USA,Commercial,Technology Development,LEO,Non-Polar Inclined,0.0,4,2018-07-16,Aerospace Corporation,Cygnus,Nanorack Deployer,Technology Development
Aerocube 5C,USA,Commercial,Technology Development,LEO,Non-Polar Inclined,0.0,2,2015-10-08,Aerospace Corporation,Vandenberg AFB,Atlas 5,Technology Development
Aerocube 6A,USA,Commercial,Technology Development,LEO,Sun-Synchronous,0.0,5,2014-06-19,Aerospace Corporation,Dombarovsky Air Base,Dnepr,Technology Development
Aerocube 6B,USA,Commercial,Technology Development,LEO,Sun-Synchronous,0.0,5,2014-06-19,Aerospace Corporation,Dombarovsky Air Base,Dnepr,Technology Development
Aerocube 7A,USA,Commercial,Technology Development,LEO,Non-Polar Inclined,0.0,2,2015-10-08,Aerospace Corporation,Vandenberg AFB,Atlas 5,Technology Development
Aerocube 8C,USA,Commercial,Technology Development,LEO,Sun-Synchronous,0.0,5,2016-11-11,Aerospace Corporation,Vandenberg AFB,Atlas 5,Technology Development
Aerocube 8D,USA,Commercial,Technology Development,LEO,Sun-Synchronous,0.0,2,2016-11-11,Aerospace Corporation,Vandenberg AFB,Atlas 5,Technology Development
AII-Bravo,Lithuania,Commercial,Communications,LEO,Sun-Synchronous,0.0,9,2021-04-29,NanoAvionics,Guiana Space Center,Vega W18,Communications
AII-Charlie,Lithuania,Commercial,Communications,LEO,Sun-Synchronous,0.0,9,2021-01-24,NanoAvionics,Cape Canaveral,Falcon 9,Communications
AIM,USA,Government,Earth Observation,LEO,Sun-Synchronous,0.0,215,2007-04-25,Orbital Sciences Corp.,Vandenberg AFB,Pegasus XL,Earth Observation
AISSat-1,Norway,Government,Communications,LEO,Sun-Synchronous,0.0,6,2010-07-12,Kongsberg Seatex AS/University of Toronto Institute for Aerospace Studies,Satish Dhawan Space Centre,PSLV,Communications
AISSat-2,Norway,Government,Communications,LEO,Sun-Synchronous,0.0,6,2014-07-08,Kongsberg Seatex AS/University of Toronto Institute for Aerospace Studies,Baikonur Cosmodrome,Soyuz-2.1b,Communications
AISTechSat-2,Spain,Commercial,Earth Observation,LEO,Sun-Synchronous,0.0,3,2018-12-03,GomSpace ApS,Vandenberg AFB,Falcon 9,Earth Observation
AISTechSat-3,Spain,Commercial,Earth Observation,LEO,Sun-Synchronous,0.0,2,2019-04-01,GomSpace ApS,Satish Dhawan Space Centre,PSLV,Earth Observation
Al-Farabi-2,Kazakhstan,Civil,Technology Development,LEO,Sun-Synchronous,0.0,4,2018-12-03,Al-Farabi Kazakh National University,Vandenberg AFB,Falcon 9,Technology Development
ALE-2,Japan,Commercial,Earth Science,LEO,Sun-Synchronous,0.0,75,2019-12-06,Astro Live Experiences,Rocket Lab Launch Complex 1,Electron,Earth Science
Alfa Crux,Brazil,Civil,Technology Development,LEO,Sun-Synchronous,0.0,1,2022-04-01,University of Brasilia,Cape Canaveral,Falcon 9,Technology Development
ALiCE,USA,Military,Technology Development,LEO,Polar,0.0,5,2013-12-06,US Air Force Institute of Technology,Vandenberg AFB,Atlas 5,Technology Development
Alsat-1B,Algeria,Government,Earth Observation,LEO,Sun-Synchronous,0.0,103,2016-09-26,Surrey Satellite Technology Ltd.,Satish Dhawan Space Centre,PSLV,Earth Observation
AlSat-1N,Algeria,Government,Technology Development,LEO,Sun-Synchronous,0.0,10,2016-09-26,Surrey Satellite Technology Ltd.,Satish Dhawan Space Centre,PSLV,Technology Development
Alsat-2A,Algeria,Government,Earth Observation,LEO,Sun-Synchronous,0.0,130,2010-07-12,EADS Astrium,Satish Dhawan Space Centre,PSLV,Earth Observation
Alsat-2B,Algeria,Government,Earth Observation,LEO,Sun-Synchronous,0.0,117,2016-09-26,Airbus Defense and Space,Satish Dhawan Space Centre,PSLV,Earth Observation
Amazonia-1,Brazil,Government,Earth Observation,LEO,Sun-Synchronous,0.0,637,2021-02-28,National Institute for Space Research (INPE),Satish Dhawan Space Centre,PSLV,Earth Observation
AmGU-1,Russia,Civil,Space Science,LEO,Sun-Synchronous,0.0,4,2019-07-05,Moscow State University,Vostochny Cosmodrome,Soyuz-2.1b,Space Science
Amsat-Oscar 7,USA,Civil,Communications,LEO,Polar,0.0,29,1974-11-15,Amsat-NA,Vandenberg AFB,Delta 2310,Communications
ANDESITE Mule,USA,Civil,Space Science/Technology Demonstration,LEO,Sun-Synchronous,0.0,9,2020-06-13,Boston University,Rocket Lab Launch Complex 1,Electron,Space Science/Technology Demonstration
ANGELS,ESA,Government,Communications,LEO,Sun-Synchronous,0.0,18,2019-12-18,CNES ,Guiana Space Center,Soyuz,Communications
AprizeSat 1,Argentina,Commercial,Communications/Technology Development,LEO,Sun-Synchronous,0.0,12,2004-06-29,Aprize Satellite ,Baikonur Cosmodrome,Dnepr,Communications/Technology Development
AprizeSat 10,USA/Argentina,Commercial,Communications/Maritime Tracking,LEO,Sun-Synchronous,0.0,12,2014-06-19,SpaceQuest,Dombarovsky Air Base,Dnepr,Communications/Maritime Tracking
AprizeSat 2,USA/Argentina,Commercial,Communications/Technology Development,LEO,Sun-Synchronous,0.0,12,2004-06-29,Aprize Satellite ,Baikonur Cosmodrome,Dnepr,Communications/Technology Development
AprizeSat 3,USA/Argentina,Commercial,Communications/Maritime Tracking,LEO,Sun-Synchronous,0.0,12,2009-07-29,SpaceQuest,Baikonur Cosmodrome,Dnepr,Communications/Maritime Tracking
AprizeSat 4,USA/Argentina,Commercial,Communications/Maritime Tracking,LEO,Sun-Synchronous,0.0,12,2009-07-29,SpaceQuest,Baikonur Cosmodrome,Dnepr,Communications/Maritime Tracking
AprizeSat 5,Canada,Commercial,Communications,LEO,Sun-Synchronous,0.0,12,2011-08-17,SpaceQuest,Dombarovsky Air Base,Dnepr,Communications
AprizeSat 7,Canada,Commercial,Communications,LEO,Sun-Synchronous,0.0,12,2013-11-21,SpaceQuest,Dombarovsky Air Base,Dnepr,Communications
AprizeSat 8,USA/Argentina,Commercial,Communications/Maritime Tracking,LEO,Sun-Synchronous,0.0,12,2013-11-21,SpaceQuest,Dombarovsky Air Base,Dnepr,Communications/Maritime Tracking
AprizeSat 9,USA,Commercial,Communications/Maritime Tracking,LEO,Sun-Synchronous,0.0,12,2014-06-19,SpaceQuest,Dombarovsky Air Base,Dnepr,Communications/Maritime Tracking
ARCE 1A,USA,Civil,Technology Development,LEO,Sun-Synchronous,0.0,1,2021-01-24,"South Florida University, Institute of Applied Engineering (IAE)",Cape Canaveral,Falcon 9/Sherpa FX,Technology Development
ARCE 1B,USA,Civil,Technology Development,LEO,Sun-Synchronous,0.0,1,2021-01-24,"South Florida University, Institute of Applied Engineering (IAE)",Cape Canaveral,Falcon 9/Sherpa FX,Technology Development
ARCE 1C,USA,Civil,Technology Development,LEO,Sun-Synchronous,0.0,1,2021-01-24,"South Florida University, Institute of Applied Engineering (IAE)",Cape Canaveral,Falcon 9/Sherpa FX,Technology Development
ARCSAT,Norway,Military,Technology Demonstration,LEO,Sun-Synchronous,0.0,10,2022-04-01,Norwegian Defence Research Establishment,Cape Canaveral,Falcon 9,Technology Demonstration
ARICA,Japan,Civil,Technology Development,LEO,Sun-Synchronous,0.0,1,2021-11-08,Aoyama Gakuin University in Tokyo,Uchinoura Space Center,H2A,Technology Development
Arkyd-6A,USA,Commercial,Technology Development,LEO,Sun-Synchronous,0.0,10,2018-01-11,Planetary Resources,Satish Dhawan Space Centre,PSLV,Technology Development
Arthur,Belgium,Commercial,Earth Observation,LEO,Sun-Synchronous,0.0,20,2021-06-30,Astrospacelab,Cape Canaveral,Falcon 9,Earth Observation
ASELSAT,Turkey,Civil,Earth Observation,LEO,Sun-Synchronous,0.0,5,2021-01-24,Istanbul Technical University,Cape Canaveral,Falcon 9,Earth Observation
ASNARO-1,Japan,Government,Earth Observation,LEO,Sun-Synchronous,0.0,500,2014-11-06,NEC Corporation,Dombarovsky Air Base,Dnepr,Earth Observation
ASNARO-2,Japan,Government,Earth Observation,LEO,Sun-Synchronous,0.0,570,2018-01-17,NEC Corporation,Uchinoura Space Center,Epsilon,Earth Observation
ASTERISC,Japan,Civil,Technology Development,LEO,Sun-Synchronous,0.0,4,2021-11-08,Chiba Institute of Technology,Uchinoura Space Center,H2A,Technology Development
Astrocast-0101 ,Switzerland,Commercial,Communications,LEO,Sun-Synchronous,0.0,4,2021-01-24,Astrocast,Cape Canaveral,Falcon 9/Sherpa FX,Communications
Astrocast-0102 ,Switzerland,Commercial,Communications,LEO,Sun-Synchronous,0.0,4,2021-01-24,Astrocast,Cape Canaveral,Falcon 9/Sherpa FX,Communications
Astrocast-0103 ,Switzerland,Commercial,Communications,LEO,Sun-Synchronous,0.0,4,2021-01-24,Astrocast,Cape Canaveral,Falcon 9/Sherpa FX,Communications
Astrocast-0104 ,Switzerland,Commercial,Communications,LEO,Sun-Synchronous,0.0,4,2021-01-24,Astrocast,Cape Canaveral,Falcon 9/Sherpa FX,Communications
Astrocast-0105 ,Switzerland,Commercial,Communications,LEO,Sun-Synchronous,0.0,4,2021-01-24,Astrocast,Cape Canaveral,Falcon 9/Sherpa FX,Communications
Astrocast-0201 ,Switzerland,Commercial,Communications,LEO,Sun-Synchronous,0.0,4,2021-06-30,Astrocast,Cape Canaveral,Falcon 9,Communications
Astrocast-0202   ,Switzerland,Commercial,Communications,LEO,Sun-Synchronous,0.0,4,2021-06-30,Astrocast,Cape Canaveral,Falcon 9,Communications
Astrocast-0203,Switzerland,Commercial,Communications,LEO,Sun-Synchronous,0.0,4,2021-06-30,Astrocast,Cape Canaveral,Falcon 9,Communications
Astrocast-0204 ,Switzerland,Commercial,Communications,LEO,Sun-Synchronous,0.0,4,2021-06-30,Astrocast,Cape Canaveral,Falcon 9,Communications
Astrocast-0205 ,Switzerland,Commercial,Communications,LEO,Sun-Synchronous,0.0,4,2021-06-30,Astrocast,Cape Canaveral,Falcon 9,Communications
Astrosat,India,Government,Space Science,LEO,Equatorial,0.0,230,2015-09-28,Indian Space Research Organization (ISRO),Satish Dhawan Space Centre,PSLV C-30,Space Science
Athena,USA,Commercial,Communications,LEO,Sun-Synchronous,0.0,138,2020-09-02,Maxar Technologies,Guiana Space Center,Vega,Communications
Athenoxat-1,Singapore,Commercial,Technology Development,LEO,Equatorial,0.0,6,2015-12-16,Microspace Rapid Pvt Ltd.,Satish Dhawan Space Centre,PSLV-C29,Technology Development
BB-1,USA,Military,Technology Demonstration,LEO,Polar,0.0,300,2023-04-02,Leidos,Vandenberg AFB,Falcon 9,Technology Demonstration
BB-2,USA,Military,Technology Demonstration,LEO,Polar,0.0,300,2023-04-02,Leidos,Vandenberg AFB,Falcon 9,Technology Demonstration
BDSAT,Czech Republic,Government,Technology Demonstration,LEO,Sun-Synchronous,0.0,1,2022-04-01,Central European Institute of Technology,Cape Canaveral,Falcon 9,Technology Demonstration
BDSAT-2,Czech Republic,Civil,Communications,LEO,Sun-Synchronous,0.0,2,2023-01-03,Central European Institute of Technology/,Cape Canaveral,Falcon 9,Communications
Beesat-5,Germany,Civil,Technology Demonstration,LEO,Sun-Synchronous,0.0,1,2021-03-22,Technical University Berlin,Baikonur Cosmodrome,Soyuz-2.1a,Technology Demonstration
Beesat-6,Germany,Civil,Technology Demonstration,LEO,Sun-Synchronous,0.0,1,2021-03-22,Technical University Berlin,Baikonur Cosmodrome,Soyuz-2.1a,Technology Demonstration
Beesat-7,Germany,Civil,Technology Demonstration,LEO,Sun-Synchronous,0.0,1,2021-03-22,Technical University Berlin,Baikonur Cosmodrome,Soyuz-2.1a,Technology Demonstration
Beesat-8,Germany,Civil,Technology Demonstration,LEO,Sun-Synchronous,0.0,1,2021-03-22,Technical University Berlin,Baikonur Cosmodrome,Soyuz-2.1a,Technology Demonstration
Beesat-9,Germany,Civil,Technology Development,LEO,Sun-Synchronous,0.0,1,2019-07-05,Technical University Berlin,Vostochny Cosmodrome,Soyuz-2.1b,Technology Development
Beidou 3M-1S,China,Military/Government,Navigation/Global Positioning,MEO,Non-Polar Inclined,0.0,800,2015-07-25,Space Technology Research Institute (part of CASC),Xichang Satellite Launch Center,Long March 3B,Navigation/Global Positioning
Beidou 3M-2S,China,Military/Government,Navigation/Global Positioning,MEO,Non-Polar Inclined,0.0,800,2015-07-25,Space Technology Research Institute (part of CASC),Xichang Satellite Launch Center,Long March 3B,Navigation/Global Positioning
Beidou 3-M1,China,Military/Government,Navigation/Global Positioning,MEO,,0.0,800,2017-11-05,Space Technology Research Institute (part of CASC),Xichang Satellite Launch Center,Long March 3B,Navigation/Global Positioning
Beidou 3-23,China,Military/Government,Navigation/Global Positioning,MEO,,0.0,800,2019-09-22,Space Technology Research Institute (part of CASC),Xichang Satellite Launch Center,Long March 3B,Navigation/Global Positioning
Beidou 3-24,China,Military/Government,Navigation/Global Positioning,MEO,,0.0,800,2019-09-22,Space Technology Research Institute (part of CASC),Xichang Satellite Launch Center,Long March 3B,Navigation/Global Positioning
Beidou 3-25,China,Military/Government,Navigation/Global Positioning,MEO,,0.0,800,2017-11-05,Space Technology Research Institute (part of CASC),Xichang Satellite Launch Center,Long March 3B,Navigation/Global Positioning
Beidou DW 26,China,Military/Government,Navigation/Global Positioning,MEO,,0.0,800,2018-01-11,Space Technology Research Institute (part of CASC),Xichang Satellite Launch Center,Long March 3B,Navigation/Global Positioning
Beidou DW 27,China,Military/Government,Navigation/Global Positioning,MEO,,0.0,800,2018-01-11,Space Technology Research Institute (part of CASC),Xichang Satellite Launch Center,Long March 3B,Navigation/Global Positioning
Beidou DW 28,China,Military/Government,Navigation/Global Positioning,MEO,,0.0,800,2018-02-12,Space Technology Research Institute (part of CASC),Xichang Satellite Launch Center,Long March 3B,Navigation/Global Positioning
Beidou DW 29,China,Military/Government,Navigation/Global Positioning,MEO,,0.0,800,2018-02-12,Space Technology Research Institute (part of CASC),Xichang Satellite Launch Center,Long March 3B,Navigation/Global Positioning
Beidou DW 30,China,Military/Government,Navigation/Global Positioning,MEO,,0.0,800,2018-03-29,Space Technology Research Institute (part of CASC),Xichang Satellite Launch Center,Long March 3B,Navigation/Global Positioning
Beidou DW 31,China,Military/Government,Navigation/Global Positioning,MEO,,0.0,800,2018-03-29,Space Technology Research Institute (part of CASC),Xichang Satellite Launch Center,Long March 3B,Navigation/Global Positioning
Beidou DW 32,China,Military/Government,Navigation/Global Positioning,GEO,,110.0,800,2018-07-09,Space Technology Research Institute (part of CASC),Xichang Satellite Launch Center,Long March 3A,Navigation/Global Positioning
Beidou DW 33,China,Military/Government,Navigation/Global Positioning,MEO,,0.0,800,2018-07-29,Space Technology Research Institute (part of CASC),Xichang Satellite Launch Center,Long March 3B,Navigation/Global Positioning
Beidou DW 34,China,Military/Government,Navigation/Global Positioning,MEO,,0.0,800,2018-07-29,Space Technology Research Institute (part of CASC),Xichang Satellite Launch Center,Long March 3B,Navigation/Global Positioning
Beidou DW 35,China,Military/Government,Navigation/Global Positioning,MEO,,0.0,800,2018-08-24,Space Technology Research Institute (part of CASC),Xichang Satellite Launch Center,Long March 3B,Navigation/Global Positioning
Beidou DW 36,China,Military/Government,Navigation/Global Positioning,MEO,,0.0,800,2018-08-24,Space Technology Research Institute (part of CASC),Xichang Satellite Launch Center,Long March 3B,Navigation/Global Positioning
Beidou DW 37,China,Military/Government,Navigation/Global Positioning,MEO,,0.0,800,2018-09-19,Space Technology Research Institute (part of CASC),Xichang Satellite Launch Center,Long March 3B,Navigation/Global Positioning
Beidou DW 38,China,Military/Government,Navigation/Global Positioning,MEO,,0.0,800,2018-09-19,Space Technology Research Institute (part of CASC),Xichang Satellite Launch Center,Long March 3B,Navigation/Global Positioning
Beidou DW 39,China,Military/Government,Navigation/Global Positioning,MEO,,0.0,800,2018-10-15,Space Technology Research Institute (part of CASC),Xichang Satellite Launch Center,Long March 3B,Navigation/Global Positioning
Beidou DW 40,China,Military/Government,Navigation/Global Positioning,MEO,,0.0,800,2018-10-15,Space Technology Research Institute (part of CASC),Xichang Satellite Launch Center,Long March 3B,Navigation/Global Positioning
Beidou DW 41,China,Military/Government,Navigation/Global Positioning,GEO,,144.5,800,2018-11-01,Space Technology Research Institute (part of CASC),Xichang Satellite Launch Center,Long March 3B,Navigation/Global Positioning
Beidou DW 42,China,Military/Government,Navigation/Global Positioning,MEO,,0.0,800,2018-11-18,Space Technology Research Institute (part of CASC),Xichang Satellite Launch Center,Long March 3B,Navigation/Global Positioning
Beidou DW 43,China,Military/Government,Navigation/Global Positioning,MEO,,0.0,800,2018-11-18,Space Technology Research Institute (part of CASC),Xichang Satellite Launch Center,Long March 3B,Navigation/Global Positioning
Beidou DW 44,China,Military/Government,Navigation/Global Positioning,GEO,,110.03,800,2019-04-20,Space Technology Research Institute (part of CASC),Xichang Satellite Launch Center,Long March 3B,Navigation/Global Positioning
Beidou DW 45,China,Military/Government,Navigation/Global Positioning,GEO,,144.48,800,2019-05-17,Space Technology Research Institute (part of CASC),Xichang Satellite Launch Center,Long March 3C,Navigation/Global Positioning
Beidou DW 46,China,Military/Government,Navigation/Global Positioning,GEO,,105.99,800,2019-06-24,Space Technology Research Institute (part of CASC),Xichang Satellite Launch Center,Long March 3B,Navigation/Global Positioning
Beidou DW 50,China,Military/Government,Navigation/Global Positioning,MEO,,0.0,800,2019-11-23,Space Technology Research Institute (part of CASC),Xichang Satellite Launch Center,Long March 3B,Navigation/Global Positioning
Beidou DW 51,China,Military/Government,Navigation/Global Positioning,MEO,,0.0,800,2019-11-23,Space Technology Research Institute (part of CASC),Xichang Satellite Launch Center,Long March 3B,Navigation/Global Positioning
Beidou DW 52,China,Military/Government,Navigation/Global Positioning,MEO,,0.0,800,2019-12-16,Space Technology Research Institute (part of CASC),Xichang Satellite Launch Center,Long March 3B,Navigation/Global Positioning
Beidou DW 53,China,Military/Government,Navigation/Global Positioning,MEO,,0.0,800,2019-12-16,Space Technology Research Institute (part of CASC),Xichang Satellite Launch Center,Long March 3B,Navigation/Global Positioning
Beidou DW 55,China,Military/Government,Navigation/Global Positioning,GEO,,111.0,800,2020-06-23,Space Technology Research Institute (part of CASC),Xichang Satellite Launch Center,Long March 3B,Navigation/Global Positioning
BeijinGalaxy-1,China,Commercial,Earth Observation,LEO,Sun-Synchronous,0.0,166,2005-10-27,Tsinghua University/University of Surrey,Plesetsk Cosmodrome,Kosmos 3M,Earth Observation
Beiyou-1,China,Commercial,Earth Observation,LEO,Sun-Synchronous,0.0,50,2023-01-15,Changsha Tianyi,Taiyuan Launch Center,Long March 2D,Earth Observation
Bispectral InfraRed Detector 2 (Bird 2),Germany,Government/Civil,Earth Observation/Technology Development,LEO,Sun-Synchronous,0.0,92,2001-10-22,Deutsches Zentrum für Luft- und Raumfahrt,Satish Dhawan Space Centre,PSLV C3,Earth Observation
Birkeland ,Norway,Military,Earth Observation,LEO,Sun-Synchronous,0.0,10,2023-01-03,"Norwegian Defence Research Establishment (FFI)/Netherlands NLR, TNO)",Cape Canaveral,Falcon 9,Earth Observation
BIROS,Germany,Government,Earth Observation,LEO,Sun-Synchronous,0.0,130,2016-06-22,German Aerospace Center (DLR),Satish Dhawan Space Centre,PSLV XL,Earth Observation
BisonSat,USA,Civil,Earth Observation/Technology Development,LEO,Non-Polar Inclined,0.0,1,2015-10-08,Salish Kootenai College,Cape Canaveral,Atlas 5,Earth Observation
BKA 2,Belarus,Government,Earth Observation,LEO,Sun-Synchronous,0.0,400,2012-07-22,NPO VNIIEM,Baikonur Cosmodrome,Soyuz-Fregat,Earth Observation
BlackSky Global 1,USA,Commercial,Earth Observation,LEO,Sun-Synchronous,0.0,56,2018-11-29,Spaceflight Industries,Satish Dhawan Space Centre,PSLV,Earth Observation
BlackSky Global 14,USA,Commercial,Earth Observation,LEO,Non-Polar Inclined,0.0,55,2021-11-18,LeoStella,Rocket Lab Launch Complex 1,Electron,Earth Observation
BlackSky Global 15,USA,Commercial,Earth Observation,LEO,Non-Polar Inclined,0.0,55,2021-11-18,LeoStella,Rocket Lab Launch Complex 1,Electron,Earth Observation
BlackSky Global 16,USA,Commercial,Earth Observation,LEO,Non-Polar Inclined,0.0,55,2021-12-09,LeoStella,Rocket Lab Launch Complex 1,Electron,Earth Observation
BlackSky Global 17,USA,Commercial,Earth Observation,LEO,Non-Polar Inclined,0.0,55,2021-12-09,LeoStella,Rocket Lab Launch Complex 1,Electron,Earth Observation
BlackSky Global 18,USA,Commercial,Earth Observation,LEO,Non-Polar Inclined,0.0,55,2022-04-02,LeoStella,Rocket Lab Launch Complex 1,Electron,Earth Observation
BlackSky Global 19,USA,Commercial,Earth Observation,LEO,Non-Polar Inclined,0.0,55,2023-03-24,LeoStella,Rocket Lab Launch Complex 1,Electron,Earth Observation
BlackSky Global 2,USA,Commercial,Earth Observation,LEO,Sun-Synchronous,0.0,55,2018-12-03,Spaceflight Industries,Vandenberg AFB,Falcon 9,Earth Observation
BlackSky Global 20,USA,Commercial,Earth Observation,LEO,Non-Polar Inclined,0.0,55,2022-04-02,LeoStella,Rocket Lab Launch Complex 1,Electron,Earth Observation
BlackSky Global 3,USA,Commercial,Earth Observation,LEO,Non-Polar Inclined,0.0,56,2019-06-29,Spaceflight Industries,Rocket Lab Launch Complex 1,Electron,Earth Observation
BlackSky Global 4,USA,Commercial,Earth Observation,LEO,Non-Polar Inclined,0.0,56,2019-08-19,Spaceflight Industries,Rocket Lab Launch Complex 1,Electron,Earth Observation
BlackSky Global 7,USA,Commercial,Earth Observation,LEO,Non-Polar Inclined,0.0,56,2020-08-07,LeoStella,Cape Canaveral,Falcon 9,Earth Observation
BlackSky Global 8,USA,Commercial,Earth Observation,LEO,Non-Polar Inclined,0.0,56,2020-08-07,LeoStella,Cape Canaveral,Falcon 9,Earth Observation
BlackSky Global 9,USA,Commercial,Earth Observation,LEO,Non-Polar Inclined,0.0,56,2021-03-22,LeoStella,Rocket Lab Launch Complex 1,Electron,Earth Observation
BlackSky Pathfinder 1,USA,Commercial,Earth Observation,LEO,Sun-Synchronous,0.0,44,2016-09-26,Spaceflight Industries,Satish Dhawan Space Centre,PSLV,Earth Observation
Bluewalker 1,Lithuania,Commercial,Technology Development,LEO,Sun-Synchronous,0.0,10,2019-04-01,NanoAvionics,Satish Dhawan Space Centre,PSLV,Technology Development
Brik-II,Netherlands,Government,Earth Observation,LEO,Non-Polar Inclined,0.0,10,2021-06-30,Solutions in Space,Virgin Orbit,LauncherOne,Earth Observation
BRIO,USA,Commercial,Technology Development,LEO,Sun-Synchronous,0.0,4,2018-12-03,SpaceQuest,Vandenberg AFB,Falcon 9,Technology Development
BRITE-CA-1,Canada,Civil,Space Science,LEO,Sun-Synchronous,0.0,10,2014-06-19,"University of Toronto, Institute for Aerospace Studies",Dombarovsky Air Base,Dnepr,Space Science
BRITE-PL-2,Multinational,Government,Space Science,LEO,Sun-Synchronous,0.0,10,2014-08-19,"Space Research Center, Polish Academy of Sciences",Taiyuan Launch Center,Long March 2B,Space Science
BRO-1,France,Commercial,Earth Observation,LEO,Non-Polar Inclined,0.0,8,2019-08-19,GomSpace ApS,Rocket Lab Launch Complex 1,Electron,Earth Observation
BRO-2,France,Commercial,Earth Observation,LEO,Sun-Synchronous,0.0,8,2020-11-20,Gom Space ApS,Rocket Lab Launch Complex 1,Electron,Earth Observation
BRO-3,France,Commercial,Earth Observation,LEO,Sun-Synchronous,0.0,8,2020-11-20,Gom Space ApS,Rocket Lab Launch Complex 1,Electron,Earth Observation
BRO-4,France,Commercial,Earth Observation,LEO,Sun-Synchronous,0.0,8,2021-08-17,GomSpace ApS,Guiana Space Center,Vega,Earth Observation
BRO-6,France,Commercial,Earth Observation,LEO,Sun-Synchronous,0.0,8,2022-05-02,GomSpace ApS,Rocket Lab Launch Complex 1,Electron,Earth Observation
BRO-7,France,Commercial,Earth Observation,LEO,Sun-Synchronous,0.0,10,2022-04-01,GomSpace ApS,Cape Canaveral,Falcon 9,Earth Observation
BRO-8,France,Commercial,Earth Observation,LEO,Sun-Synchronous,0.0,10,2023-01-03,Gom Space ApS,Cape Canaveral,Falcon 9,Earth Observation
BRO-9,France,Commercial,Earth Observation,LEO,Sun-Synchronous,0.0,10,2023-04-15,Gom Space ApS,Vandenberg AFB,Falcon 9,Earth Observation
Brokkr-1,United Kingdom,Commercial,Technology Development,LEO,Sun-Synchronous,0.0,10,2023-04-15,OrbAstro,Vandeberg AFB,Falcon 9,Technology Development
Buccaneer RMM,Australia,Military/Civil,Technology Development,LEO,,0.0,4,2017-11-18,Defence Science and Technology Group/University of New South Wales,Vandenberg AFB,Delta 2,Technology Development
Bugsat-1,Argentina,Commercial,Technology Development,LEO,Sun-Synchronous,0.0,25,2014-06-19,Satellogic,Dombarovsky Air Base,Dnepr,Technology Development
CACTUS-1,USA,Government/Civil,Technology Development,LEO,Non-Polar Inclined,0.0,4,2021-01-17,USA,FANTM-RAiL [Xtenti],LauncherOne,Technology Development
Calipso,France,Government,Earth Science,LEO,Sun-Synchronous,0.0,587,2006-04-28,Alcatel Alenia Space,Vandenberg AFB,Delta 2,Earth Science
CanX-2,Canada,Government/Civil,Technology Development,LEO,Sun-Synchronous,0.0,7,2008-04-28,University of Toronto Institute for Aerospace Studies,Satish Dhawan Space Centre,PSLV C9,Technology Development
CanX-4,Canada,Government/Civil,Technology Development,LEO,Sun-Synchronous,0.0,15,2014-06-30,University of Toronto Institute for Aerospace Studies,Satish Dhawan Space Centre,PSLV-CA,Technology Development
CanX-5,Canada,Government/Civil,Technology Development,LEO,Sun-Synchronous,0.0,15,2014-06-30,University of Toronto Institute for Aerospace Studies,Satish Dhawan Space Centre,PSLV-CA,Technology Development
CanX-7,Canada,Government/Civil,Technology Development,LEO,Sun-Synchronous,0.0,15,2016-09-26,University of Toronto Institute for Aerospace Studies,Satish Dhawan Space Centre,PSLV,Technology Development
CAPE-3,USA,Civil,Technology Development,LEO,Non-Polar Inclined,0.0,1,2021-01-17,University of Louisiana at Lafayette,FANTM-RAiL [Xtenti],LauncherOne,Technology Development
Capella-8,USA,Commercial,Earth Observation,LEO,Non-Polar Inclined,0.0,112,2023-03-16,Capella Space,Mid-Atlantic Regional Spaceport/Wallops Island,Electron,Earth Observation
Capella-6,USA,Commercial,Earth Observation,LEO,Non-Polar Inclined,0.0,100,2021-05-06,Capella Space,Cape Canaveral,Falcon 9,Earth Observation
Capella-7,USA,Commercial,Earth Observation,LEO,Sun-Synchronous,0.0,112,2022-01-13,Capella Space,Cape Canaveral,Falcon 9,Earth Observation
Capella-8,USA,Commercial,Earth Observation,LEO,Sun-Synchronous,0.0,112,2022-01-13,Capella Space,Cape Canaveral,Falcon 9,Earth Observation
Capella-9,USA,Commercial,Earth Observation,LEO,Non-Polar Inclined,0.0,112,2023-03-16,Capella Space,Mid-Atlantic Regional Spaceport/Wallops Island,Electron,Earth Observation
CartoSat 2,India,Government,Earth Observation,LEO,Sun-Synchronous,0.0,680,2007-01-10,Indian Space Research Organization (ISRO),Satish Dhawan Space Centre,PSLV C7,Earth Observation
CartoSat 2A,India,Military,Earth Observation,LEO,Sun-Synchronous,0.0,680,2008-04-28,Indian Space Research Organization (ISRO),Satish Dhawan Space Centre,PSLV C9,Earth Observation
CartoSat 2B,India,Government,Earth Observation,LEO,Sun-Synchronous,0.0,694,2010-07-12,Indian Space Research Organization (ISRO),Satish Dhawan Space Centre,PSLV,Earth Observation
CartoSat 2C,India,Government,Earth Observation,LEO,Sun-Synchronous,0.0,727,2016-06-22,Indian Space Research Organization (ISRO),Satish Dhawan Space Centre,PSLV XL,Earth Observation
CartoSat 2D,India,Government,Earth Observation,LEO,Sun-Synchronous,0.0,714,2017-02-15,Indian Space Research Organization (ISRO),Satish Dhawan Space Centre,PSLV XL,Earth Observation
CartoSat 2E,India,Government,Earth Observation,LEO,Sun-Synchronous,0.0,712,2017-06-22,Indian Space Research Organization (ISRO),Satish Dhawan Space Centre,PSLV,Earth Observation
CartoSat 2F,India,Government,Earth Observation,LEO,Sun-Synchronous,0.0,712,2018-01-11,Indian Space Research Organization (ISRO),Satish Dhawan Space Centre,PSLV,Earth Observation
CAS500-1,South Korea,Government,Earth Observation,LEO,Sun-Synchronous,0.0,500,2021-03-22,Korea Aerospace Research Institute (KARI),Baikonur Cosmodrome,Soyuz-2.1a,Earth Observation
Cassiope,Canada,Government,Earth Science,LEO,Elliptical,0.0,490,2013-09-29,Canadian Space Agency,Vandenberg AFB,Falcon 9,Earth Science
CBNT-1,United Kingdom,Commercial,Technology Development,LEO,Sun-Synchronous,0.0,91,2015-07-10,Surrey Satellite Technology Ltd.,Satish Dhawan Space Centre,PSLV,Technology Development
CE-SAT-1,Japan,Commercial,Technology Development,LEO,Sun-Synchronous,0.0,3,2017-06-22,Canon Electronics Space Technology Laboratory,Satish Dhawan Space Centre,PSLV,Technology Development
CE-SAT-2B,Japan,Commercial,Technology Demonstration,LEO,Sun-Synchronous,0.0,36,2020-10-28,Canon Electronics Space Technology Laboratory,Rocket Lab Launch Complex 1,Electron,Technology Demonstration
CELTEE-1,USA,Military,Technology Development,LEO,Sun-Synchronous,0.0,3,2016-11-11,M42 Technologies,Vandenberg AFB,Atlas 5,Technology Development
Centauri-1,Australia,Commercial,Communications,LEO,Sun-Synchronous,0.0,4,2018-11-29,Pumpkin Space Systems,Satish Dhawan Space Centre,PSLV,Communications
Centauri-2,Australia,Commercial,Technology Development,LEO,Sun-Synchronous,0.0,4,2018-12-03,Pumpkin Space Systems,Vandenberg AFB,Falcon 9,Technology Development
Centispace-1-S1,China,Commercial,Technology Development,LEO,Sun-Synchronous,0.0,100,2018-09-29,Innovation Academy for Microsatellites,Jiuquan Satellite Launch Center,Kuaizhou,Technology Development
CeReS,USA,Government,Space Science,LEO,Polar,0.0,4,2018-12-16,NASA Goddard Space Flight Center,Rocket Lab Launch Complex 1,Electron,Space Science
CERES,France,Military,Earth Observation,LEO,Polar,0.0,400,2021-11-16,Thales Alenia Space,Guiana Space Center,Vega,Earth Observation
CERES,France,Military,Earth Observation,LEO,Polar,0.0,400,2021-11-16,Thales Alenia Space,Guiana Space Center,Vega,Earth Observation
CERES,France,Military,Earth Observation,LEO,Polar,0.0,400,2021-11-16,Thales Alenia Space,Guiana Space Center,Vega,Earth Observation
Cesium Satellite 1,USA,Military,Technology Development,LEO,Sun-Synchronous,0.0,10,2021-09-27,Cesium Astro,Vandenberg AFB,Atlas 5,Technology Development
Cesium Satellite 2,USA,Military,Technology Development,LEO,Sun-Synchronous,0.0,10,2021-09-27,Cesium Astro,Vandenberg AFB,Atlas 5,Technology Development
CFOSat,China/France,Government,Earth Observation,LEO,Sun-Synchronous,0.0,700,2018-10-28,China Academy of Space Technology (CAST)/National Centre for Space Studies (CNES),Jiuquan Satellite Launch Center,Long March 2C,Earth Observation
Challenge One,Tunisia,Commercial,Technology Development,LEO,Sun-Synchronous,0.0,3,2021-03-22,TELNET Holding,Baikonur Cosmodrome,Soyuz-2.1a,Technology Development
Changshagaoxin ,China,Commercial,Technology Development,LEO,Sun-Synchronous,0.0,8,2018-10-29,Tianyi Research Institute,Jiuquan Satellite Launch Center,Long March 2C,Technology Development
Chao Fenbianlu,China,Government,Earth Observation ,LEO,Sun-Synchronous,0.0,50,2016-12-21,Shanghai Engineering Center for Microsatellites,Jiuquan Satellite Launch Center,Long March 2D,Earth Observation
Chaohu-1,China,Commercial,Earth Observation,LEO,Sun-Synchronous,0.0,325,2022-02-27,Spacety Co. Ltd.,Wenchang Space Center,Long March 8,Earth Observation
CHASE,China,Government,Space Science,LEO,Sun-Synchronous,0.0,500,2021-10-14,Shanghai Institute of Satellite Engineering at the Shanghai Academy of Spaceflight Technology,Taiyuan Launch Center,Long March 2D,Space Science
SDA-0A TPL York-01,USA,Military,Technology Demonstration,LEO,Polar,0.0,150,2023-04-02,York Space Systems,Vandenberg AFB,Falcon 9,Technology Demonstration
SDA-0A TPL York-02,USA,Military,Technology Demonstration,LEO,Polar,0.0,150,2023-04-02,York Space Systems,Vandenberg AFB,Falcon 9,Technology Demonstration
SDA-0A TPL York-03,USA,Military,Technology Demonstration,LEO,Polar,0.0,150,2023-04-02,York Space Systems,Vandenberg AFB,Falcon 9,Technology Demonstration
SDA-0A TPL York-04,USA,Military,Technology Demonstration,LEO,Polar,0.0,150,2023-04-02,York Space Systems,Vandenberg AFB,Falcon 9,Technology Demonstration
SDA-0A TPL York-05,USA,Military,Technology Demonstration,LEO,Polar,0.0,150,2023-04-02,York Space Systems,Vandenberg AFB,Falcon 9,Technology Demonstration
SDA-0A TPL York-06,USA,Military,Technology Demonstration,LEO,Polar,0.0,150,2023-04-02,York Space Systems,Vandenberg AFB,Falcon 9,Technology Demonstration
SDA-0A TPL York-07,USA,Military,Technology Demonstration,LEO,Polar,0.0,150,2023-04-02,York Space Systems,Vandenberg AFB,Falcon 9,Technology Demonstration
SDA-0A TPL York-08,USA,Military,Technology Demonstration,LEO,Polar,0.0,150,2023-04-02,York Space Systems,Vandenberg AFB,Falcon 9,Technology Demonstration
CHEOPS,ESA,Government,Space Science,LEO,Sun-Synchronous,0.0,273,2019-12-18,European Space Agency,Guiana Space Center,Soyuz,Space Science
Chimera LEO-1,Argentina,Commercial,Technology Demonstration,LEO,Sun-Synchronous,0.0,270,2023-01-03,Epic Aerospace,Cape Canaveral,Falcon 9,Technology Demonstration
CHOMPTT,USA,Government/Civil,Technology Development,LEO,Polar,0.0,4,2018-12-16,University of Florida,Rocket Lab Launch Complex 1,Electron,Technology Development
Chuangxin 1-1,China,Government,Communications,LEO,Sun-Synchronous,0.0,100,2003-10-21,Chinese Academy of Sciences,Taiyuan Launch Center,Long March 3B,Communications
Chuangxin 1-2,China,Government,Earth Observation,LEO,Sun-Synchronous,0.0,101,2008-11-05,Chinese Academy of Sciences,Jiuquan Satellite Launch Center,Long March 2D,Earth Observation
Chuangxin 1-3,China,Government,Earth Observation,LEO,Sun-Synchronous,0.0,100,2011-11-20,Chinese Academy of Sciences,Jiuquan Satellite Launch Center,Long March 2D,Earth Observation
Chuangxin 1-4,China,Government,Earth Observation,LEO,Sun-Synchronous,0.0,100,2014-09-04,Chinese Academy of Sciences,Jiuquan Satellite Launch Center,Long March 2D,Earth Observation
Chuangxin-16A,China,Government,Technology Development,LEO,Non-Polar Inclined,0.0,100,2022-08-23,Chinese Academy of Sciences,Xichang Satellite Launch Center,Kuaizhou-1A,Technology Development
Chuangxin-16B,China,Government,Technology Development,LEO,Non-Polar Inclined,0.0,100,2022-08-23,Chinese Academy of Sciences,Xichang Satellite Launch Center,Kuaizhou-1A,Technology Development
Chuangxin-3,China,Government,Technology Development,LEO,Sun-Synchronous,0.0,200,2013-07-19,Chinese Academy of Sciences,Taiyuan Launch Center,Long March 2C,Technology Development
Cicero-10,USA,Commercial,Earth Observation,LEO,Polar,0.0,10,2018-11-10,Tyvak Nanosatellite Systems,Rocket Lab Launch Complex 1,Electron,Earth Observation
Cicero-2,USA,Commercial,Earth Observation,LEO,Sun-Synchronous,0.0,10,2017-07-14,Tyvak Nanosatellite Systems,Baikonur Cosmodrome,Soyuz-2.1a,Earth Observation
Cicero-2 OP2,USA,Commercial,Earth Observation,LEO,Sun-Synchronous,0.0,10,2022-05-25,Tyvak Nanosatellite Systems,Cape Canaveral,Falcon 9,Earth Observation
Cicero-3,USA,Commercial,Earth Observation,LEO,Sun-Synchronous,0.0,10,2017-07-14,Tyvak Nanosatellite Systems,Baikonur Cosmodrome,Soyuz-2.1a,Earth Observation
Cicero-6,USA,Commercial,Earth Observation,LEO,Sun-Synchronous,0.0,10,2017-06-23,Tyvak Nanosatellite Systems,Satish Dhawan Space Centre,PSLV,Earth Observation
Cicero-7,USA,Commercial,Earth Observation,LEO,Sun-Synchronous,0.0,10,2018-01-11,Tyvak Nanosatellite Systems,Satish Dhawan Space Centre,PSLV,Earth Observation
Cicero-8,USA,Commercial,Earth Observation,LEO,Sun-Synchronous,0.0,10,11/29/2018,Tyvak Nanosatellite Systems,Satish Dhawan Space Centre,PSLV,Earth Observation
CINEMA-1,USA,Civil,Space Science,LEO,Non-Polar Inclined,0.0,3,2012-09-13,"Space Sciences Laboratory (SSL) of the University of California Berkeley; Kyung Hee University (KHU), Imperial College London",Vandenberg AFB,Atlas 5,Space Science
CIRBE,USA,Civil,Space Science,LEO,Sun-Synchronous,0.0,5,2023-04-15,"Laboratory for Atmosphere and Space Physics, University of Colorado at Boulder",Vandenberg AFB,Falcon 9,Space Science
CiRiS,USA,Commercial/Civil,Technology Development,LEO,Non-Polar Inclined,0.0,9,2020-01-31,Utah State University/Ball Aerospace/NASA,Cygnus,SEOPS Slingshot Deployer,Technology Development
Cloudsat,USA,Government/Civil,Earth Observation,LEO,Sun-Synchronous,0.0,848,2006-04-28,NASA Jet Propulsion Laboratory,Vandenberg AFB,Delta 2,Earth Observation
CNCE-1,USA,Military,Communications,LEO,,0.0,5,2021-06-30,Unknown,Virgin Orbit,LauncherOne,Communications
CNCE-3,USA,Military,Communications,LEO,,0.0,5,2021-06-30,Unknown,Virgin Orbit,LauncherOne,Communications
Compass-2,Germany,Government/Civil,Technology Development,LEO,Sun-Synchronous,0.0,5,2017-06-23,FH Aachen,Satish Dhawan Space Centre,PSLV,Technology Development
Connecta T1-2,Turkey,Commercial,Communications,LEO,Sun-Synchronous,0.0,10,2023-01-03,Plan-S,Cape Canaveral,Falcon 9,Communications
Connecta T2-1,Turkey,Commercial,Earth Observation,LEO,Sun-Synchronous,0.0,10,2023-04-15,Plan-S,Vandenberg AFB,Falcon 9,Earth Observation
Coriolis,USA,Military,Earth Observation,LEO,Sun-Synchronous,0.0,817,2003-01-06,"Spectrum Astro, Inc.",Vandenberg AFB,Titan 2,Earth Observation
CORVUS BC1,USA,Commercial,Earth Observation,LEO,Sun-Synchronous,0.0,10,2017-07-12,Astro Digital,Baikonur Cosmodrome,Soyuz-2,Earth Observation
CORVUS BC2,USA,Commercial,Earth Observation,LEO,Sun-Synchronous,0.0,10,2017-07-12,Astro Digital,Baikonur Cosmodrome,Soyuz-2,Earth Observation
CORVUS BC3,USA,Commercial,Earth Observation,LEO,Sun-Synchronous,0.0,10,2018-01-12,Astro Digital,Satish Dhawan Space Centre,PSLV,Earth Observation
CORVUS BC4,USA,Commercial,Earth Observation,LEO,Sun-Synchronous,0.0,10,2018-12-03,Astro Digital,Vandenberg AFB,Falcon 9,Earth Observation
CORVUS BC5,USA,Commercial,Earth Observation,LEO,Sun-Synchronous,0.0,10,2020-11-20,Astro Digital,Rocket Lab Launch Complex 1,Electron,Earth Observation
COSMIC 2-1,Taiwan,Government,Earth Observation,LEO,Non-Polar Inclined,0.0,280,2019-06-25,Surrey Satellite Technology Ltd.,Cape Canaveral,Falcon Heavy,Earth Observation
COSMIC 2-2,Taiwan,Government,Earth Observation,LEO,Non-Polar Inclined,0.0,280,2019-06-25,Surrey Satellite Technology Ltd.,Cape Canaveral,Falcon Heavy,Earth Observation
COSMIC 2-3,Taiwan,Government,Earth Observation,LEO,Non-Polar Inclined,0.0,280,2019-06-25,Surrey Satellite Technology Ltd.,Cape Canaveral,Falcon Heavy,Earth Observation
COSMIC 2-4,Taiwan,Government,Earth Observation,LEO,Non-Polar Inclined,0.0,280,2019-06-25,Surrey Satellite Technology Ltd.,Cape Canaveral,Falcon Heavy,Earth Observation
COSMIC 2-5,Taiwan,Government,Earth Observation,LEO,Non-Polar Inclined,0.0,280,2019-06-25,Surrey Satellite Technology Ltd.,Cape Canaveral,Falcon Heavy,Earth Observation
COSMIC 2-6,Taiwan,Government,Earth Observation,LEO,Non-Polar Inclined,0.0,280,2019-06-25,Surrey Satellite Technology Ltd.,Cape Canaveral,Falcon Heavy,Earth Observation
COSMIC-A,Taiwan,Government/Civil,Earth Observation,LEO,Polar,0.0,70,2006-04-15,Orbital Sciences Corp.,Vandenberg AFB,Minotaur-1,Earth Observation
COSMIC-B,Taiwan,Government/Civil,Earth Observation,LEO,Polar,0.0,70,2006-04-15,Orbital Sciences Corp.,Vandenberg AFB,Minotaur-1,Earth Observation
COSMIC-D,Taiwan,Government/Civil,Earth Observation,LEO,Polar,0.0,70,2006-04-15,Orbital Sciences Corp.,Vandenberg AFB,Minotaur-1,Earth Observation
COSMIC-E,Taiwan,Government/Civil,Earth Observation,LEO,Polar,0.0,70,2006-04-15,Orbital Sciences Corp.,Vandenberg AFB,Minotaur-1,Earth Observation
COSMIC-F,Taiwan,Government/Civil,Earth Observation,LEO,Polar,0.0,70,2006-04-15,Orbital Sciences Corp.,Vandenberg AFB,Minotaur-1,Earth Observation
CP-10,USA,Government/Civil,Earth Observation,LEO,Elliptical,0.0,4,2015-01-31,California Polytechnic University/NASA JPL,Vandenberg AFB,Delta 2,Earth Observation
Cryosat-2,ESA,Government,Earth Observation,LEO,Polar,0.0,720,2010-04-08,EADS Astrium,Baikonur Cosmodrome,Dnepr,Earth Observation
CSIM-FD,USA,Civil,Space Science,LEO,Sun-Synchronous,0.0,6,2018-12-03,Blue Canyon Technologies,Vandenberg AFB,Falcon 9,Space Science
Cubebug 2,Argentina,Civil,Technology Development,LEO,Sun-Synchronous,0.0,2,2013-11-21,"Argentinian Ministry of Science, Technology and Productive Innovation",Dombarovsky Air Base,Dnepr,Technology Development
Cubesail T,USA,Civil,Technology Development,LEO,Polar,0.0,3,2018-12-16,University of Illinois Urbana-Champaign,Rocket Lab Launch Complex 1,Electron,Technology Development
CuPID,USA,Government,Earth Science,LEO,Sun-Synchronous,0.0,10,2021-09-27,NASA Goddard Space Flight Center collaborators,Vandenberg AFB,Atlas 5,Earth Science
CUTE,USA,Government,Space Science,LEO,Sun-Synchronous,0.0,10,2021-09-27,"Department of Astrophysical and Planetary Sciences, University of Colorado Boulder",Vandenberg AFB,Atlas 5,Space Science
CYGNSS-A,USA,Government,Earth Observation,LEO,Non-Polar Inclined,0.0,29,2016-12-15,Southwest Research Institute,Orbital ATK L-1011,Pegasus,Earth Observation
CYGNSS-B,USA,Government,Earth Observation,LEO,Non-Polar Inclined,0.0,29,2016-12-15,Southwest Research Institute,Orbital ATK L-1011,Pegasus,Earth Observation
CYGNSS-C,USA,Government,Earth Observation,LEO,Non-Polar Inclined,0.0,29,2016-12-15,Southwest Research Institute,Orbital ATK L-1011,Pegasus,Earth Observation
CYNGSS-D,USA,Government,Earth Observation,LEO,Non-Polar Inclined,0.0,29,2016-12-15,Southwest Research Institute,Orbital ATK L-1011,Pegasus,Earth Observation
CYGNSS-E,USA,Government,Earth Observation,LEO,Non-Polar Inclined,0.0,29,2016-12-15,Southwest Research Institute,Orbital ATK L-1011,Pegasus,Earth Observation
CYGNSS-F,USA,Government,Earth Observation,LEO,Non-Polar Inclined,0.0,29,2016-12-15,Southwest Research Institute,Orbital ATK L-1011,Pegasus,Earth Observation
CYGNSS-G,USA,Government,Earth Observation,LEO,Non-Polar Inclined,0.0,29,2016-12-15,Southwest Research Institute,Orbital ATK L-1011,Pegasus,Earth Observation
CYGNSS-H,USA,Government,Earth Observation,LEO,Non-Polar Inclined,0.0,29,2016-12-15,Southwest Research Institute,Orbital ATK L-1011,Pegasus,Earth Observation
D-Star ONE Sparrow,Germany,Commercial,Technology Development,LEO,Sun-Synchronous,0.0,4,2018-12-27,German Orbital Systems,Vostochny Cosmodrome,Soyuz-2.1a,Technology Development
D2/AtlaCom-1 ,Mexico,Government,Earth Observation,LEO,Sun-Synchronous,0.0,9,2021-06-30,NanoAvionics,Cape Canaveral,Falcon 9,Earth Observation
DaVinci,USA,Civil,Educational,LEO,Polar,0.0,4,2018-12-16,North Idaho STEM Charter Academy,Rocket Lab Launch Complex 1,Electron,Educational
Dayun,China,Commercial,Earth Observation,LEO,Sun-Synchronous,0.0,20,2022-02-27,MinoSpace Technology (?),Wenchang Space Center,Long March 8,Earth Observation
DCBB,China,Civil,Technology Development,LEO,Sun-Synchronous,0.0,3,2015-09-19,Shenzhen Aerospace Dongfanghong HIT Satellite Ltd./CAMSAT,Taiyuan Launch Center,Long March 6,Technology Development
Deimos 1,Spain,Government,Earth Observation,LEO,Sun-Synchronous,0.0,90,2009-07-29,Surrey Satellite Technology Ltd.,Baikonur Cosmodrome,Dnepr,Earth Observation
Deimos 2,Spain,Government,Earth Observation,LEO,Sun-Synchronous,0.0,310,2014-06-19,Satrec Initiative,Dombarovsky Air Base,Dnepr,Earth Observation
Dekart,Russia,Civil,Space Science,LEO,Sun-Synchronous,0.0,5,2020-09-28,German Orbital Systems,Plesetsk Cosmodrome,Soyuz-2.1b,Space Science
Delfi-C3,Netherlands,Civil,Technology Development,LEO,Sun-Synchronous,0.0,7,2008-04-28,Technical University of Delft,Satish Dhawan Space Centre,PSLV C9,Technology Development
DeMi,USA,Civil,Technology Development,LEO,Non-Polar Inclined,0.0,9,2020-07-13,Massachusetts Institute of Technology/Blue Canyon Technologies Inc.,International Space Station,Nanorack Deployer,Technology Development
DEWASAT-2,United Arab Emirates,Government,Earth Observation,LEO,Sun-Synchronous,0.0,10,2023-04-15,NanoAvionics,Vandenberg AFB,Falcon 9,Earth Observation
DhabiSat-1,United Arab Emirates,Civil,Technology Development,LEO,Non-Polar Inclined,0.0,4,2021-02-20,Khalifa University/Yahsat,Antares,Cygnus,Technology Development
DHFR,USA,Military,Technology Development,LEO,Equatorial,0.0,8,2017-08-26,DARPA/University of Utah,Cape Canaveral,Minotaur 4,Technology Development
Diamond Blue,United Kingdom,Commercial,Technology Development,LEO,Sun-Synchronous,0.0,6,2017-06-23,GomSpace ApS,Satish Dhawan Space Centre,PSLV,Technology Development
Diamond Green,United Kingdom,Commercial,Technology Development,LEO,Sun-Synchronous,0.0,6,2017-06-23,GomSpace ApS,Satish Dhawan Space Centre,PSLV,Technology Development
Diamond Red,United Kingdom,Commercial,Technology Development,LEO,Sun-Synchronous,0.0,6,2017-06-23,GomSpace ApS,Satish Dhawan Space Centre,PSLV,Technology Development
Dido-2,Switzerland,Commercial,Technology Development,LEO,Sun-Synchronous,0.0,10,2017-02-15,Innovative Solutions in Space BV,Satish Dhawan Space Centre,PSLV XL,Technology Development
Dido-3,Switzerland,Commercial,Space Science,LEO,Sun-Synchronous,0.0,6,2020-09-02,Innovative Solutions in Space BV,Guiana Space Center,Vega,Space Science
DISCO-1,Denmark,Civil,Space Science,LEO,Sun-Synchronous,0.0,1,2023-04-15,Danish Student Cubesat Programme,Vandenberg AFB,Falcon 9,Space Science
Diwata-2B,Japan,Civil,Earth Observation,LEO,Sun-Synchronous,0.0,56,2018-10-29,PHL Microsat,Tanegashima Space Center,H2A,Earth Observation
DLR Tubsat,Germany,Government,Earth Science,LEO,Sun-Synchronous,0.0,45,1999-05-26,"Institute of Aeronautics and Astronautics, Technical University of Berlin",Satish Dhawan Space Centre,PSLV C2,Earth Science
DMC 3-1,United Kingdom,Commercial,Earth Observation,LEO,Sun-Synchronous,0.0,447,2015-07-10,Surrey Satellite Technology Ltd.,Satish Dhawan Space Centre,PSLV,Earth Observation
DMC 3-2,United Kingdom,Commercial,Earth Observation,LEO,Sun-Synchronous,0.0,447,2015-07-10,Surrey Satellite Technology Ltd.,Satish Dhawan Space Centre,PSLV,Earth Observation
DMC 3-3,United Kingdom,Commercial,Earth Observation,LEO,Sun-Synchronous,0.0,447,2015-07-10,Surrey Satellite Technology Ltd.,Satish Dhawan Space Centre,PSLV,Earth Observation
DMSat-1,United Arab Emirates,Government,Earth Observation,LEO,Sun-Synchronous,0.0,15,2021-03-22,UNITAS Space Flight Laboratory (SFL),Baikonur Cosmodrome,Soyuz-2.1b,Earth Observation
Dodona,USA,Civil/Commercial,Technology Development,LEO,Sun-Synchronous,0.0,5,2022-01-13,Lockheed Martin Missiles & Space,Cape Canaveral,Falcon 9,Technology Development
DoT-1,United Kingdom,Commercial,Technology Development,LEO,Sun-Synchronous,0.0,18,2019-07-05,Surrey Satellite Technology Ltd.,Vostochny Cosmodrome,Soyuz,Technology Development
Dove 3k-10,USA,Commercial,Earth Observation,LEO,Sun-Synchronous,0.0,4,2018-12-27,"Planet Labs, Inc.",Vostochny Cosmodrome,Soyuz-2.1a,Earth Observation
Dove 3k-4,USA,Commercial,Earth Observation,LEO,Sun-Synchronous,0.0,4,2018-12-27,"Planet Labs, Inc.",Vostochny Cosmodrome,Soyuz-2.1a,Earth Observation
Dove 3k-5,USA,Commercial,Earth Observation,LEO,Sun-Synchronous,0.0,4,2018-12-27,"Planet Labs, Inc.",Vostochny Cosmodrome,Soyuz-2.1a,Earth Observation
Dove 3k-7,USA,Commercial,Earth Observation,LEO,Sun-Synchronous,0.0,4,2018-12-27,"Planet Labs, Inc.",Vostochny Cosmodrome,Soyuz-2.1a,Earth Observation
Dove 3k-9,USA,Commercial,Earth Observation,LEO,Sun-Synchronous,0.0,4,2018-12-27,"Planet Labs, Inc.",Vostochny Cosmodrome,Soyuz-2.1a,Earth Observation
Dove 3m-4,USA,Commercial,Earth Observation,LEO,Sun-Synchronous,0.0,4,2017-10-31,"Planet Labs, Inc.",Vandenberg AFB,Minotaur-C,Earth Observation
Dove 3p-11,USA,Commercial,Earth Observation,LEO,Sun-Synchronous,0.0,4,2017-02-14,"Planet Labs, Inc.",Satish Dhawan Space Centre,PSLV,Earth Observation
Dove  3p-12,USA,Commercial,Earth Observation,LEO,Sun-Synchronous,0.0,4,2017-02-14,"Planet Labs, Inc.",Satish Dhawan Space Centre,PSLV,Earth Observation
Dove 3p-2,USA,Commercial,Earth Observation,LEO,Sun-Synchronous,0.0,4,2017-02-14,"Planet Labs, Inc.",Satish Dhawan Space Centre,PSLV,Earth Observation
Dove  3p-23,USA,Commercial,Earth Observation,LEO,Sun-Synchronous,0.0,4,2017-02-14,"Planet Labs, Inc.",Satish Dhawan Space Centre,PSLV,Earth Observation
Dove 3p-37,USA,Commercial,Earth Observation,LEO,Sun-Synchronous,0.0,4,2017-02-14,"Planet Labs, Inc.",Satish Dhawan Space Centre,PSLV,Earth Observation
Dove 3p-32,USA,Commercial,Earth Observation,LEO,Sun-Synchronous,0.0,4,2017-02-14,"Planet Labs, Inc.",Satish Dhawan Space Centre,PSLV,Earth Observation
Dove 3p-33,USA,Commercial,Earth Observation,LEO,Sun-Synchronous,0.0,4,2017-02-14,"Planet Labs, Inc.",Satish Dhawan Space Centre,PSLV,Earth Observation
Dove 3p-34,USA,Commercial,Earth Observation,LEO,Sun-Synchronous,0.0,4,2017-02-14,"Planet Labs, Inc.",Satish Dhawan Space Centre,PSLV,Earth Observation
Dove 3p-4,USA,Commercial,Earth Observation,LEO,Sun-Synchronous,0.0,4,2017-02-14,"Planet Labs, Inc.",Satish Dhawan Space Centre,PSLV,Earth Observation
Dove 3p-46,USA,Commercial,Earth Observation,LEO,Sun-Synchronous,0.0,4,2017-02-14,"Planet Labs, Inc.",Satish Dhawan Space Centre,PSLV,Earth Observation
Dove 3p-49,USA,Commercial,Earth Observation,LEO,Sun-Synchronous,0.0,4,2017-02-14,"Planet Labs, Inc.",Satish Dhawan Space Centre,PSLV,Earth Observation
Dove 3p-50,USA,Commercial,Earth Observation,LEO,Sun-Synchronous,0.0,4,2017-02-14,"Planet Labs, Inc.",Satish Dhawan Space Centre,PSLV,Earth Observation
Dove 3p-54,USA,Commercial,Earth Observation,LEO,Sun-Synchronous,0.0,4,2017-02-14,"Planet Labs, Inc.",Satish Dhawan Space Centre,PSLV,Earth Observation
Dove 3p-55,USA,Commercial,Earth Observation,LEO,Sun-Synchronous,0.0,4,2017-02-14,"Planet Labs, Inc.",Satish Dhawan Space Centre,PSLV,Earth Observation
Dove 3p-57,USA,Commercial,Earth Observation,LEO,Sun-Synchronous,0.0,4,2017-02-14,"Planet Labs, Inc.",Satish Dhawan Space Centre,PSLV,Earth Observation
Dove 3p-58,USA,Commercial,Earth Observation,LEO,Sun-Synchronous,0.0,4,2017-02-14,"Planet Labs, Inc.",Satish Dhawan Space Centre,PSLV,Earth Observation
Dove 3p-61,USA,Commercial,Earth Observation,LEO,Sun-Synchronous,0.0,4,2017-02-14,"Planet Labs, Inc.",Satish Dhawan Space Centre,PSLV,Earth Observation
Dove 3p-64,USA,Commercial,Earth Observation,LEO,Sun-Synchronous,0.0,4,2017-02-14,"Planet Labs, Inc.",Satish Dhawan Space Centre,PSLV,Earth Observation
Dove 3p-65,USA,Commercial,Earth Observation,LEO,Sun-Synchronous,0.0,4,2017-02-14,"Planet Labs, Inc.",Satish Dhawan Space Centre,PSLV,Earth Observation
Dove 3p-66,USA,Commercial,Earth Observation,LEO,Sun-Synchronous,0.0,4,2017-02-14,"Planet Labs, Inc.",Satish Dhawan Space Centre,PSLV,Earth Observation
Dove 3p-74,USA,Commercial,Earth Observation,LEO,Sun-Synchronous,0.0,4,2017-02-14,"Planet Labs, Inc.",Satish Dhawan Space Centre,PSLV,Earth Observation
Dove 3p-76,USA,Commercial,Earth Observation,LEO,Sun-Synchronous,0.0,4,2017-02-14,"Planet Labs, Inc.",Satish Dhawan Space Centre,PSLV,Earth Observation
Dove 3p-80,USA,Commercial,Earth Observation,LEO,Sun-Synchronous,0.0,4,2017-02-14,"Planet Labs, Inc.",Satish Dhawan Space Centre,PSLV,Earth Observation
Dove 3r-1,USA,Commercial,Earth Observation,LEO,Sun-Synchronous,0.0,4,2018-10-29,"Planet Labs, Inc.",Satish Dhawan Space Centre,PSLV,Earth Observation
Dove 3r-11,USA,Commercial,Earth Observation,LEO,Sun-Synchronous,0.0,4,2018-11-29,"Planet Labs, Inc.",Satish Dhawan Space Centre,PSLV,Earth Observation
Dove 3r-12,USA,Commercial,Earth Observation,LEO,Sun-Synchronous,0.0,4,2018-11-29,"Planet Labs, Inc.",Satish Dhawan Space Centre,PSLV,Earth Observation
Dove 3r-4,USA,Commercial,Earth Observation,LEO,Sun-Synchronous,0.0,4,2018-10-29,"Planet Labs, Inc.",Satish Dhawan Space Centre,PSLV,Earth Observation
Dove 3r-7,USA,Commercial,Earth Observation,LEO,Sun-Synchronous,0.0,4,2018-11-29,"Planet Labs, Inc.",Satish Dhawan Space Centre,PSLV,Earth Observation
Dove 3r-7,USA,Commercial,Earth Observation,LEO,Sun-Synchronous,0.0,4,2018-10-29,"Planet Labs, Inc.",Satish Dhawan Space Centre,PSLV,Earth Observation
Dove 3r-9,USA,Commercial,Earth Observation,LEO,Sun-Synchronous,0.0,4,2018-10-29,"Planet Labs, Inc.",Satish Dhawan Space Centre,PSLV,Earth Observation
Dove 3s-1,USA,Commercial,Earth Observation,LEO,Sun-Synchronous,0.0,4,2018-12-03,"Planet Labs, Inc.",Vandenberg AFB,Falcon 9,Earth Observation
Dove 4a-17,USA,Commercial,Earth Observation,LEO,Sun-Synchronous,0.0,4,2019-04-01,"Planet Labs, Inc.",Satish Dhawan Space Centre,PSLV,Earth Observation
Dove 4a-19,USA,Commercial,Earth Observation,LEO,Sun-Synchronous,0.0,4,2019-04-01,"Planet Labs, Inc.",Satish Dhawan Space Centre,PSLV,Earth Observation
Dove 4a-2,USA,Commercial,Earth Observation,LEO,Sun-Synchronous,0.0,4,2019-04-01,"Planet Labs, Inc.",Satish Dhawan Space Centre,PSLV,Earth Observation
Dove 4a-5,USA,Commercial,Earth Observation,LEO,Sun-Synchronous,0.0,4,2019-04-01,"Planet Labs, Inc.",Satish Dhawan Space Centre,PSLV,Earth Observation
Dove 4a-9,USA,Commercial,Earth Observation,LEO,Sun-Synchronous,0.0,4,2019-04-01,"Planet Labs, Inc.",Satish Dhawan Space Centre,PSLV,Earth Observation
Dove 4e'-1,USA,Commercial,Earth Observation,LEO,Sun-Synchronous,0.0,4,2020-10-28,"Planet Labs, Inc.",Rocket Lab Launch Complex 1,Electron,Earth Observation
Dove 4e’-2,USA,Commercial,Earth Observation,LEO,Sun-Synchronous,0.0,4,2020-10-28,"Planet Labs, Inc.",Rocket Lab Launch Complex 1,Electron,Earth Observation
Dove 4e’-3 ,USA,Commercial,Earth Observation,LEO,Sun-Synchronous,0.0,4,2020-10-28,"Planet Labs, Inc.",Rocket Lab Launch Complex 1,Electron,Earth Observation
Dove 4e’-4 ,USA,Commercial,Earth Observation,LEO,Sun-Synchronous,0.0,4,2020-10-28,"Planet Labs, Inc.",Rocket Lab Launch Complex 1,Electron,Earth Observation
Dove 4e’-5 ,USA,Commercial,Earth Observation,LEO,Sun-Synchronous,0.0,4,2020-10-28,"Planet Labs, Inc.",Rocket Lab Launch Complex 1,Electron,Earth Observation
Dove 4e’-6 ,USA,Commercial,Earth Observation,LEO,Sun-Synchronous,0.0,4,2020-10-28,"Planet Labs, Inc.",Rocket Lab Launch Complex 1,Electron,Earth Observation
Dove 4e'-8,USA,Commercial,Earth Observation,LEO,Sun-Synchronous,0.0,4,2020-10-28,"Planet Labs, Inc.",Rocket Lab Launch Complex 1,Electron,Earth Observation
Dove 4e’-8,USA,Commercial,Earth Observation,LEO,Sun-Synchronous,0.0,4,2020-10-28,"Planet Labs, Inc.",Rocket Lab Launch Complex 1,Electron,Earth Observation
Dove 4e’-9 ,USA,Commercial,Earth Observation,LEO,Sun-Synchronous,0.0,4,2020-10-28,"Planet Labs, Inc.",Rocket Lab Launch Complex 1,Electron,Earth Observation
Dove 4p-1,USA,Commercial,Earth Observation,LEO,Sun-Synchronous,0.0,4,2019-11-27,"Planet Labs, Inc.",Satish Dhawan Space Centre,PSLV,Earth Observation
Dove 4p-10,USA,Commercial,Earth Observation,LEO,Sun-Synchronous,0.0,4,2019-11-27,"Planet Labs, Inc.",Satish Dhawan Space Centre,PSLV,Earth Observation
Dove 4p-11,USA,Commercial,Earth Observation,LEO,Sun-Synchronous,0.0,4,2019-11-27,"Planet Labs, Inc.",Satish Dhawan Space Centre,PSLV,Earth Observation
Dove 4p-3,USA,Commercial,Earth Observation,LEO,Sun-Synchronous,0.0,4,2019-11-27,"Planet Labs, Inc.",Satish Dhawan Space Centre,PSLV,Earth Observation
Dove 4p-4,USA,Commercial,Earth Observation,LEO,Sun-Synchronous,0.0,4,2019-11-27,"Planet Labs, Inc.",Satish Dhawan Space Centre,PSLV,Earth Observation
Dove 4p-5,USA,Commercial,Earth Observation,LEO,Sun-Synchronous,0.0,4,2019-11-27,"Planet Labs, Inc.",Satish Dhawan Space Centre,PSLV,Earth Observation
Dove 4p-7,USA,Commercial,Earth Observation,LEO,Sun-Synchronous,0.0,4,2019-11-27,"Planet Labs, Inc.",Satish Dhawan Space Centre,PSLV,Earth Observation
Dove 4s-1 ,USA,Commercial,Earth Observation,LEO,Sun-Synchronous,0.0,4,2021-01-24,"Planet Labs, Inc.",Cape Canaveral,Falcon 9,Earth Observation
Dove 4s-10 ,USA,Commercial,Earth Observation,LEO,Sun-Synchronous,0.0,4,2021-01-24,"Planet Labs, Inc.",Cape Canaveral,Falcon 9,Earth Observation
Dove 4s-11 ,USA,Commercial,Earth Observation,LEO,Sun-Synchronous,0.0,4,2021-01-24,"Planet Labs, Inc.",Cape Canaveral,Falcon 9,Earth Observation
Dove 4s-12 ,USA,Commercial,Earth Observation,LEO,Sun-Synchronous,0.0,4,2021-01-24,"Planet Labs, Inc.",Cape Canaveral,Falcon 9,Earth Observation
Dove 4s-13 ,USA,Commercial,Earth Observation,LEO,Sun-Synchronous,0.0,4,2021-01-24,"Planet Labs, Inc.",Cape Canaveral,Falcon 9,Earth Observation
Dove 4s-14 ,USA,Commercial,Earth Observation,LEO,Sun-Synchronous,0.0,4,2021-01-24,"Planet Labs, Inc.",Cape Canaveral,Falcon 9,Earth Observation
Dove 4s-15 ,USA,Commercial,Earth Observation,LEO,Sun-Synchronous,0.0,4,2021-01-24,"Planet Labs, Inc.",Cape Canaveral,Falcon 9,Earth Observation
Dove 4s-16 ,USA,Commercial,Earth Observation,LEO,Sun-Synchronous,0.0,4,2021-01-24,"Planet Labs, Inc.",Cape Canaveral,Falcon 9,Earth Observation
Dove 4s-17 ,USA,Commercial,Earth Observation,LEO,Sun-Synchronous,0.0,4,2021-01-24,"Planet Labs, Inc.",Cape Canaveral,Falcon 9,Earth Observation
Dove 4s-18 ,USA,Commercial,Earth Observation,LEO,Sun-Synchronous,0.0,4,2021-01-24,"Planet Labs, Inc.",Cape Canaveral,Falcon 9,Earth Observation
Dove 4s-19 ,USA,Commercial,Earth Observation,LEO,Sun-Synchronous,0.0,4,2021-01-24,"Planet Labs, Inc.",Cape Canaveral,Falcon 9,Earth Observation
Dove 4s-2 ,USA,Commercial,Earth Observation,LEO,Sun-Synchronous,0.0,4,2021-01-24,"Planet Labs, Inc.",Cape Canaveral,Falcon 9,Earth Observation
Dove 4s-20 ,USA,Commercial,Earth Observation,LEO,Sun-Synchronous,0.0,4,2021-01-24,"Planet Labs, Inc.",Cape Canaveral,Falcon 9,Earth Observation
Dove 4s-21 ,USA,Commercial,Earth Observation,LEO,Sun-Synchronous,0.0,4,2021-01-24,"Planet Labs, Inc.",Cape Canaveral,Falcon 9,Earth Observation
Dove 4s-22 ,USA,Commercial,Earth Observation,LEO,Sun-Synchronous,0.0,4,2021-01-24,"Planet Labs, Inc.",Cape Canaveral,Falcon 9,Earth Observation
Dove 4s-23 ,USA,Commercial,Earth Observation,LEO,Sun-Synchronous,0.0,4,2021-01-24,"Planet Labs, Inc.",Cape Canaveral,Falcon 9,Earth Observation
Dove 4s-24 ,USA,Commercial,Earth Observation,LEO,Sun-Synchronous,0.0,4,2021-01-24,"Planet Labs, Inc.",Cape Canaveral,Falcon 9,Earth Observation
Dove 4s-25 ,USA,Commercial,Earth Observation,LEO,Sun-Synchronous,0.0,4,2021-01-24,"Planet Labs, Inc.",Cape Canaveral,Falcon 9,Earth Observation
Dove 4s-27 ,USA,Commercial,Earth Observation,LEO,Sun-Synchronous,0.0,4,2021-01-24,"Planet Labs, Inc.",Cape Canaveral,Falcon 9,Earth Observation
Dove 4s-28 ,USA,Commercial,Earth Observation,LEO,Sun-Synchronous,0.0,4,2021-01-24,"Planet Labs, Inc.",Cape Canaveral,Falcon 9,Earth Observation
Dove 4s-3 ,USA,Commercial,Earth Observation,LEO,Sun-Synchronous,0.0,4,2021-01-24,"Planet Labs, Inc.",Cape Canaveral,Falcon 9,Earth Observation
Dove 4s-30 ,USA,Commercial,Earth Observation,LEO,Sun-Synchronous,0.0,4,2021-01-24,"Planet Labs, Inc.",Cape Canaveral,Falcon 9,Earth Observation
Dove 4s-31 ,USA,Commercial,Earth Observation,LEO,Sun-Synchronous,0.0,4,2021-01-24,"Planet Labs, Inc.",Cape Canaveral,Falcon 9,Earth Observation
Dove 4s-33 ,USA,Commercial,Earth Observation,LEO,Sun-Synchronous,0.0,4,2021-01-24,"Planet Labs, Inc.",Cape Canaveral,Falcon 9,Earth Observation
Dove 4s-34 ,USA,Commercial,Earth Observation,LEO,Sun-Synchronous,0.0,4,2021-01-24,"Planet Labs, Inc.",Cape Canaveral,Falcon 9,Earth Observation
Dove 4s-35 ,USA,Commercial,Earth Observation,LEO,Sun-Synchronous,0.0,4,2021-01-24,"Planet Labs, Inc.",Cape Canaveral,Falcon 9,Earth Observation
Dove 4s-36 ,USA,Commercial,Earth Observation,LEO,Sun-Synchronous,0.0,4,2021-01-24,"Planet Labs, Inc.",Cape Canaveral,Falcon 9,Earth Observation
Dove 4s-37 ,USA,Commercial,Earth Observation,LEO,Sun-Synchronous,0.0,4,2021-01-24,"Planet Labs, Inc.",Cape Canaveral,Falcon 9,Earth Observation
Dove 4s-39 ,USA,Commercial,Earth Observation,LEO,Sun-Synchronous,0.0,4,2021-01-24,"Planet Labs, Inc.",Cape Canaveral,Falcon 9,Earth Observation
Dove 4s-4 ,USA,Commercial,Earth Observation,LEO,Sun-Synchronous,0.0,4,2021-01-24,"Planet Labs, Inc.",Cape Canaveral,Falcon 9,Earth Observation
Dove 4s-41 ,USA,Commercial,Earth Observation,LEO,Sun-Synchronous,0.0,4,2021-01-24,"Planet Labs, Inc.",Cape Canaveral,Falcon 9,Earth Observation
Dove 4s-42 ,USA,Commercial,Earth Observation,LEO,Sun-Synchronous,0.0,4,2021-01-24,"Planet Labs, Inc.",Cape Canaveral,Falcon 9,Earth Observation
Dove 4s-43 ,USA,Commercial,Earth Observation,LEO,Sun-Synchronous,0.0,4,2021-01-24,"Planet Labs, Inc.",Cape Canaveral,Falcon 9,Earth Observation
Dove 4s-44 ,USA,Commercial,Earth Observation,LEO,Sun-Synchronous,0.0,4,2021-01-24,"Planet Labs, Inc.",Cape Canaveral,Falcon 9,Earth Observation
Dove 4s-45 ,USA,Commercial,Earth Observation,LEO,Sun-Synchronous,0.0,4,2021-01-24,"Planet Labs, Inc.",Cape Canaveral,Falcon 9,Earth Observation
Dove 4s-46 ,USA,Commercial,Earth Observation,LEO,Sun-Synchronous,0.0,4,2021-01-24,"Planet Labs, Inc.",Cape Canaveral,Falcon 9,Earth Observation
Dove 4s-47 ,USA,Commercial,Earth Observation,LEO,Sun-Synchronous,0.0,4,2021-01-24,"Planet Labs, Inc.",Cape Canaveral,Falcon 9,Earth Observation
Dove 4s-48 ,USA,Commercial,Earth Observation,LEO,Sun-Synchronous,0.0,4,2021-01-24,"Planet Labs, Inc.",Cape Canaveral,Falcon 9,Earth Observation
Dove 4s-5 ,USA,Commercial,Earth Observation,LEO,Sun-Synchronous,0.0,4,2021-01-24,"Planet Labs, Inc.",Cape Canaveral,Falcon 9,Earth Observation
Dove 4s-6 ,USA,Commercial,Earth Observation,LEO,Sun-Synchronous,0.0,4,2021-01-24,"Planet Labs, Inc.",Cape Canaveral,Falcon 9,Earth Observation
Dove 4s-7 ,USA,Commercial,Earth Observation,LEO,Sun-Synchronous,0.0,4,2021-01-24,"Planet Labs, Inc.",Cape Canaveral,Falcon 9,Earth Observation
Dove 4s-8 ,USA,Commercial,Earth Observation,LEO,Sun-Synchronous,0.0,4,2021-01-24,"Planet Labs, Inc.",Cape Canaveral,Falcon 9,Earth Observation
Dove 4s-9 ,USA,Commercial,Earth Observation,LEO,Sun-Synchronous,0.0,4,2021-01-24,"Planet Labs, Inc.",Cape Canaveral,Falcon 9,Earth Observation
Dove 4v-1,USA,Commercial,Earth Observation,LEO,Sun-Synchronous,0.0,4,2020-09-02,"Planet Labs, Inc.",Guiana Space Center,Vega,Earth Observation
Dove 4v-10,USA,Commercial,Earth Observation,LEO,Sun-Synchronous,0.0,4,2020-09-02,"Planet Labs, Inc.",Guiana Space Center,Vega,Earth Observation
Dove 4v-11,USA,Commercial,Earth Observation,LEO,Sun-Synchronous,0.0,4,2020-09-02,"Planet Labs, Inc.",Guiana Space Center,Vega,Earth Observation
Dove 4v-13,USA,Commercial,Earth Observation,LEO,Sun-Synchronous,0.0,4,2020-09-02,"Planet Labs, Inc.",Guiana Space Center,Vega,Earth Observation
Dove 4v-14,USA,Commercial,Earth Observation,LEO,Sun-Synchronous,0.0,4,2020-09-02,"Planet Labs, Inc.",Guiana Space Center,Vega,Earth Observation
Dove 4v-15,USA,Commercial,Earth Observation,LEO,Sun-Synchronous,0.0,4,2020-09-25,"Planet Labs, Inc.",Guiana Space Center,ION SCV Dispenser,Earth Observation
Dove 4v-16,USA,Commercial,Earth Observation,LEO,Sun-Synchronous,0.0,4,2020-09-25,"Planet Labs, Inc.",Guiana Space Center,ION SCV Dispenser,Earth Observation
Dove 4v-17,USA,Commercial,Earth Observation,LEO,Sun-Synchronous,0.0,4,2020-10-02,"Planet Labs, Inc.",Guiana Space Center,ION SCV Dispenser,Earth Observation
Dove 4v-18,USA,Commercial,Earth Observation,LEO,Sun-Synchronous,0.0,4,2020-10-03,"Planet Labs, Inc.",Guiana Space Center,ION SCV Dispenser,Earth Observation
Dove 4v-19,USA,Commercial,Earth Observation,LEO,Sun-Synchronous,0.0,4,2020-10-03,"Planet Labs, Inc.",Guiana Space Center,ION SCV Dispenser,Earth Observation
Dove 4v-20,USA,Commercial,Earth Observation,LEO,Sun-Synchronous,0.0,4,2020-10-03,"Planet Labs, Inc.",Guiana Space Center,ION SCV Dispenser,Earth Observation
Dove 4v-22,USA,Commercial,Earth Observation,LEO,Sun-Synchronous,0.0,4,2020-10-03,"Planet Labs, Inc.",Guiana Space Center,ION SCV Dispenser,Earth Observation
Dove 4v-23,USA,Commercial,Earth Observation,LEO,Sun-Synchronous,0.0,4,2020-10-03,"Planet Labs, Inc.",Guiana Space Center,ION SCV Dispenser,Earth Observation
Dove 4v-24,USA,Commercial,Earth Observation,LEO,Sun-Synchronous,0.0,4,2020-10-03,"Planet Labs, Inc.",Guiana Space Center,ION SCV Dispenser,Earth Observation
Dove 4v-25,USA,Commercial,Earth Observation,LEO,Sun-Synchronous,0.0,4,2020-10-03,"Planet Labs, Inc.",Guiana Space Center,ION SCV Dispenser,Earth Observation
Dove 4v-26,USA,Commercial,Earth Observation,LEO,Sun-Synchronous,0.0,4,2020-10-03,"Planet Labs, Inc.",Guiana Space Center,ION SCV Dispenser,Earth Observation
Dove 4v-4,USA,Commercial,Earth Observation,LEO,Sun-Synchronous,0.0,4,2020-09-02,"Planet Labs, Inc.",Guiana Space Center,Vega,Earth Observation
Dove 4v-5,USA,Commercial,Earth Observation,LEO,Sun-Synchronous,0.0,4,2020-09-02,"Planet Labs, Inc.",Guiana Space Center,Vega,Earth Observation
Dove 4v-6,USA,Commercial,Earth Observation,LEO,Sun-Synchronous,0.0,4,2020-09-02,"Planet Labs, Inc.",Guiana Space Center,Vega,Earth Observation
Dove 4v-7,USA,Commercial,Earth Observation,LEO,Sun-Synchronous,0.0,4,2020-09-02,"Planet Labs, Inc.",Guiana Space Center,Vega,Earth Observation
Dove 4v-8,USA,Commercial,Earth Observation,LEO,Sun-Synchronous,0.0,4,2020-09-02,"Planet Labs, Inc.",Guiana Space Center,Vega,Earth Observation
Dove 4x-1,USA,Commercial,Earth Observation,LEO,Sun-Synchronous,0.0,6,2022-01-13,"Planet Labs, Inc.",Cape Canaveral,Falcon 9,Earth Observation
Dove 4x-10,USA,Commercial,Earth Observation,LEO,Sun-Synchronous,0.0,6,2022-01-13,"Planet Labs, Inc.",Cape Canaveral,Falcon 9,Earth Observation
Dove 4x-11,USA,Commercial,Earth Observation,LEO,Sun-Synchronous,0.0,6,2022-01-13,"Planet Labs, Inc.",Cape Canaveral,Falcon 9,Earth Observation
Dove 4x-12,USA,Commercial,Earth Observation,LEO,Sun-Synchronous,0.0,6,2022-01-13,"Planet Labs, Inc.",Cape Canaveral,Falcon 9,Earth Observation
Dove 4x-13,USA,Commercial,Earth Observation,LEO,Sun-Synchronous,0.0,6,2022-01-13,"Planet Labs, Inc.",Cape Canaveral,Falcon 9,Earth Observation
Dove 4x-14,USA,Commercial,Earth Observation,LEO,Sun-Synchronous,0.0,6,2022-01-13,"Planet Labs, Inc.",Cape Canaveral,Falcon 9,Earth Observation
Dove 4x-15,USA,Commercial,Earth Observation,LEO,Sun-Synchronous,0.0,6,2022-01-13,"Planet Labs, Inc.",Cape Canaveral,Falcon 9,Earth Observation
Dove 4x-16,USA,Commercial,Earth Observation,LEO,Sun-Synchronous,0.0,6,2022-01-13,"Planet Labs, Inc.",Cape Canaveral,Falcon 9,Earth Observation
Dove 4x-17,USA,Commercial,Earth Observation,LEO,Sun-Synchronous,0.0,6,2022-01-13,"Planet Labs, Inc.",Cape Canaveral,Falcon 9,Earth Observation
Dove 4x-18,USA,Commercial,Earth Observation,LEO,Sun-Synchronous,0.0,6,2022-01-13,"Planet Labs, Inc.",Cape Canaveral,Falcon 9,Earth Observation
Dove 4x-19,USA,Commercial,Earth Observation,LEO,Sun-Synchronous,0.0,6,2022-01-13,"Planet Labs, Inc.",Cape Canaveral,Falcon 9,Earth Observation
Dove 4x-2,USA,Commercial,Earth Observation,LEO,Sun-Synchronous,0.0,6,2022-01-13,"Planet Labs, Inc.",Cape Canaveral,Falcon 9,Earth Observation
Dove 4x-20,USA,Commercial,Earth Observation,LEO,Sun-Synchronous,0.0,6,2022-01-13,"Planet Labs, Inc.",Cape Canaveral,Falcon 9,Earth Observation
Dove 4x-21,USA,Commercial,Earth Observation,LEO,Sun-Synchronous,0.0,6,2022-01-13,"Planet Labs, Inc.",Cape Canaveral,Falcon 9,Earth Observation
Dove 4x-22,USA,Commercial,Earth Observation,LEO,Sun-Synchronous,0.0,6,2022-01-13,"Planet Labs, Inc.",Cape Canaveral,Falcon 9,Earth Observation
Dove 4x-24,USA,Commercial,Earth Observation,LEO,Sun-Synchronous,0.0,6,2022-01-13,"Planet Labs, Inc.",Cape Canaveral,Falcon 9,Earth Observation
Dove 4x-25,USA,Commercial,Earth Observation,LEO,Sun-Synchronous,0.0,6,2022-01-13,"Planet Labs, Inc.",Cape Canaveral,Falcon 9,Earth Observation
Dove 4x-26,USA,Commercial,Earth Observation,LEO,Sun-Synchronous,0.0,6,2022-01-13,"Planet Labs, Inc.",Cape Canaveral,Falcon 9,Earth Observation
Dove 4x-28,USA,Commercial,Earth Observation,LEO,Sun-Synchronous,0.0,6,2022-01-13,"Planet Labs, Inc.",Cape Canaveral,Falcon 9,Earth Observation
Dove 4x-29,USA,Commercial,Earth Observation,LEO,Sun-Synchronous,0.0,6,2022-01-13,"Planet Labs, Inc.",Cape Canaveral,Falcon 9,Earth Observation
Dove 4x-3,USA,Commercial,Earth Observation,LEO,Sun-Synchronous,0.0,6,2022-01-13,"Planet Labs, Inc.",Cape Canaveral,Falcon 9,Earth Observation
Dove 4x-30,USA,Commercial,Earth Observation,LEO,Sun-Synchronous,0.0,6,2022-01-13,"Planet Labs, Inc.",Cape Canaveral,Falcon 9,Earth Observation
Dove 4x-31,USA,Commercial,Earth Observation,LEO,Sun-Synchronous,0.0,6,2022-01-13,"Planet Labs, Inc.",Cape Canaveral,Falcon 9,Earth Observation
Dove 4x-32,USA,Commercial,Earth Observation,LEO,Sun-Synchronous,0.0,6,2022-01-13,"Planet Labs, Inc.",Cape Canaveral,Falcon 9,Earth Observation
Dove 4x-34,USA,Commercial,Earth Observation,LEO,Sun-Synchronous,0.0,6,2022-01-13,"Planet Labs, Inc.",Cape Canaveral,Falcon 9,Earth Observation
Dove 4x-35,USA,Commercial,Earth Observation,LEO,Sun-Synchronous,0.0,6,2022-01-13,"Planet Labs, Inc.",Cape Canaveral,Falcon 9,Earth Observation
Dove 4x-36,USA,Commercial,Earth Observation,LEO,Sun-Synchronous,0.0,6,2022-01-13,"Planet Labs, Inc.",Cape Canaveral,Falcon 9,Earth Observation
Dove 4x-37,USA,Commercial,Earth Observation,LEO,Sun-Synchronous,0.0,6,2022-01-13,"Planet Labs, Inc.",Cape Canaveral,Falcon 9,Earth Observation
Dove 4x-38,USA,Commercial,Earth Observation,LEO,Sun-Synchronous,0.0,6,2022-01-13,"Planet Labs, Inc.",Cape Canaveral,Falcon 9,Earth Observation
Dove 4x-39,USA,Commercial,Earth Observation,LEO,Sun-Synchronous,0.0,6,2022-01-13,"Planet Labs, Inc.",Cape Canaveral,Falcon 9,Earth Observation
Dove 4x-4,USA,Commercial,Earth Observation,LEO,Sun-Synchronous,0.0,6,2022-01-13,"Planet Labs, Inc.",Cape Canaveral,Falcon 9,Earth Observation
Dove 4x-40,USA,Commercial,Earth Observation,LEO,Sun-Synchronous,0.0,6,2022-01-13,"Planet Labs, Inc.",Cape Canaveral,Falcon 9,Earth Observation
Dove 4x-41,USA,Commercial,Earth Observation,LEO,Sun-Synchronous,0.0,6,2022-01-13,"Planet Labs, Inc.",Cape Canaveral,Falcon 9,Earth Observation
Dove 4x-42,USA,Commercial,Earth Observation,LEO,Sun-Synchronous,0.0,6,2022-01-13,"Planet Labs, Inc.",Cape Canaveral,Falcon 9,Earth Observation
Dove 4x-43,USA,Commercial,Earth Observation,LEO,Sun-Synchronous,0.0,6,2022-01-13,"Planet Labs, Inc.",Cape Canaveral,Falcon 9,Earth Observation
Dove 4x-44,USA,Commercial,Earth Observation,LEO,Sun-Synchronous,0.0,6,2022-01-13,"Planet Labs, Inc.",Cape Canaveral,Falcon 9,Earth Observation
Dove 4x-5,USA,Commercial,Earth Observation,LEO,Sun-Synchronous,0.0,6,2022-01-13,"Planet Labs, Inc.",Cape Canaveral,Falcon 9,Earth Observation
Dove 4x-6,USA,Commercial,Earth Observation,LEO,Sun-Synchronous,0.0,6,2022-01-13,"Planet Labs, Inc.",Cape Canaveral,Falcon 9,Earth Observation
Dove 4x-7,USA,Commercial,Earth Observation,LEO,Sun-Synchronous,0.0,6,2022-01-13,"Planet Labs, Inc.",Cape Canaveral,Falcon 9,Earth Observation
Dove 4x-8 ,USA,Commercial,Earth Observation,LEO,Sun-Synchronous,0.0,6,2022-01-13,"Planet Labs, Inc.",Cape Canaveral,Falcon 9,Earth Observation
Dove 4x-9,USA,Commercial,Earth Observation,LEO,Sun-Synchronous,0.0,6,2022-01-13,"Planet Labs, Inc.",Cape Canaveral,Falcon 9,Earth Observation
Dove 4y-1,USA,Commercial,Earth Observation,LEO,Sun-Synchronous,0.0,6,2023-01-03,"Planet Labs, Inc.",Cape Canaveral,Falcon 9,Earth Observation
Dove 4y-10,USA,Commercial,Earth Observation,LEO,Sun-Synchronous,0.0,6,2023-01-03,"Planet Labs, Inc.",Cape Canaveral,Falcon 9,Earth Observation
Dove 4y-11,USA,Commercial,Earth Observation,LEO,Sun-Synchronous,0.0,6,2023-01-03,"Planet Labs, Inc.",Cape Canaveral,Falcon 9,Earth Observation
Dove 4y-12,USA,Commercial,Earth Observation,LEO,Sun-Synchronous,0.0,6,2023-01-03,"Planet Labs, Inc.",Cape Canaveral,Falcon 9,Earth Observation
Dove 4y-13,USA,Commercial,Earth Observation,LEO,Sun-Synchronous,0.0,6,2023-01-03,"Planet Labs, Inc.",Cape Canaveral,Falcon 9,Earth Observation
Dove 4y-14,USA,Commercial,Earth Observation,LEO,Sun-Synchronous,0.0,6,2023-01-03,"Planet Labs, Inc.",Cape Canaveral,Falcon 9,Earth Observation
Dove 4y-15,USA,Commercial,Earth Observation,LEO,Sun-Synchronous,0.0,6,2023-01-03,"Planet Labs, Inc.",Cape Canaveral,Falcon 9,Earth Observation
Dove 4y-16,USA,Commercial,Earth Observation,LEO,Sun-Synchronous,0.0,6,2023-01-03,"Planet Labs, Inc.",Cape Canaveral,Falcon 9,Earth Observation
Dove 4y-17,USA,Commercial,Earth Observation,LEO,Sun-Synchronous,0.0,6,2023-01-03,"Planet Labs, Inc.",Cape Canaveral,Falcon 9,Earth Observation
Dove 4y-18,USA,Commercial,Earth Observation,LEO,Sun-Synchronous,0.0,6,2023-01-03,"Planet Labs, Inc.",Cape Canaveral,Falcon 9,Earth Observation
Dove 4y-19,USA,Commercial,Earth Observation,LEO,Sun-Synchronous,0.0,6,2023-01-03,"Planet Labs, Inc.",Cape Canaveral,Falcon 9,Earth Observation
Dove 4y-2,USA,Commercial,Earth Observation,LEO,Sun-Synchronous,0.0,6,2023-01-03,"Planet Labs, Inc.",Cape Canaveral,Falcon 9,Earth Observation
Dove 4y-20,USA,Commercial,Earth Observation,LEO,Sun-Synchronous,0.0,6,2023-01-03,"Planet Labs, Inc.",Cape Canaveral,Falcon 9,Earth Observation
Dove 4y-21,USA,Commercial,Earth Observation,LEO,Sun-Synchronous,0.0,6,2023-01-03,"Planet Labs, Inc.",Cape Canaveral,Falcon 9,Earth Observation
Dove 4y-22,USA,Commercial,Earth Observation,LEO,Sun-Synchronous,0.0,6,2023-01-03,"Planet Labs, Inc.",Cape Canaveral,Falcon 9,Earth Observation
Dove 4y-23,USA,Commercial,Earth Observation,LEO,Sun-Synchronous,0.0,6,2023-01-03,"Planet Labs, Inc.",Cape Canaveral,Falcon 9,Earth Observation
Dove 4y-24,USA,Commercial,Earth Observation,LEO,Sun-Synchronous,0.0,6,2023-01-03,"Planet Labs, Inc.",Cape Canaveral,Falcon 9,Earth Observation
Dove 4y-25,USA,Commercial,Earth Observation,LEO,Sun-Synchronous,0.0,6,2023-01-03,"Planet Labs, Inc.",Cape Canaveral,Falcon 9,Earth Observation
Dove 4y-26,USA,Commercial,Earth Observation,LEO,Sun-Synchronous,0.0,6,2023-01-03,"Planet Labs, Inc.",Cape Canaveral,Falcon 9,Earth Observation
Dove 4y-27,USA,Commercial,Earth Observation,LEO,Sun-Synchronous,0.0,6,2023-01-03,"Planet Labs, Inc.",Cape Canaveral,Falcon 9,Earth Observation
Dove 4y-28,USA,Commercial,Earth Observation,LEO,Sun-Synchronous,0.0,6,2023-01-03,"Planet Labs, Inc.",Cape Canaveral,Falcon 9,Earth Observation
Dove 4y-29,USA,Commercial,Earth Observation,LEO,Sun-Synchronous,0.0,6,2023-01-03,"Planet Labs, Inc.",Cape Canaveral,Falcon 9,Earth Observation
Dove 4y-3,USA,Commercial,Earth Observation,LEO,Sun-Synchronous,0.0,6,2023-01-03,"Planet Labs, Inc.",Cape Canaveral,Falcon 9,Earth Observation
Dove 4y-30,USA,Commercial,Earth Observation,LEO,Sun-Synchronous,0.0,6,2023-01-03,"Planet Labs, Inc.",Cape Canaveral,Falcon 9,Earth Observation
Dove 4y-31,USA,Commercial,Earth Observation,LEO,Sun-Synchronous,0.0,6,2023-01-03,"Planet Labs, Inc.",Cape Canaveral,Falcon 9,Earth Observation
Dove 4y-32,USA,Commercial,Earth Observation,LEO,Sun-Synchronous,0.0,6,2023-01-03,"Planet Labs, Inc.",Cape Canaveral,Falcon 9,Earth Observation
Dove 4y-33,USA,Commercial,Earth Observation,LEO,Sun-Synchronous,0.0,6,2023-01-03,"Planet Labs, Inc.",Cape Canaveral,Falcon 9,Earth Observation
Dove 4y-34,USA,Commercial,Earth Observation,LEO,Sun-Synchronous,0.0,6,2023-01-03,"Planet Labs, Inc.",Cape Canaveral,Falcon 9,Earth Observation
Dove 4y-35,USA,Commercial,Earth Observation,LEO,Sun-Synchronous,0.0,6,2023-01-03,"Planet Labs, Inc.",Cape Canaveral,Falcon 9,Earth Observation
Dove 4y-36,USA,Commercial,Earth Observation,LEO,Sun-Synchronous,0.0,6,2023-01-03,"Planet Labs, Inc.",Cape Canaveral,Falcon 9,Earth Observation
Dove 4y-4,USA,Commercial,Earth Observation,LEO,Sun-Synchronous,0.0,6,2023-01-03,"Planet Labs, Inc.",Cape Canaveral,Falcon 9,Earth Observation
Dove 4y-5,USA,Commercial,Earth Observation,LEO,Sun-Synchronous,0.0,6,2023-01-03,"Planet Labs, Inc.",Cape Canaveral,Falcon 9,Earth Observation
Dove 4-y6,USA,Commercial,Earth Observation,LEO,Sun-Synchronous,0.0,6,2023-01-03,"Planet Labs, Inc.",Cape Canaveral,Falcon 9,Earth Observation
Dove 4y-7,USA,Commercial,Earth Observation,LEO,Sun-Synchronous,0.0,6,2023-01-03,"Planet Labs, Inc.",Cape Canaveral,Falcon 9,Earth Observation
Dove 4y-8,USA,Commercial,Earth Observation,LEO,Sun-Synchronous,0.0,6,2023-01-03,"Planet Labs, Inc.",Cape Canaveral,Falcon 9,Earth Observation
Dove 4y-9,USA,Commercial,Earth Observation,LEO,Sun-Synchronous,0.0,6,2023-01-03,"Planet Labs, Inc.",Cape Canaveral,Falcon 9,Earth Observation
DRUMS,Japan,Commercial,Technology Demonstration,LEO,Sun-Synchronous,0.0,62,2021-11-08,Kawasaki Heavy Industries,Uchinoura Space Center,H2A,Technology Demonstration
DS-EO,Singapore,Military,Earth Observation,LEO,Polar,0.0,365,2022-06-30,Satrec Initiative,Satish Dhawan Space Centre,PSLV,Earth Observation
DSX,USA,Military,Technology Development,MEO,,0.0,600,2019-06-25,Air Force Research Laboratory,Cape Canaveral,Falcon Heavy,Technology Development
DubaiSat-2,United Arab Emirates,Government,Earth Observation,LEO,Sun-Synchronous,0.0,300,2013-11-21,Satrec Initiative,Dombarovsky Air Base,Dnepr,Earth Observation
E-Space 1,USA,Commercial,Technology Development,LEO,Sun-Synchronous,0.0,6,2022-05-02,ESPACE,Rocket Lab Launch Complex 1,Electron,Technology Development
E-Space 2,USA,Commercial,Technology Development,LEO,Sun-Synchronous,0.0,6,2022-05-02,ESPACE,Rocket Lab Launch Complex 1,Electron,Technology Development
E-Space 3,USA,Commercial,Technology Development,LEO,Sun-Synchronous,0.0,6,2022-05-02,ESPACE,Rocket Lab Launch Complex 1,Electron,Technology Development
Eaglet-1,Italy,Commercial,Earth Observation,LEO,Sun-Synchronous,0.0,4,2018-12-03,OHB Italia,Vandenberg AFB,Falcon 9,Earth Observation
Ecuador-UTE,Ecuador,Civil,Technology Development,LEO,Sun-Synchronous,0.0,4,2019-07-05,Ecuador Technical University,Vostochny Cosmodrome,Soyuz-2.1b,Technology Development
El Camino Real,USA,Commercial,Technology Development,LEO,Sun-Synchronous,0.0,20,2019-07-05,Momentus,Vostochny Cosmodrome,Soyuz-2.1b,Technology Development
ELFIN-Star,USA,Commercial/Civil,Space Science,LEO,Polar,0.0,4,2018-09-15,University of California,Vandenberg AFB,Delta 2,Space Science
ELISA-E12,France,Military,Earth Observation,LEO,Sun-Synchronous,0.0,120,2011-12-17,Astrium/Thales Alenia Space,Guiana Space Center,Soyuz-2/Fregat,Earth Observation
ELISA-E24,France,Military,Earth Observation,LEO,Sun-Synchronous,0.0,120,2011-12-17,Astrium/Thales Alenia Space,Guiana Space Center,Soyuz-2/Fregat,Earth Observation
ELISA-W11,France,Military,Earth Observation,LEO,Sun-Synchronous,0.0,120,2011-12-17,Astrium/Thales Alenia Space,Guiana Space Center,Soyuz-2/Fregat,Earth Observation
ELISA-W23,France,Military,Earth Observation,LEO,Sun-Synchronous,0.0,120,2011-12-17,Astrium/Thales Alenia Space,Guiana Space Center,Soyuz-2/Fregat,Earth Observation
ELO-3,France,Commercial,Technology Demonstration,LEO,Sun-Synchronous,0.0,10,2023-04-15,Clyde Space Ltd./EUTELSAT,Vandenberg AFB,Falcon 9,Technology Demonstration
ELSA-d,Singapore,Commercial,Technology Development,LEO,Sun-Synchronous,0.0,175,2021-03-22,Astroscale/Surrey Satellite Technology Ltd.,Baikonur Cosmodrome,Soyuz-2.1b,Technology Development
EMISat,India,Military,Earth Observation,LEO,Sun-Synchronous,0.0,436,2019-04-01,Indian Space Research Organization (ISRO),Satish Dhawan Space Centre,PSLV,Earth Observation
EnMAP,Germany,Government,Earth Observation,LEO,Sun-Synchronous,0.0,980,2022-04-01,OHB System-AG,Cape Canaveral,Falcon 9,Earth Observation
EOS Sat-1,USA,Commercial,Earth Observation,LEO,Sun-Synchronous,0.0,178,2023-01-03,Dragonfly Aerospace,Cape Canaveral,Falcon 9,Earth Observation
EOS-1,India,Military,Earth Observation,LEO,Non-Polar Inclined,0.0,630,2020-11-07,Indian Space Research Organization (ISRO),Satish Dhawan Space Centre,PSLV,Earth Observation
EOS-7,India,Government,Technology Demonstration,LEO,Non-Polar Inclined,0.0,156,2023-02-10,ISRO Satellite Center,Satish Dhawan Space Centre,SSLV,Technology Demonstration
Cosmos 2548,Russia,Military,Technology Development,LEO,Polar,0.0,3,2020-12-03,Unknown,Plesetsk Cosmodrome,Soyuz-2.1b,Technology Development
ERG,Japan,Government,Space Science,Elliptical,,0.0,350,2016-12-20,Japan Aerospace Exploration Agency (JAXA),Uchinoura Space Center,Epsilon,Space Science
EROS B-1,Israel,Military/Commercial,Earth Observation,LEO,Sun-Synchronous,0.0,350,2006-04-25,Israel Aircraft Industries (IAI),Svobodny Cosmodrome,Start 1,Earth Observation
ESAIL,ESA,Government,Earth Observation,LEO,Sun-Synchronous,0.0,112,2020-09-02,LuxSpace,Guiana Space Center,Vega,Earth Observation
ESEO,ESA,Civil,Earth Observation/Earth Science,LEO,Sun-Synchronous,0.0,45,2018-12-03,Carlo Gavazzi Space (CGS) working with network of universities,Vandenberg AFB,Falcon 9,Earth Observation
ET-SMART-RSS,Ethiopia,Government,Earth Observation,LEO,Sun-Synchronous,0.0,9,2020-12-22,Beijing Zhixing Space Technology Co. Ltd,Wenchang Space Center,Long March 8,Earth Observation
ETRSS-1,Ethiopia,Government,Earth Observation,LEO,Sun-Synchronous,0.0,70,2019-12-20,China Academy of Space Technology (CAST),Taiyuan Launch Center,Long March 4B,Earth Observation
Eu:CROPIS,Germany,Government,Technology Development,LEO,Sun-Synchronous,0.0,230,2018-12-03,German Aerospace Center (DLR),Vandenberg AFB,Falcon 9,Technology Development
exactView 6,Canada,Commercial,Communications,LEO,Sun-Synchronous,0.0,12,2011-08-17,SpaceQuest,Dombarovsky Air Base,Dnepr,Communications
exactView 9,Canada,Commercial,Communications,LEO,Equatorial,0.0,6,2015-09-28,Space Flight Laboratory (SFL),Satish Dhawan Space Centre,PSLV C-30,Communications
eXCITE,USA,Military,Technology Development,LEO,Sun-Synchronous,0.0,155,2018-12-03,NovaWurks,Vandenberg AFB,Falcon 9,Technology Development
ExoCube-2,USA,Government/Civil,Space Science,LEO,Non-Polar Inclined,0.0,4,2021-01-17,California Polytechnic Institute,FANTM-RAiL [Xtenti],LauncherOne,Space Science
ExSeedSat-1,India,Commercial,Communications,LEO,Sun-Synchronous,0.0,4,2018-12-03,Amateur Radio enthusiasts,Vandenberg AFB,Falcon 9,Communications
Eyesat,ESA,Government,Space Science,LEO,Sun-Synchronous,0.0,5,2019-12-18,CNES,Guiana Space Center,Soyuz,Space Science
FACSAT-1,Colombia,Military,Earth Observation,LEO,Sun-Synchronous,0.0,5,2018-11-29,GomSpace,Satish Dhawan Space Centre,PSLV,Earth Observation
FACSAT-2,Colombia,Military,Earth Observation,LEO,Sun-Synchronous,0.0,10,2023-04-15,GomSpace,Vandenberg AFB,Falcon 9,Earth Observation
Falconsat-3,USA,Military/Civil,Technology Development,LEO,Non-Polar Inclined,0.0,46,2007-03-09,US Air Force Academy,Cape Canaveral,Atlas 5,Technology Development
Falconsat-6,USA,Military/Civil,Technology Development,LEO,Sun-Synchronous,0.0,181,2018-12-03,US Air Force Academy,Vandenberg AFB,Falcon 9,Technology Development
Falconsat-7,USA,Military/Civil,Technology Development,Elliptical,,0.0,5,2019-06-25,US Air Force Academy,Cape Canaveral,Falcon Heavy,Technology Development
USA 300,USA,Military/Civil,Technology Development,LEO,Non-Polar Inclined,0.0,136,2020-05-17,US Air Force Academy,Cape Canaveral,Atlas 5,Technology Development
Faraday Phoenix,United Kingdom,Commercial,Platform,LEO,Sun-Synchronous,0.0,10,2021-06-30,GomSpace,Cape Canaveral,Falcon 9,Platform
USA 222,USA,Military/Civil,Technology Development,LEO,Polar,0.0,55,2010-11-20,University of Texas - Austin,Kodiak Launch Complex,Minotaur 4,Technology Development
Fengmaniu-1,China,Commercial,Technology Development,LEO,Sun-Synchronous,0.0,3,2018-02-02,Link Space Aerospace Technology,Jiuquan Satellite Launch Center,Long March 2D,Technology Development
Fengniao 1A,China,Government,Technology Development,LEO,Sun-Synchronous,0.0,160,2012-11-20,China Academy of Space Technology (CAST),Taiyuan Launch Center,Long March 2C,Technology Development
FLP,Germany,Civil,Earth Observation/Space Science,LEO,Sun-Synchronous,0.0,120,2017-07-14,University of Stuttgart,Baikonur Cosmodrome,Soyuz-2.1a,Earth Observation
FormoSat-5,Taiwan,Government,Earth Observation,LEO,Sun-Synchronous,0.0,525,2017-08-25,National Space Organization,Vandenberg AFB,Falcon 9,Earth Observation
FORTÉ ,USA,Government,Earth Observation,LEO,Polar,0.0,215,1997-08-29,Los Alamos National Laboratory/Sandia National Laboratory,Vandenberg AFB,Pegasus XL,Earth Observation
Foshan 1,China,Government,Technology Development,LEO,Sun-Synchronous,0.0,70,2021-04-27,Cultivate Space Technology Co.,Taiyuan Launch Center,Long March 6,Technology Development
Fox-1Cliff,USA,Civil,Communications,LEO,Sun-Synchronous,0.0,2,2018-12-03,Radio Amateur Satellite Corporation (AMSAT),Vandenberg AFB,Falcon 9,Communications
FSSCAT-A,ESA,Government,Earth Observation,LEO,Sun-Synchronous,0.0,10,2020-09-02,consortium of European companies and institutes,Guiana Space Center,Vega,Earth Observation
FSSCAT-B,ESA,Government,Earth Observation,LEO,Sun-Synchronous,0.0,10,2020-09-02,consortium of European companies and institutes,Guiana Space Center,Vega,Earth Observation
FUNCube-1 (AO-73),Netherlands,Civil,Communications,LEO,Sun-Synchronous,0.0,1,2013-11-21,AMSAT/UK-AMSAT/NL,Dombarovsky Air Base,Dnepr,Communications
Galileo FOC FM1,ESA,Commercial,Navigation/Global Positioning,Elliptical,Non-Polar Inclined,0.0,733,2014-08-22,"OHB-System GmbH, SSTL ",Guiana Space Center,Soyuz-ST,Navigation/Global Positioning
Galileo FOC FM10,ESA,Commercial,Navigation/Global Positioning,MEO,Non-Polar Inclined,0.0,723,2016-05-24,"OHB-System GmbH, SSTL ",Guiana Space Center,Soyuz-ST,Navigation/Global Positioning
Galileo FOC FM11,ESA,Commercial,Navigation/Global Positioning,MEO,Non-Polar Inclined,0.0,723,2016-05-24,"OHB-System GmbH, SSTL ",Guiana Space Center,Soyuz-ST,Navigation/Global Positioning
Galileo FOC FM12,ESA,Commercial,Navigation/Global Positioning,MEO,Non-Polar Inclined,0.0,723,2016-11-17,"OHB-System GmbH, SSTL ",Guiana Space Center,Ariane 5,Navigation/Global Positioning
Galileo FOC FM13,ESA,Commercial,Navigation/Global Positioning,MEO,Non-Polar Inclined,0.0,723,2016-11-17,"OHB-System GmbH, SSTL ",Guiana Space Center,Ariane 5,Navigation/Global Positioning
Galileo FOC FM14,ESA,Commercial,Navigation/Global Positioning,MEO,Non-Polar Inclined,0.0,723,2016-11-17,"OHB-System GmbH, SSTL ",Guiana Space Center,Ariane 5,Navigation/Global Positioning
Galileo FOC FM15,ESA,Commercial,Navigation/Global Positioning,MEO,Non-Polar Inclined,0.0,715,2017-12-13,"OHB-System GmbH, SSTL ",Guiana Space Center,Ariane 5,Navigation/Global Positioning
Galileo FOC FM16,ESA,Commercial,Navigation/Global Positioning,MEO,Non-Polar Inclined,0.0,715,2017-12-13,"OHB-System GmbH, SSTL ",Guiana Space Center,Ariane 5,Navigation/Global Positioning
Galileo FOC FM17,ESA,Commercial,Navigation/Global Positioning,MEO,Non-Polar Inclined,0.0,715,2017-12-13,"OHB-System GmbH, SSTL ",Guiana Space Center,Ariane 5,Navigation/Global Positioning
Galileo FOC FM18,ESA,Commercial,Navigation/Global Positioning,MEO,Non-Polar Inclined,0.0,715,2017-12-13,"OHB-System GmbH, SSTL ",Guiana Space Center,Ariane 5,Navigation/Global Positioning
Galileo FOC FM19,ESA,Commercial,Navigation/Global Positioning,MEO,Non-Polar Inclined,0.0,715,2018-07-25,"OHB-System GmbH, SSTL",Guiana Space Center,Ariane 5 ES,Navigation/Global Positioning
Galileo FOC FM2,ESA,Commercial,Navigation/Global Positioning,Elliptical,Non-Polar Inclined,0.0,733,2014-08-22,"OHB-System GmbH, SSTL ",Guiana Space Center,Soyuz-ST,Navigation/Global Positioning
Galileo FOC FM20,ESA,Commercial,Navigation/Global Positioning,MEO,Non-Polar Inclined,0.0,715,2018-07-25,"OHB-System GmbH, SSTL",Guiana Space Center,Ariane 5 ES,Navigation/Global Positioning
Galileo FOC FM21,ESA,Commercial,Navigation/Global Positioning,MEO,Non-Polar Inclined,0.0,715,2018-07-25,"OHB-System GmbH, SSTL",Guiana Space Center,Ariane 5 ES,Navigation/Global Positioning
Galileo FOC FM22,ESA,Commercial,Navigation/Global Positioning,MEO,Non-Polar Inclined,0.0,715,2018-07-25,"OHB-System GmbH, SSTL",Guiana Space Center,Ariane 5 ES,Navigation/Global Positioning
Galileo FOC FM23,ESA,Commercial,Navigation/Global Positioning,MEO,Non-Polar Inclined,0.0,733,2021-12-05,"OHB-System GmbH, SSTL",Guiana Space Center,Soyuz-ST,Navigation/Global Positioning
Galileo FOC FM24,ESA,Commercial,Navigation/Global Positioning,MEO,Non-Polar Inclined,0.0,733,2021-12-05,"OHB-System GmbH, SSTL",Guiana Space Center,Soyuz-ST,Navigation/Global Positioning
Galileo FOC FM3,ESA,Commercial,Navigation/Global Positioning,MEO,Non-Polar Inclined,0.0,723,2015-03-27,"OHB-System GmbH, SSTL ",Guiana Space Center,Soyuz-ST,Navigation/Global Positioning
Galileo FOC FM4,ESA,Commercial,Navigation/Global Positioning,MEO,Non-Polar Inclined,0.0,723,2015-03-27,"OHB-System GmbH, SSTL ",Guiana Space Center,Soyuz-ST,Navigation/Global Positioning
Galileo FOC FM5,ESA,Commercial,Navigation/Global Positioning,MEO,Non-Polar Inclined,0.0,723,2015-09-11,"OHB-System GmbH, SSTL ",Guiana Space Center,Soyuz-ST,Navigation/Global Positioning
Galileo FOC FM6,ESA,Commercial,Navigation/Global Positioning,MEO,Non-Polar Inclined,0.0,723,2015-09-11,"OHB-System GmbH, SSTL ",Guiana Space Center,Soyuz-ST,Navigation/Global Positioning
Galileo FOC FM7,ESA,Commercial,Navigation/Global Positioning,MEO,Non-Polar Inclined,0.0,723,2016-11-17,"OHB-System GmbH, SSTL ",Guiana Space Center,Ariane 5,Navigation/Global Positioning
Galileo FOC FM8,ESA,Commercial,Navigation/Global Positioning,MEO,Non-Polar Inclined,0.0,723,2015-12-17,"OHB-System GmbH, SSTL ",Guiana Space Center,Soyuz-ST,Navigation/Global Positioning
Galileo FOC FM9,ESA,Commercial,Navigation/Global Positioning,MEO,Non-Polar Inclined,0.0,723,2015-12-17,"OHB-System GmbH, SSTL ",Guiana Space Center,Soyuz-ST,Navigation/Global Positioning
Galileo IOV-1 FM2,ESA,Commercial,Navigation/Global Positioning,MEO,Non-Polar Inclined,0.0,700,2011-10-21,Astrium/Thales Alenia Space,Guiana Space Center,Soyuz-Fregat,Navigation/Global Positioning
Galileo IOV-1 PFM,ESA,Commercial,Navigation/Global Positioning,MEO,Non-Polar Inclined,0.0,700,2011-10-21,Astrium/Thales Alenia Space,Guiana Space Center,Soyuz-Fregat,Navigation/Global Positioning
Galileo IOV-2 FM3,ESA,Commercial,Navigation/Global Positioning,MEO,Non-Polar Inclined,0.0,700,2012-10-12,EADS Astrium,Guiana Space Center,Soyuz-Fregat,Navigation/Global Positioning
Galileo IOV-2 FM4,ESA,Commercial,Navigation/Global Positioning,MEO,Non-Polar Inclined,0.0,700,2012-10-12,EADS Astrium,Guiana Space Center,Soyuz-Fregat,Navigation/Global Positioning
GAMA Alpha,France,Commercial,Technology Development,LEO,Sun-Synchronous,0.0,10,2023-01-03,Gama,Cape Canaveral,Falcon 9,Technology Development
Gaofen 1-02,China,Government,Earth Observation,LEO,Sun-Synchronous,0.0,805,2018-03-30,China Spacesat,Taiyuan Launch Center,Long March 4C,Earth Observation
Gaofen 1-03,China,Government,Earth Observation,LEO,Sun-Synchronous,0.0,805,2018-03-30,China Spacesat,Taiyuan Launch Center,Long March 4C,Earth Observation
Gaofen 1-04,China,Government,Earth Observation,LEO,Sun-Synchronous,0.0,805,2018-03-30,China Spacesat,Taiyuan Launch Center,Long March 4C,Earth Observation
Gaofen 1-05,China,Government,Earth Observation,LEO,Sun-Synchronous,0.0,805,2018-05-08,China Spacesat,Taiyuan Launch Center,Long March 4C,Earth Observation
Gaofen 7,China,Government,Earth Observation,LEO,Sun-Synchronous,0.0,9,2019-11-03,China Academy of Space Technology (CAST),Taiyuan Launch Center,Long March 4B,Earth Observation
GATOSS,Denmark,Commercial,Technology Development,LEO,Sun-Synchronous,0.0,5,2013-11-21,GomSpace/University of Aalborg,Dombarovsky Air Base,Dnepr,Technology Development
GEARRS-3,USA,Military/Commercial,Communications,LEO,Non-Polar Inclined,0.0,4,2022-01-13,Air Force Research Laboratory,Virgin Orbit,LauncherOne,Communications
GEARRSAT-2,USA,Government,Technology Development,LEO,Non-Polar Inclined,0.0,10,2015-05-20,NearSpace Launch/Air Force Research Laboratory,Cape Canaveral,Atlas 5,Technology Development
GECAM-A,China,Government,Space Science,LEO,Non-Polar Inclined,0.0,150,2020-12-09,Shanghai Institute of Microsatellite Innovation,Xichang Satellite Launch Center,Long March 11,Space Science
GECAM-B,China,Government,Space Science,LEO,Non-Polar Inclined,0.0,150,2020-12-09,Shanghai Institute of Microsatellite Innovation,Xichang Satellite Launch Center,Long March 11,Space Science
GeeSat 5-01 ,China,Commercial,Earth Observation/Navigation,LEO,Non-Polar Inclined,0.0,100,2022-06-02,Geespace,Xichang Satellite Launch Center,Long March 2,Earth Observation
GeeSat 5-02,China,Commercial,Earth Observation/Navigation,LEO,Non-Polar Inclined,0.0,100,2022-06-02,Geespace,Xichang Satellite Launch Center,Long March 2,Earth Observation
GeeSat 5-03,China,Commercial,Earth Observation/Navigation,LEO,Non-Polar Inclined,0.0,100,2022-06-02,Geespace,Xichang Satellite Launch Center,Long March 2,Earth Observation
GeeSat 5-04,China,Commercial,Earth Observation/Navigation,LEO,Non-Polar Inclined,0.0,100,2022-06-02,Geespace,Xichang Satellite Launch Center,Long March 2,Earth Observation
GeeSat 5-05,China,Commercial,Earth Observation/Navigation,LEO,Non-Polar Inclined,0.0,100,2022-06-02,Geespace,Xichang Satellite Launch Center,Long March 2,Earth Observation
GeeSat 5-06,China,Commercial,Earth Observation/Navigation,LEO,Non-Polar Inclined,0.0,100,2022-06-02,Geespace,Xichang Satellite Launch Center,Long March 2,Earth Observation
GeeSat 5-07,China,Commercial,Earth Observation/Navigation,LEO,Non-Polar Inclined,0.0,100,2022-06-02,Geespace,Xichang Satellite Launch Center,Long March 2,Earth Observation
GeeSat 5-08,China,Commercial,Earth Observation/Navigation,LEO,Non-Polar Inclined,0.0,100,2022-06-02,Geespace,Xichang Satellite Launch Center,Long March 2,Earth Observation
GeeSat 5-09,China,Commercial,Earth Observation/Navigation,LEO,Non-Polar Inclined,0.0,100,2022-06-02,Geespace,Xichang Satellite Launch Center,Long March 2,Earth Observation
Cosmos 2517,Russia,Military,Earth Science,LEO,Sun-Synchronous,0.0,900,2016-06-05,ISS Reshetnev,Plesetsk Cosmodrome,Rokot,Earth Science
Cosmos 2540,Russia,Military,Earth Science,LEO,Sun-Synchronous,0.0,900,2019-08-30,ISS Reshetnev,Plesetsk Cosmodrome,Rokot,Earth Science
Geomagnetic Tail Laboratory (Geotail),Multinational,Government,Space Science,Elliptical,Deep Highly Eccentric,0.0,980,1992-07-24,NASA/Goddard Space Flight Center,Cape Canaveral,Delta 2,Space Science
Ghalib,United Arab Emirates,Government,Earth Observation,LEO,Sun-Synchronous,0.0,3,2021-06-30,AIVT by ISISSpace,Cape Canaveral,Falcon 9,Earth Observation
GHGSat-C1,Canada,Commercial,Earth Science,LEO,Sun-Synchronous,0.0,15,2020-09-02,GHGSat,Guiana Space Center,Vega,Earth Science
GHGSat-C2,Canada,Commercial,Earth Science,LEO,Sun-Synchronous,0.0,15,2021-01-24,GHGSat,Cape Canaveral,Falcon 9,Earth Science
GHGSat-C6,Canada,Commercial,Earth Science,LEO,Sun-Synchronous,0.0,15,2023-04-15,GHGSat,Vandenberg AFB,Falcon 9,Earth Science
GHGSat-C7,Canada,Commercial,Earth Science,LEO,Sun-Synchronous,0.0,15,2023-04-15,GHGSat,Vandenberg AFB,Falcon 9,Earth Science
GHGSat-C8,Canada,Commercial,Earth Science,LEO,Sun-Synchronous,0.0,15,2023-04-15,GHGSat,Vandenberg AFB,Falcon 9,Earth Science
GHGSat-D,Canada,Commercial,Earth Science,LEO,Sun-Synchronous,0.0,15,2016-06-22,"University of Toronto, Institute for Aerospace Studies/ Space Flight Laboratory",Satish Dhawan Space Centre,PSLV XL,Earth Science
GHOSt-1,USA,Commercial,Earth Observation,LEO,Sun-Synchronous,0.0,85,2023-04-15,AstroDigital,Vandenberg AFB,Falcon 9,Earth Observation
GHOSt-2,USA,Commercial,Earth Observation,LEO,Sun-Synchronous,0.0,85,2023-04-15,AstroDigital,Vandenberg AFB,Falcon 9,Earth Observation
Globalstar FM15,USA,Commercial,Communications,LEO,Non-Polar Inclined,0.0,715,2022-06-19,Thales Alenia Space,Cape Canaveral,Falcon 9,Communications
Globalstar FM37,USA,Commercial,Communications,LEO,Non-Polar Inclined,0.0,450,1999-03-15,Space Systems/Loral,Baikonur Cosmodrome,Soyuz U,Communications
Globalstar M065,USA,Commercial,Communications,LEO,Non-Polar Inclined,0.0,450,2007-05-29,Space Systems/Loral/Alenia Aerospazio,Baikonur Cosmodrome,Soyuz-Fregat,Communications
Globalstar M066,USA,Commercial,Communications,LEO,Non-Polar Inclined,0.0,450,2007-10-20,Space Systems/Loral/Alenia Aerospazio,Baikonur Cosmodrome,Soyuz-Fregat,Communications
Globalstar M067,USA,Commercial,Communications,LEO,Non-Polar Inclined,0.0,450,2007-10-20,Space Systems/Loral/Alenia Aerospazio,Baikonur Cosmodrome,Soyuz-Fregat,Communications
Globalstar M069,USA,Commercial,Communications,LEO,Non-Polar Inclined,0.0,450,2007-05-29,Space Systems/Loral/Alenia Aerospazio,Baikonur Cosmodrome,Soyuz-Fregat,Communications
Globalstar M070,USA,Commercial,Communications,LEO,Non-Polar Inclined,0.0,450,2007-10-20,Space Systems/Loral/Alenia Aerospazio,Baikonur Cosmodrome,Soyuz-Fregat,Communications
Globalstar M071,USA,Commercial,Communications,LEO,Non-Polar Inclined,0.0,450,2007-05-29,Space Systems/Loral/Alenia Aerospazio,Baikonur Cosmodrome,Soyuz-Fregat,Communications
Globalstar M072,USA,Commercial,Communications,LEO,Non-Polar Inclined,0.0,450,2007-05-29,Space Systems/Loral/Alenia Aerospazio,Baikonur Cosmodrome,Soyuz-Fregat,Communications
Globalstar M073,USA,Commercial,Communications,LEO,Non-Polar Inclined,0.0,700,2010-10-19,Thales Alenia Space,Baikonur Cosmodrome,Soyuz-Fregat,Communications
Globalstar M074,USA,Commercial,Communications,LEO,Non-Polar Inclined,0.0,700,2010-10-19,Thales Alenia Space,Baikonur Cosmodrome,Soyuz-Fregat,Communications
Globalstar M075,USA,Commercial,Communications,LEO,Non-Polar Inclined,0.0,700,2010-10-19,Thales Alenia Space,Baikonur Cosmodrome,Soyuz-Fregat,Communications
Globalstar M076,USA,Commercial,Communications,LEO,Non-Polar Inclined,0.0,700,2010-10-19,Thales Alenia Space,Baikonur Cosmodrome,Soyuz-Fregat,Communications
Globalstar M077,USA,Commercial,Communications,LEO,Non-Polar Inclined,0.0,700,2010-10-19,Thales Alenia Space,Baikonur Cosmodrome,Soyuz-Fregat,Communications
Globalstar M078,USA,Commercial,Communications,LEO,Non-Polar Inclined,0.0,700,2013-02-06,Thales Alenia Space,Baikonur Cosmodrome,Soyuz.2.1a/Fregat,Communications
Globalstar M079,USA,Commercial,Communications,LEO,Non-Polar Inclined,0.0,700,2010-10-19,Thales Alenia Space,Baikonur Cosmodrome,Soyuz-Fregat,Communications
Globalstar M080,USA,Commercial,Communications,LEO,Non-Polar Inclined,0.0,700,2011-12-28,Thales Alenia Space,Baikonur Cosmodrome,Soyuz-2.1a/Fregat,Communications
Globalstar M081,USA,Commercial,Communications,LEO,Non-Polar Inclined,0.0,700,2011-07-13,Thales Alenia Space,Baikonur Cosmodrome,Soyuz-2.1a,Communications
Globalstar M082,USA,Commercial,Communications,LEO,Non-Polar Inclined,0.0,700,2011-12-28,Thales Alenia Space,Baikonur Cosmodrome,Soyuz-2.1a/Fregat,Communications
Globalstar M083,USA,Commercial,Communications,LEO,Non-Polar Inclined,0.0,700,2011-07-13,Thales Alenia Space,Baikonur Cosmodrome,Soyuz-2.1a,Communications
Globalstar M084,USA,Commercial,Communications,LEO,Non-Polar Inclined,0.0,700,2011-12-28,Thales Alenia Space,Baikonur Cosmodrome,Soyuz-2.1a/Fregat,Communications
Globalstar M085,USA,Commercial,Communications,LEO,Non-Polar Inclined,0.0,700,2011-07-13,Thales Alenia Space,Baikonur Cosmodrome,Soyuz-2.1a,Communications
Globalstar M086,USA,Commercial,Communications,LEO,Non-Polar Inclined,0.0,700,2011-12-28,Thales Alenia Space,Baikonur Cosmodrome,Soyuz-2.1a/Fregat,Communications
Globalstar M088,USA,Commercial,Communications,LEO,Non-Polar Inclined,0.0,700,2011-07-13,Thales Alenia Space,Baikonur Cosmodrome,Soyuz-2.1a,Communications
Globalstar M089,USA,Commercial,Communications,LEO,Non-Polar Inclined,0.0,700,2011-07-13,Thales Alenia Space,Baikonur Cosmodrome,Soyuz-2.1a,Communications
Globalstar M090,USA,Commercial,Communications,LEO,Non-Polar Inclined,0.0,700,2011-12-28,Thales Alenia Space,Baikonur Cosmodrome,Soyuz-2.1a/Fregat,Communications
Globalstar M091,USA,Commercial,Communications,LEO,Non-Polar Inclined,0.0,700,2011-07-13,Thales Alenia Space,Baikonur Cosmodrome,Soyuz-2.1a,Communications
Globalstar M092,USA,Commercial,Communications,LEO,Non-Polar Inclined,0.0,700,2011-12-28,Thales Alenia Space,Baikonur Cosmodrome,Soyuz-2.1a/Fregat,Communications
Globalstar M093,USA,Commercial,Communications,LEO,Non-Polar Inclined,0.0,700,2013-02-06,Thales Alenia Space,Baikonur Cosmodrome,Soyuz.2.1a/Fregat,Communications
Globalstar M094,USA,Commercial,Communications,LEO,Non-Polar Inclined,0.0,700,2013-02-06,Thales Alenia Space,Baikonur Cosmodrome,Soyuz.2.1a/Fregat,Communications
Globalstar M095,USA,Commercial,Communications,LEO,Non-Polar Inclined,0.0,700,2013-02-06,Thales Alenia Space,Baikonur Cosmodrome,Soyuz.2.1a/Fregat,Communications
Globalstar M096,USA,Commercial,Communications,LEO,Non-Polar Inclined,0.0,700,2013-02-06,Thales Alenia Space,Baikonur Cosmodrome,Soyuz.2.1a/Fregat,Communications
Globalstar M097,USA,Commercial,Communications,LEO,Non-Polar Inclined,0.0,700,2013-02-06,Thales Alenia Space,Baikonur Cosmodrome,Soyuz.2.1a/Fregat,Communications
Cosmos 2471,Russia,Military/Commercial,Navigation/Global Positioning,MEO,Non-Polar Inclined,0.0,935,2011-02-26,ISS Reshetnev,Plesetsk Cosmodrome,Soyuz-2,Navigation/Global Positioning
Cosmos 2501,Russia,Military/Commercial,Navigation/Global Positioning,MEO,Non-Polar Inclined,0.0,935,2014-12-01,ISS Reshetnev,Plesetsk Cosmodrome,Soyuz-2.1b,Navigation/Global Positioning
Cosmos 2557,Russia,Military/Commercial,Navigation/Global Positioning,MEO,Non-Polar Inclined,0.0,974,2022-07-07,ISS Reshetnev,Plesetsk Cosmodrome,Soyuz-2.1b,Navigation/Global Positioning
GMS-T,Germany,Commercial,Communications,LEO,Polar,0.0,50,2021-01-20,OHB System-AG,Rocket Lab Launch Complex 1,Electron,Communications
GNOMES-1,USA,Commercial,Earth Science,LEO,Sun-Synchronous,0.0,30,2020-08-30,Blue Canyon Technologies,Cape Canaveral,Falcon 9,Earth Science
GNOMES-2,USA,Commercial,Earth Science,LEO,Sun-Synchronous,0.0,30,2021-06-30,Blue Canyon Technologies,Cape Canaveral,Falcon 9,Earth Science
GNOMES-3,USA,Commercial,Earth Science,LEO,Sun-Synchronous,0.0,30,2022-04-01,Blue Canyon Technologies,Cape Canaveral,Falcon 9,Earth Science
Göktürk 2,Turkey,Military,Earth Observation,LEO,Sun-Synchronous,0.0,409,2012-12-18,TÜBİTAK Space Technologies Research Institute/Turkish Aerospace Industries,Jiuquan Satellite Launch Center,Long March 2D,Earth Observation
GomX-4A,Denmark,Military,Earth Observation,LEO,Sun-Synchronous,0.0,8,2018-02-02,GomSpace,Jiuquan Satellite Launch Center,Long March 2D,Earth Observation
GomX-4B,Denmark,Government,Technology Development,LEO,Sun-Synchronous,0.0,8,2018-02-02,GomSpace,Jiuquan Satellite Launch Center,Long March 2D,Technology Development
Gonets M-11,Russia,Commercial,Communications,LEO,Polar,0.0,280,2015-03-31,ISS Reshetnev,Plesetsk Cosmodrome,Rokot,Communications
Gonets M-12,Russia,Commercial,Communications,LEO,Polar,0.0,280,2015-03-31,ISS Reshetnev,Plesetsk Cosmodrome,Rokot,Communications
Gonets M-13,Russia,Commercial,Communications,LEO,Polar,0.0,280,2015-03-31,ISS Reshetnev,Plesetsk Cosmodrome,Rokot,Communications
Gonets M-14,Russia,Commercial,Communications,LEO,Polar,0.0,270,2013-09-11,ISS Reshetnev,Plesetsk Cosmodrome,Rokot,Communications
Gonets M-16,Russia,Commercial,Communications,LEO,Polar,0.0,270,2013-09-11,ISS Reshetnev,Plesetsk Cosmodrome,Rokot,Communications
Gonets M-17,Russia,Commercial,Communications,LEO,Polar,0.0,270,2013-09-11,ISS Reshetnev,Plesetsk Cosmodrome,Rokot,Communications
Gonets M-18,Russia,Commercial,Communications,LEO,Polar,0.0,280,2014-07-03,ISS Reshetnev,Plesetsk Cosmodrome,Rokot,Communications
Gonets M-19,Russia,Commercial,Communications,LEO,Polar,0.0,280,2014-07-03,ISS Reshetnev,Plesetsk Cosmodrome,Rokot,Communications
Gonets M-20,Russia,Commercial,Communications,LEO,Polar,0.0,280,2014-07-03,ISS Reshetnev,Plesetsk Cosmodrome,Rokot,Communications
Gonets-M-24,Russia,Commercial,Communications,LEO,Polar,0.0,280,2019-12-26,ISS Reshetnev,Plesetsk Cosmodrome,Rokot,Communications
Gonets M-25,Russia,Commercial,Communications,LEO,Polar,0.0,280,2019-12-26,ISS Reshetnev,Plesetsk Cosmodrome,Rokot,Communications
Gonets M-26,Russia,Commercial,Communications,LEO,Polar,0.0,280,2019-12-26,ISS Reshetnev,Plesetsk Cosmodrome,Rokot,Communications
Gonets M-27,Russia,Commercial,Communications,LEO,Polar,0.0,280,2020-09-28,ISS Reshetnev,Plesetsk Cosmodrome,Soyuz-2.1b,Communications
Gonets M-28,Russia,Commercial,Communications,LEO,Polar,0.0,280,2020-09-28,ISS Reshetnev,Plesetsk Cosmodrome,Soyuz-2.1b,Communications
Gonets M-29,Russia,Commercial,Communications,LEO,Polar,0.0,280,2020-09-28,ISS Reshetnev,Plesetsk Cosmodrome,Soyuz-2.1b,Communications
Gonets M-30,Russia,Commercial,Communications,LEO,Polar,0.0,280,2020-12-03,ISS Reshetnev,Plesetsk Cosmodrome,Soyuz-2.1b,Communications
Gonets M-31,Russia,Commercial,Communications,LEO,Polar,0.0,280,2020-12-03,ISS Reshetnev,Plesetsk Cosmodrome,Soyuz-2.1b,Communications
Gonets M-32,Russia,Commercial,Communications,LEO,Polar,0.0,280,2020-12-03,ISS Reshetnev,Plesetsk Cosmodrome,Soyuz-2.1b,Communications
Gossamer Piccolomini,USA,Commercial,Earth Observation,LEO,Sun-Synchronous,0.0,1,2022-01-13,Lunasonde,Cape Canaveral,Falcon 9,Earth Observation
Grace Follow-on-1,USA/Germany,Government,Earth Observation,LEO,Polar,0.0,600,2018-05-22,NASA Jet Propulsion Laboratory/Airbus,Vandenberg AFB,Falcon 9,Earth Observation
Grace Follow-on-2,USA/Germany,Government,Earth Observation,LEO,Polar,0.0,600,2018-05-22,NASA Jet Propulsion Laboratory/Airbus,Vandenberg AFB,Falcon 9,Earth Observation
GRUS-1A,Japan,Commercial,Earth Observation,LEO,Sun-Synchronous,0.0,100,2018-12-27,Axelspace,Vostochny Cosmodrome,Soyuz-2.1a,Earth Observation
GRUS-1B,Japan,Commercial,Earth Observation,LEO,Sun-Synchronous,0.0,100,2021-03-22,Axelspace,Baikonur Cosmodrome,Soyuz-2.1a,Earth Observation
GRUS-1C,Japan,Commercial,Earth Observation,LEO,Sun-Synchronous,0.0,100,2021-03-22,Axelspace,Baikonur Cosmodrome,Soyuz-2.1a,Earth Observation
GRUS-1D,Japan,Commercial,Earth Observation,LEO,Sun-Synchronous,0.0,100,2021-03-22,Axelspace,Baikonur Cosmodrome,Soyuz-2.1a,Earth Observation
GRUS-1E,Japan,Commercial,Earth Observation,LEO,Sun-Synchronous,0.0,100,2021-03-22,Axelspace,Baikonur Cosmodrome,Soyuz-2.1a,Earth Observation
USA 254,USA,Military,Space Observation,GEO,,144.14,500,2014-07-28,Orbital Sciences Corp.,Cape Canaveral,Delta 4M,Space Observation
USA 270,USA,Military,Space Observation,GEO,,-111.17,500,2016-08-19,Orbital ATK,Cape Canaveral,Delta 4M+,Space Observation
USA 271,USA,Military,Space Observation,GEO,,-126.25,500,2016-08-19,Orbital ATK,Cape Canaveral,Delta 4M+,Space Observation
USA 324,USA,Military,Space Observation,GEO,,-95.0,500,2022-01-21,Northrup Grumman,Cape Canaveral,Atlas 5,Space Observation
USA 325,USA,Military,Space Observation,GEO,,-95.0,500,2022-01-21,Northrup Grumman,Cape Canaveral,Atlas 5,Space Observation
Gunsmoke-J1     ,USA,Military,Earth Observation,LEO,Non-Polar Inclined,0.0,5,2021-03-22,U.S. Army’s Space and Missile Defense Command/TSEPT,Rocket Lab Launch Complex 1,Electron,Earth Observation
Gunsmoke-J2,USA,Military,Earth Observation,LEO,Non-Polar Inclined,0.0,5,2021-02-20,U.S. Army's Space and Missile Defense Command/TSEPT,Wallops Island Flight Facility,Cygnus,Earth Observation
Gunsmoke-J4,USA,Military,Earth Observation,LEO,Non-Polar Inclined,0.0,4,2021-06-30,U.S. Army’s Space and Missile Defense Command/TSEPT,Virgin Orbit,LauncherOne,Earth Observation
Hainan-1-01,China,Government,Earth Observation,LEO,Sun-Synchronous,0.0,55,2022-02-27,Shenzhen Aerospace Dongfanghong Satellite Co. Ltd.,Wenchang Space Center,Long March 8,Earth Observation
Hainan-1-02,China,Government,Earth Observation,LEO,Sun-Synchronous,0.0,65,2022-02-27,Shenzhen Aerospace Dongfanghong Satellite Co. Ltd.,Wenchang Space Center,Long March 8,Earth Observation
Haiyang 1C,China,Government,Earth Observation,LEO,Sun-Synchronous,0.0,442,2018-09-07,China Academy of Space Technology (CAST),Taiyuan Launch Center,Long March 2C,Earth Observation
Haiyang 1D,China,Government,Earth Observation,LEO,Sun-Synchronous,0.0,442,2020-06-10,DFH Satellite Co. Ltd.,Taiyuan Launch Center,Long March 2C,Earth Observation
Halo-NET Free Flyer,USA,Military,Communications,LEO,Non-Polar Inclined,0.0,4,2021-06-30,Unknown,Virgin Orbit,LauncherOne,Communications
Hangsheng 1,China,Commercial,Technology Development,LEO,Sun-Synchronous,0.0,37,2021-04-27,"Hunan Hangsheng Satellite Technology Co., Ltd.",Taiyuan Launch Center,Long March 6,Technology Development
Harbinger,USA,Military,Technology Development,LEO,Non-Polar Inclined,0.0,150,2019-05-05,York Space Systems,Rocket Lab Launch Complex 1,Electron,Technology Development
Hawk-2A,USA,Commercial,Surveillance,LEO,Sun-Synchronous,0.0,15,2021-01-24,Unitas SFL/HawkEye 360,Cape Canaveral,Falcon 9/Sherpa FX,Surveillance
Hawk-2B,USA,Commercial,Surveillance,LEO,Sun-Synchronous,0.0,15,2021-01-24,Unitas SFL/HawkEye 360,Cape Canaveral,Falcon 9/Sherpa FX,Surveillance
Hawk-2C,USA,Commercial,Surveillance,LEO,Sun-Synchronous,0.0,15,2021-01-24,Unitas SFL/HawkEye 360,Cape Canaveral,Falcon 9/Sherpa FX,Surveillance
Hawk-3A,USA,Commercial,Surveillance,LEO,Sun-Synchronous,0.0,15,2021-06-30,Unitas SFL/HawkEye 360,Cape Canaveral,Falcon 9/Sherpa FX,Surveillance
Hawk-3B,USA,Commercial,Surveillance,LEO,Sun-Synchronous,0.0,15,2021-06-30,Unitas SFL/HawkEye 360,Cape Canaveral,Falcon 9/Sherpa FX,Surveillance
Hawk-3C,USA,Commercial,Surveillance,LEO,Sun-Synchronous,0.0,15,2021-06-30,Unitas SFL/HawkEye 360,Cape Canaveral,Falcon 9/Sherpa FX,Surveillance
Hawk-4A,USA,Commercial,Surveillance,LEO,Sun-Synchronous,0.0,15,2022-04-01,Unitas SFL/HawkEye 360,Cape Canaveral,Falcon 9,Surveillance
Hawk-4B,USA,Commercial,Surveillance,LEO,Sun-Synchronous,0.0,15,2022-04-01,Unitas SFL/HawkEye 360,Cape Canaveral,Falcon 9,Surveillance
Hawk-4C,USA,Commercial,Surveillance,LEO,Sun-Synchronous,0.0,15,2022-04-01,Unitas SFL/HawkEye 360,Cape Canaveral,Falcon 9,Surveillance
Hawk-6A,USA,Commercial,Surveillance,LEO,Non-Polar Inclined,0.0,31,2023-01-24,Unitas SFL/HawkEye 360,Mid-Atlantic Regional Spaceport/Wallops Island,Electron,Surveillance
Hawk-6B,USA,Commercial,Surveillance,LEO,Non-Polar Inclined,0.0,31,2023-01-24,Unitas SFL/HawkEye 360,Mid-Atlantic Regional Spaceport/Wallops Island,Electron,Surveillance
Hawk-6C,USA,Commercial,Surveillance,LEO,Non-Polar Inclined,0.0,31,2023-01-24,Unitas SFL/HawkEye 360,Mid-Atlantic Regional Spaceport/Wallops Island,Electron,Surveillance
Hawk-7A,USA,Commercial,Surveillance,LEO,Sun-Synchronous,0.0,31,2023-04-15,Unitas SFL/HawkEye 360,Vandenberg AFB,Falcon 9,Surveillance
Hawk-7B,USA,Commercial,Surveillance,LEO,Sun-Synchronous,0.0,31,2023-04-15,Unitas SFL/HawkEye 360,Vandenberg AFB,Falcon 9,Surveillance
Hawk-7C,USA,Commercial,Surveillance,LEO,Sun-Synchronous,0.0,31,2023-04-15,Unitas SFL/HawkEye 360,Vandenberg AFB,Falcon 9,Surveillance
Hawk-A,USA,Commercial,Surveillance,LEO,Sun-Synchronous,0.0,15,2018-12-03,GomSpace/Unitas SFL,Vandenberg AFB,Falcon 9,Surveillance
Hawk-B,USA,Commercial,Surveillance,LEO,Sun-Synchronous,0.0,15,2018-12-03,GomSpace/Unitas SFL,Vandenberg AFB,Falcon 9,Surveillance
Hawk-C,USA,Commercial,Surveillance,LEO,Sun-Synchronous,0.0,15,2018-12-03,GomSpace/Unitas SFL,Vandenberg AFB,Falcon 9,Surveillance
HEAD-1,China,Commercial,Earth Observation,LEO,Sun-Synchronous,0.0,45,2017-11-14,Shanghai Academy of Spaceflight Technology (SAST),Taiyuan Launch Center,Long March 4C,Earth Observation
HEAD-2A,China,Commercial,Earth Observation,LEO,Sun-Synchronous,0.0,45,2019-12-07,HEAD Aerospace,Taiyuan Launch Center,Kuaizhou 1A,Earth Observation
HEAD-2B,China,Commercial,Earth Observation,LEO,Sun-Synchronous,0.0,45,2019-12-07,HEAD Aerospace,Taiyuan Launch Center,Kuaizhou 1A,Earth Observation
HEAD-2E,China,Commercial,Earth Observation,LEO,Sun-Synchronous,0.0,45,2021-10-14,HEAD Aerospace,Taiyuan Launch Center,Long March 4D,Earth Observation
HEAD-2F,China,Commercial,Earth Observation,LEO,Sun-Synchronous,0.0,45,2021-10-14,HEAD Aerospace,Taiyuan Launch Center,Long March 2D,Earth Observation
HEAD-4,China,Commercial,Earth Observation,LEO,Sun-Synchronous,0.0,45,2020-05-31,HEAD Aerospace,Jiuquan Satellite Launch Center,Long March 2D,Earth Observation
HEAD-5,China,Commercial,Earth Observation,LEO,Sun-Synchronous,0.0,45,2020-06-17,HEAD Aerospace,Jiuquan Satellite Launch Center,Long March 2D,Earth Observation
Hibari,Japan,Civil,Technology Demonstration,LEO,Sun-Synchronous,0.0,55,2021-11-08,Tokyo Institute of Technology,Uchinoura Space Center,H2A,Technology Demonstration
Hiber-1,Netherlands,Commercial,Technology Development,LEO,,0.0,4,2018-11-29,Hiber Global,Satish Dhawan Space Centre,PSLV,Technology Development
Hiber-2,Netherlands,Commercial,Technology Development,LEO,,0.0,7,2018-12-03,Hiber Global,Vandenberg AFB,Falcon 9,Technology Development
Hiber-3,Netherlands,Commercial,Technology Development,LEO,Sun-Synchronous,0.0,4,2021-03-22,Hiber Global,Baikonur Cosmodrome,Soyuz-2.1b,Technology Development
Hiber-4,Netherlands,Commercial,Technology Development,LEO,Sun-Synchronous,0.0,3,2021-01-24,Hiber Global,Cape Canaveral,Falcon 9,Technology Development
Hinode,Multinational,Government,Space Science,LEO,Sun-Synchronous,0.0,700,2006-10-22,"Institute of Space and Aeronautical Science, University of Tokyo/NASA",Uchinoura Space Center,JAXA M-V,Space Science
Hisaki,Japan,Government,Space Science,Elliptical,,0.0,348,2013-09-14,NEC Corporation,Uchinoura Space Center,Epsilon,Space Science
Hisea-1,China,Commercial,Earth Observation,LEO,Sun-Synchronous,0.0,180,2020-12-22,Spacety,Wenchang Space Center,Long March 8,Earth Observation
HJ-1A,China,Government,Earth Observation,LEO,Sun-Synchronous,0.0,470,2008-09-05,China Academy of Space Technology (CAST)/DFH Satellite Co. Ltd.,Taiyuan Launch Center,Long March 2C,Earth Observation
HJ-1B,China,Government,Earth Observation,LEO,Sun-Synchronous,0.0,470,2008-09-05,China Academy of Space Technology (CAST)/DFH Satellite Co. Ltd.,Taiyuan Launch Center,Long March 2C,Earth Observation
Hodoyoshi-3,Japan,Government,Technology Development,LEO,Sun-Synchronous,0.0,60,2014-06-19,University of Tokyo,Dombarovsky Air Base,Dnepr,Technology Development
Hodoyoshi-4,Japan,Government,Technology Development,LEO,Sun-Synchronous,0.0,60,2014-06-19,University of Tokyo,Dombarovsky Air Base,Dnepr,Technology Development
Hongtu 1-01,Australia,Commercial,Earth Observation,LEO,Sun-Synchronous,0.0,320,2023-03-30,YINHE,Taiyuan Launch Center,Long March 2D,Earth Observation
Hongtu 1-02,Australia,Commercial,Earth Observation,LEO,Sun-Synchronous,0.0,270,2023-03-30,YINHE,Taiyuan Launch Center,Long March 2D,Earth Observation
Hongtu 1-03,Australia,Commercial,Earth Observation,LEO,Sun-Synchronous,0.0,270,2023-03-30,YINHE,Taiyuan Launch Center,Long March 2D,Earth Observation
Hongtu 1-04,Australia,Commercial,Earth Observation,LEO,Sun-Synchronous,0.0,270,2023-03-30,YINHE,Taiyuan Launch Center,Long March 2D,Earth Observation
Horus-1,Egypt,Government,Earth Observation,LEO,Sun-Synchronous,0.0,330,2023-02-24,DFH Satellite Co. Ltd.,Jiuquan Satellite Launch Center,Long March 2,Earth Observation
Horus-2,Egypt,Government,Earth Observation,LEO,Sun-Synchronous,0.0,330,2023-03-13,DFH Satellite Co. Ltd.,Jiuquan Satellite Launch Center,Long March 2,Earth Observation
Horyu-2,Japan,Civil,Technology Development,LEO,Sun-Synchronous,0.0,7,2012-05-17,Kyushu Institute of Technology (KIT),Tanegashima Space Center,H2A,Technology Development
HSAT-1,USA,Commercial,Communications,LEO,Sun-Synchronous,0.0,4,2018-11-29,Harris Corporation,Satish Dhawan Space Centre,PSLV,Communications
Huangpu-1,China,Commercial,Communications,LEO,Sun-Synchronous,0.0,50,2019-11-03,Shanghai Lizheng Satellite Application Technology,Taiyuan Launch Center,Long March 4B,Communications
Huia'an,China,Civil,Technology Development,LEO,Sun-Synchronous,0.0,3,2018-01-18,Huaian Youth Comprehensive Development Base,Jiuquan Satellite Launch Center,Long March 11,Technology Development
Huygens,Norway,Military,Earth Observation,LEO,Sun-Synchronous,0.0,10,2023-01-03,"Norwegian Defence Research Establishment (FFI)/Netherlands NLR, TNO)",Cape Canaveral,Falcon 9,Earth Observation
HySIS,India,Government,Earth Observation,LEO,Sun-Synchronous,0.0,380,2018-11-29,Indian Space Research Organization (ISRO),Satish Dhawan Space Centre,PSLV,Earth Observation
ICEYE-X1,Finland,Commercial,Earth Observation,LEO,Sun-Synchronous,0.0,80,2018-01-12,ICEYE Ltd.,Satish Dhawan Space Centre,PSLV,Earth Observation
ICEYE-X10 ,Finland,Commercial,Earth Observation,LEO,Sun-Synchronous,0.0,80,2021-01-24,ICEYE Ltd.,Cape Canaveral,Falcon 9,Earth Observation
ICEYE-X11,Finland,Commercial,Earth Observation,LEO,Sun-Synchronous,0.0,80,2021-06-30,ICEYE Ltd.,Cape Canaveral,Falcon 9,Earth Observation
ICEYE-X12,Finland,Commercial,Earth Observation,LEO,Sun-Synchronous,0.0,80,2021-06-30,ICEYE Ltd.,Cape Canaveral,Falcon 9,Earth Observation
ICEYE-X13,Finland,Commercial,Earth Observation,LEO,Sun-Synchronous,0.0,80,2021-06-30,ICEYE Ltd.,Cape Canaveral,Falcon 9,Earth Observation
ICEYE-X14,Finland,Commercial,Earth Observation,LEO,Sun-Synchronous,0.0,80,2022-01-13,ICEYE Ltd.,Cape Canaveral,Falcon 9,Earth Observation
ICEYE-X15,Finland,Commercial,Earth Observation,LEO,Sun-Synchronous,0.0,80,2021-06-30,ICEYE Ltd.,Cape Canaveral,Falcon 9,Earth Observation
ICEYE-X16,Finland,Commercial,Earth Observation,LEO,Sun-Synchronous,0.0,80,2022-01-13,ICEYE Ltd.,Cape Canaveral,Falcon 9,Earth Observation
ICEYE-X17,Finland,Commercial,Earth Observation,LEO,Sun-Synchronous,0.0,80,2022-05-25,ICEYE Ltd.,Cape Canaveral,Falcon 9,Earth Observation
ICEYE-X18,Finland,Commercial,Earth Observation,LEO,Sun-Synchronous,0.0,80,2022-05-25,ICEYE Ltd.,Cape Canaveral,Falcon 9,Earth Observation
ICEYE-X19,Finland,Commercial,Earth Observation,LEO,Sun-Synchronous,0.0,80,2022-05-25,ICEYE Ltd.,Cape Canaveral,Falcon 9,Earth Observation
ICEYE-X2,Finland,Commercial,Earth Observation,LEO,Sun-Synchronous,0.0,80,2018-12-03,ICEYE Ltd.,Vandenberg AFB,Falcon 9,Earth Observation
ICEYE-X20,Finland,Commercial,Earth Observation,LEO,Sun-Synchronous,0.0,80,2022-05-25,ICEYE Ltd.,Cape Canaveral,Falcon 9,Earth Observation
ICEYE-X21,Finland,Commercial,Earth Observation,LEO,Sun-Synchronous,0.0,80,2023-01-03,ICEYE Ltd.,Cape Canaveral,Falcon 9,Earth Observation
ICEYE-X24,Finland,Commercial,Earth Observation,LEO,Sun-Synchronous,0.0,80,2022-05-25,ICEYE Ltd.,Cape Canaveral,Falcon 9,Earth Observation
ICEYE-X27,Finland,Commercial,Earth Observation,LEO,Sun-Synchronous,0.0,80,2023-01-03,ICEYE Ltd.,Cape Canaveral,Falcon 9,Earth Observation
ICEYE-X4,Finland,Commercial,Earth Observation,LEO,Sun-Synchronous,0.0,80,2019-07-05,ICEYE Ltd.,Vostochny Cosmodrome,Soyuz-2.1b,Earth Observation
ICEYE-X5,Finland,Commercial,Earth Observation,LEO,Sun-Synchronous,0.0,80,2019-07-05,ICEYE Ltd.,Vostochny Cosmodrome,Soyuz-2.1b,Earth Observation
ICEYE-X6,Finland,Commercial,Earth Observation,LEO,Sun-Synchronous,0.0,80,2020-09-28,ICEYE Ltd.,Plesetsk Cosmodrome,Soyuz-2.1b,Earth Observation
ICEYE-X7,Finland,Commercial,Earth Observation,LEO,Sun-Synchronous,0.0,80,2020-09-28,ICEYE Ltd.,Plesetsk Cosmodrome,Soyuz-2.1b,Earth Observation
ICEYE-X8,Finland,Commercial,Earth Observation,LEO,Sun-Synchronous,0.0,80,2021-01-24,ICEYE Ltd.,Cape Canaveral,Falcon 9,Earth Observation
ICEYE-X9,Finland,Commercial,Earth Observation,LEO,Sun-Synchronous,0.0,80,2021-01-24,ICEYE Ltd.,Cape Canaveral,Falcon 9,Earth Observation
ICON,USA,Government,Space Science,LEO,Non-Polar Inclined,0.0,288,2019-10-11,National Aeronautics and Space Administration (NASA),Stargazer L-1011,Pegasus,Space Science
İMECE,Turkey,Civil,Earth Observation,LEO,Sun-Synchronous,0.0,800,2023-04-15,TÜBİTAK Space Technologies Research Institute,Vandenberg AFB,Falcon 9,Earth Observation
INNOSat-2,Malaysia,Government,Technology Development,LEO,Sun-Synchronous,0.0,4,2018-11-29,ATSB,Satish Dhawan Space Centre,PSLV,Technology Development
INS-1A,India,Government,Earth Observation,LEO,Sun-Synchronous,0.0,8,2017-02-15,ISRO Satellite Center,Satish Dhawan Space Centre,PSLV XL,Earth Observation
INS-1B,India,Government,Earth Observation,LEO,Sun-Synchronous,0.0,8,2017-02-15,ISRO Satellite Center,Satish Dhawan Space Centre,PSLV XL,Earth Observation
INS-1C,India,Government,Technology Development,LEO,Sun-Synchronous,0.0,5,2018-01-11,ISRO Satellite Center,Satish Dhawan Space Centre,PSLV,Technology Development
INS-2TD,India,Government,Earth Observation,LEO,Sun-Synchronous,0.0,18,2022-02-14,ISRO Satellite Center,Satish Dhawan Space Centre,PSLV-XL,Earth Observation
InspireSat-1,USA/India/Singapore/Taiwan,Civil/Government,Earth Science,LEO,Sun-Synchronous,0.0,8,2022-02-14,University of Colorado’s Laboratory for Atmospheric and Space Physics/Indian Institute of Space Science and Technology,Satish Dhawan Space Centre,PSLV XL,Earth Science
InspireSat-7,France,Government,Earth/Space Observation,LEO,Sun-Synchronous,0.0,3,2023-04-15,NRS Lab Atmospheres/Innovative Solutions In Space B.V.  ,Vandenberg AFB,Falcon 9,Earth/Space Observation
Interstellar Boundary Explorer,USA,Government,Space Science,Elliptical,Deep Highly Eccentric,0.0,462,2008-10-19,Orbital Sciences Corp.,Kwajalein Island,Pegasus XL,Space Science
ION SVC Lucas,Italy,Commercial,Technology Demonstration,LEO,Sun-Synchronous,0.0,150,2020-09-02,D-Orbit,Guiana Space Center,Vega,Technology Demonstration
Iridium Next 102,USA,Government/Commercial,Communications,LEO,Polar,0.0,860,2017-01-14,Thales Alenia Space/Orbital ATK,Vandenberg AFB,Falcon 9,Communications
Iridium Next 103,USA,Government/Commercial,Communications,LEO,Polar,0.0,860,2017-01-14,Thales Alenia Space/Orbital ATK,Vandenberg AFB,Falcon 9,Communications
Iridium Next 104,USA,Government/Commercial,Communications,LEO,Polar,0.0,860,2017-01-14,Thales Alenia Space/Orbital ATK,Vandenberg AFB,Falcon 9,Communications
Iridium Next 105,USA,Government/Commercial,Communications,LEO,Polar,0.0,860,2017-01-14,Thales Alenia Space/Orbital ATK,Vandenberg AFB,Falcon 9,Communications
Iridium Next 106,USA,Government/Commercial,Communications,LEO,Polar,0.0,860,2017-01-14,Thales Alenia Space/Orbital ATK,Vandenberg AFB,Falcon 9,Communications
Iridium Next 107,USA,Government/Commercial,Communications,LEO,Polar,0.0,860,2017-10-09,Thales Alenia Space/Orbital ATK,Vandenberg AFB,Falcon 9,Communications
Iridium Next 108,USA,Government/Commercial,Communications,LEO,Polar,0.0,860,2017-01-14,Thales Alenia Space/Orbital ATK,Vandenberg AFB,Falcon 9,Communications
Iridium Next 109,USA,Government/Commercial,Communications,LEO,Polar,0.0,860,2017-01-14,Thales Alenia Space/Orbital ATK,Vandenberg AFB,Falcon 9,Communications
Iridium Next 110,USA,Government/Commercial,Communications,LEO,Polar,0.0,860,2018-05-22,Thales Alenia Space/Orbital ATK,Vandenberg AFB,Falcon 9,Communications
Iridium Next 111,USA,Government/Commercial,Communications,LEO,Polar,0.0,860,2017-01-14,Thales Alenia Space/Orbital ATK,Vandenberg AFB,Falcon 9,Communications
Iridium Next 112,USA,Government/Commercial,Communications,LEO,Polar,0.0,860,2017-01-14,Thales Alenia Space/Orbital ATK,Vandenberg AFB,Falcon 9,Communications
Iridium Next 113,USA,Government/Commercial,Communications,LEO,Polar,0.0,860,2017-06-25,Thales Alenia Space/Orbital ATK,Vandenberg AFB,Falcon 9,Communications
Iridium Next 114,USA,Government/Commercial,Communications,LEO,Polar,0.0,860,2017-01-14,Thales Alenia Space/Orbital ATK,Vandenberg AFB,Falcon 9,Communications
Iridium Next 115,USA,Government/Commercial,Communications,LEO,Polar,0.0,860,2017-06-25,Thales Alenia Space/Orbital ATK,Vandenberg AFB,Falcon 9,Communications
Iridium Next 116,USA,Government/Commercial,Communications,LEO,Polar,0.0,860,2017-12-23,Thales Alenia Space/Orbital ATK,Vandenberg AFB,Falcon 9,Communications
Iridium Next 117,USA,Government/Commercial,Communications,LEO,Polar,0.0,860,2017-06-25,Thales Alenia Space/Orbital ATK,Vandenberg AFB,Falcon 9,Communications
Iridium Next 118,USA,Government/Commercial,Communications,LEO,Polar,0.0,860,2017-06-25,Thales Alenia Space/Orbital ATK,Vandenberg AFB,Falcon 9,Communications
Iridium Next 119,USA,Government/Commercial,Communications,LEO,Polar,0.0,860,2017-10-09,Thales Alenia Space/Orbital ATK,Vandenberg AFB,Falcon 9,Communications
Iridium Next 120,USA,Government/Commercial,Communications,LEO,Polar,0.0,860,2017-06-25,Thales Alenia Space/Orbital ATK,Vandenberg AFB,Falcon 9,Communications
Iridium Next 121,USA,Government/Commercial,Communications,LEO,Polar,0.0,860,2017-06-25,Thales Alenia Space/Orbital ATK,Vandenberg AFB,Falcon 9,Communications
Iridium Next 122,USA,Government/Commercial,Communications,LEO,Polar,0.0,860,2017-10-09,Thales Alenia Space/Orbital ATK,Vandenberg AFB,Falcon 9,Communications
Iridium Next 123,USA,Government/Commercial,Communications,LEO,Polar,0.0,860,2017-06-25,Thales Alenia Space/Orbital ATK,Vandenberg AFB,Falcon 9,Communications
Iridium Next 124,USA,Government/Commercial,Communications,LEO,Polar,0.0,860,2017-06-25,Thales Alenia Space/Orbital ATK,Vandenberg AFB,Falcon 9,Communications
Iridium Next 125,USA,Government/Commercial,Communications,LEO,Polar,0.0,860,2017-10-09,Thales Alenia Space/Orbital ATK,Vandenberg AFB,Falcon 9,Communications
Iridium Next 126,USA,Government/Commercial,Communications,LEO,Polar,0.0,860,2017-06-25,Thales Alenia Space/Orbital ATK,Vandenberg AFB,Falcon 9,Communications
Iridium Next 127,USA,Government/Commercial,Communications,LEO,Polar,0.0,860,2017-10-09,Thales Alenia Space/Orbital ATK,Vandenberg AFB,Falcon 9,Communications
Iridium Next 128,USA,Government/Commercial,Communications,LEO,Polar,0.0,860,2017-06-25,Thales Alenia Space/Orbital ATK,Vandenberg AFB,Falcon 9,Communications
Iridium Next 129,USA,Government/Commercial,Communications,LEO,Polar,0.0,860,2017-10-09,Thales Alenia Space/Orbital ATK,Vandenberg AFB,Falcon 9,Communications
Iridium Next 130,USA,Government/Commercial,Communications,LEO,Polar,0.0,860,2017-12-23,Thales Alenia Space/Orbital ATK,Vandenberg AFB,Falcon 9,Communications
Iridium Next 131,USA,Government/Commercial,Communications,LEO,Polar,0.0,860,2017-12-23,Thales Alenia Space/Orbital ATK,Vandenberg AFB,Falcon 9,Communications
Iridium Next 132,USA,Government/Commercial,Communications,LEO,Polar,0.0,860,2017-10-09,Thales Alenia Space/Orbital ATK,Vandenberg AFB,Falcon 9,Communications
Iridium Next 133,USA,Government/Commercial,Communications,LEO,Polar,0.0,860,2017-10-09,Thales Alenia Space/Orbital ATK,Vandenberg AFB,Falcon 9,Communications
Iridium Next 134,USA,Government/Commercial,Communications,LEO,Polar,0.0,860,2017-12-23,Thales Alenia Space/Orbital ATK,Vandenberg AFB,Falcon 9,Communications
Iridium Next 135,USA,Government/Commercial,Communications,LEO,Polar,0.0,860,2017-12-23,Thales Alenia Space/Orbital ATK,Vandenberg AFB,Falcon 9,Communications
Iridium Next 136,USA,Government/Commercial,Communications,LEO,Polar,0.0,860,2017-10-09,Thales Alenia Space/Orbital ATK,Vandenberg AFB,Falcon 9,Communications
Iridium Next 137,USA,Government/Commercial,Communications,LEO,Polar,0.0,860,2017-12-23,Thales Alenia Space/Orbital ATK,Vandenberg AFB,Falcon 9,Communications
Iridium Next 138,USA,Government/Commercial,Communications,LEO,Polar,0.0,860,2017-12-23,Thales Alenia Space/Orbital ATK,Vandenberg AFB,Falcon 9,Communications
Iridium Next 139,USA,Government/Commercial,Communications,LEO,Polar,0.0,860,2017-10-09,Thales Alenia Space/Orbital ATK,Vandenberg AFB,Falcon 9,Communications
Iridium Next 140,USA,Government/Commercial,Communications,LEO,Polar,0.0,860,2018-03-30,Thales Alenia Space/Orbital ATK,Vandenberg AFB,Falcon 9,Communications
Iridium Next 141,USA,Government/Commercial,Communications,LEO,Polar,0.0,860,2017-12-23,Thales Alenia Space/Orbital ATK,Vandenberg AFB,Falcon 9,Communications
Iridium  Next 142,USA,Government/Commercial,Communications,LEO,Polar,0.0,860,2018-03-30,Thales Alenia Space/Orbital ATK,Vandenberg AFB,Falcon 9,Communications
Iridium Next 143,USA,Government/Commercial,Communications,LEO,Polar,0.0,860,2018-03-30,Thales Alenia Space/Orbital ATK,Vandenberg AFB,Falcon 9,Communications
Iridium Next 144,USA,Government/Commercial,Communications,LEO,Polar,0.0,860,2018-03-30,Thales Alenia Space/Orbital ATK,Vandenberg AFB,Falcon 9,Communications
Iridium Next 145,USA,Government/Commercial,Communications,LEO,Polar,0.0,860,2018-03-30,Thales Alenia Space/Orbital ATK,Vandenberg AFB,Falcon 9,Communications
Iridium Next 146,USA,Government/Commercial,Communications,LEO,Polar,0.0,860,2018-03-30,Thales Alenia Space/Orbital ATK,Vandenberg AFB,Falcon 9,Communications
Iridium Next 147,USA,Government/Commercial,Communications,LEO,Polar,0.0,860,2018-05-22,Thales Alenia Space/Orbital ATK,Vandenberg AFB,Falcon 9,Communications
Iriidium Next 148,USA,Government/Commercial,Communications,LEO,Polar,0.0,860,2018-03-30,Thales Alenia Space/Orbital ATK,Vandenberg AFB,Falcon 9,Communications
Iridium Next 149,USA,Government/Commercial,Communications,LEO,Polar,0.0,860,2018-03-30,Thales Alenia Space/Orbital ATK,Vandenberg AFB,Falcon 9,Communications
Iridium Next 150,USA,Government/Commercial,Communications,LEO,Polar,0.0,860,2018-03-30,Thales Alenia Space/Orbital ATK,Vandenberg AFB,Falcon 9,Communications
Iridium Next 151,USA,Government/Commercial,Communications,LEO,Polar,0.0,860,2017-12-23,Thales Alenia Space/Orbital ATK,Vandenberg AFB,Falcon 9,Communications
Iridium Next 152,USA,Government/Commercial,Communications,LEO,Polar,0.0,860,2018-05-22,Thales Alenia Space/Orbital ATK,Vandenberg AFB,Falcon 9,Communications
Iridium Next 153,USA,Government/Commercial,Communications,LEO,Polar,0.0,860,2017-12-23,Thales Alenia Space/Orbital ATK,Vandenberg AFB,Falcon 9,Communications
Iridium Next 154,USA,Government/Commercial,Communications,LEO,Polar,0.0,860,2018-07-25,Thales Alenia Space/Orbital ATK,Vandenberg AFB,Falcon 9,Communications
Iridium Next 155,USA,Government/Commercial,Communications,LEO,Polar,0.0,860,2018-07-25,Thales Alenia Space/Orbital ATK,Vandenberg AFB,Falcon 9,Communications
Iridium Next 156,USA,Government/Commercial,Communications,LEO,Polar,0.0,860,2018-07-25,Thales Alenia Space/Orbital ATK,Vandenberg AFB,Falcon 9,Communications
Iridium Next 157,USA,Government/Commercial,Communications,LEO,Polar,0.0,860,2018-03-30,Thales Alenia Space/Orbital ATK,Vandenberg AFB,Falcon 9,Communications
Iridium Next 158,USA,Government/Commercial,Communications,LEO,Polar,0.0,860,2018-07-25,Thales Alenia Space/Orbital ATK,Vandenberg AFB,Falcon 9,Communications
Iridum Next 159,USA,Government/Commercial,Communications,LEO,Polar,0.0,860,2018-07-25,Thales Alenia Space/Orbital ATK,Vandenberg AFB,Falcon 9,Communications
Iridium Next 160,USA,Government/Commercial,Communications,LEO,Polar,0.0,860,2018-07-25,Thales Alenia Space/Orbital ATK,Vandenberg AFB,Falcon 9,Communications
Iridium Next 161,USA,Government/Commercial,Communications,LEO,Polar,0.0,860,2018-05-22,Thales Alenia Space/Orbital ATK,Vandenberg AFB,Falcon 9,Communications
Iridium Next 162,USA,Government/Commercial,Communications,LEO,Polar,0.0,860,2018-05-22,Thales Alenia Space/Orbital ATK,Vandenberg AFB,Falcon 9,Communications
Iridium Next 163,USA,Government/Commercial,Communications,LEO,Polar,0.0,860,2018-07-25,Thales Alenia Space/Orbital ATK,Vandenberg AFB,Falcon 9,Communications
Iridium Next 164,USA,Government/Commercial,Communications,LEO,Polar,0.0,860,2018-07-25,Thales Alenia Space/Orbital ATK,Vandenberg AFB,Falcon 9,Communications
Iridium Next 165,USA,Government/Commercial,Communications,LEO,Polar,0.0,860,2018-07-25,Thales Alenia Space/Orbital ATK,Vandenberg AFB,Falcon 9,Communications
Iridium Next 166,USA,Government/Commercial,Communications,LEO,Polar,0.0,860,2018-07-25,Thales Alenia Space/Orbital ATK,Vandenberg AFB,Falcon 9,Communications
Iridium Next 167,USA,Government/Commercial,Communications,LEO,Polar,0.0,860,2019-01-11,Thales Alenia Space/Orbital ATK,Vandenberg AFB,Falcon 9,Communications
Iridium Next 168,USA,Government/Commercial,Communications,LEO,Polar,0.0,860,2019-01-11,Thales Alenia Space/Orbital ATK,Vandenberg AFB,Falcon 9,Communications
Iridium Next 169,USA,Government/Commercial,Communications,LEO,Polar,0.0,860,2019-01-11,Thales Alenia Space/Orbital ATK,Vandenberg AFB,Falcon 9,Communications
Iridium Next 170,USA,Government/Commercial,Communications,LEO,Polar,0.0,860,2019-01-11,Thales Alenia Space/Orbital ATK,Vandenberg AFB,Falcon 9,Communications
Iridium Next 171,USA,Government/Commercial,Communications,LEO,Polar,0.0,860,2019-01-11,Thales Alenia Space/Orbital ATK,Vandenberg AFB,Falcon 9,Communications
Iridium Next 172,USA,Government/Commercial,Communications,LEO,Polar,0.0,860,2019-01-11,Thales Alenia Space/Orbital ATK,Vandenberg AFB,Falcon 9,Communications
Iridium Next 173,USA,Government/Commercial,Communications,LEO,Polar,0.0,860,2019-01-11,Thales Alenia Space/Orbital ATK,Vandenberg AFB,Falcon 9,Communications
Iridium Next 175,USA,Government/Commercial,Communications,LEO,Polar,0.0,860,2019-01-11,Thales Alenia Space/Orbital ATK,Vandenberg AFB,Falcon 9,Communications
Iridium Next 176,USA,Government/Commercial,Communications,LEO,Polar,0.0,860,2019-01-11,Thales Alenia Space/Orbital ATK,Vandenberg AFB,Falcon 9,Communications
Iridium Next 180,USA,Government/Commercial,Communications,LEO,Polar,0.0,860,2019-01-11,Thales Alenia Space/Orbital ATK,Vandenberg AFB,Falcon 9,Communications
IRIS,USA,Government,Space Science,LEO,Sun-Synchronous,0.0,236,2013-06-28,Lockheed Martin Space Systems Advanced Technology Center (ATC),Vandenberg AFB,L1011,Space Science
IRIS-C,Taiwan,Government,Space Science,LEO,Sun-Synchronous,0.0,3,2023-04-15,National Center for Atmospheric Research (NCKU),Vandenberg AFB,Falcon 9,Space Science
ISARA,USA,Government,Technology Development,LEO,Non-Polar Inclined,0.0,5,2017-12-07,NASA Small Satellite Technology Program,Cygnus,Nanorack Deployer,Technology Development
iSat,Czech Republic,Commercial,Communications,LEO,Sun-Synchronous,0.0,4,2018-12-27,German Orbital Systems,Vostochny Cosmodrome,Soyuz-2.1a,Communications
ISX,USA,Government/Civil,Space Science,LEO,Polar,0.0,4,2018-12-16,SRI International/CalPoly,Rocket Lab Launch Complex 1,Electron,Space Science
It's About Time,USA,Commercial,Technology Development,LEO,Sun-Synchronous,0.0,4,2023-04-15,TrustPoint Inc.,Vandenberg AFB,Falcon 9,Technology Development
ITU-pSAT1,Turkey,Civil,Technology Development,LEO,Sun-Synchronous,0.0,1,2009-09-23,ITU Space Systems Design & Test Laboratory,Satish Dhawan Space Centre,PSLV,Technology Development
IXPE,USA,Government,Space Science,LEO,,0.0,330,2021-12-09,Ball Aerospace,Cape Canaveral,Falcon 9,Space Science
JAISAT-1,Thailand,Civil,Communications,LEO,Sun-Synchronous,0.0,1,2019-07-05,German Orbital Systems,Vostochny Cosmodrome,Soyuz-2.1b,Communications
Jason 3,USA/France,Government,Earth Observation,LEO,Non-Polar Inclined,0.0,553,2016-01-17,Thales Alenia Space,Vandenberg AFB,Falcon 9,Earth Observation
Jiading-1,China,Commercial,Communications,LEO,Sun-Synchronous,0.0,45,2018-11-19,Shanghai Ok Space Co Ltd.,Jiuquan Satellite Launch Center,Long March 2D,Communications
Jilin-1,China,Commercial,Earth Observation,LEO,Non-Polar Inclined,0.0,42,2019-06-05,Chang Guang Satellite Technology Co. Ltd.,Yellow Sea Launch Platform,Long March 11,Earth Observation
Jilin-1,China,Commercial,Earth Observation,LEO,Sun-Synchronous,0.0,95,2015-10-07,Chang Guang Satellite Technology Co. Ltd.,Jiuquan Satellite Launch Center,Long March 2D,Earth Observation
Jilin-1,China,Commercial,Earth Observation,LEO,Sun-Synchronous,0.0,95,2015-10-07,Chang Guang Satellite Technology Co. Ltd.,Jiuquan Satellite Launch Center,Long March 2D,Earth Observation
Jilin-1 GaoFen 02A,China,Commercial,Earth Observation,LEO,Sun-Synchronous,0.0,95,2019-11-13,Chang Guang Satellite Technology Co. Ltd.,Jiuquan Satellite Launch Center,Kuaizhou 1A,Earth Observation
Jilin-1 GaoFen 02B,China,Commercial,Earth Observation,LEO,Sun-Synchronous,0.0,95,2019-12-07,Chang Guang Satellite Technology Co. Ltd.,Jiuquan Satellite Launch Center,Kuaizhou 1A,Earth Observation
Jilin-1 GaoFen 02D ,China,Commercial,Earth Observation,LEO,Sun-Synchronous,0.0,230,2021-09-27,Chang Guang Satellite Technology Co. Ltd.,Jiuquan Satellite Launch Center,Kuaizhou 1A,Earth Observation
Jilin 1 GaoFen 02F,China,Commercial,Earth Observation,LEO,Sun-Synchronous,0.0,230,2021-10-27,Chang Guang Satellite Technology Co. Ltd.,Jiuquan Satellite Launch Center,Kuaizhou 1A,Earth Observation
Jilin-1 GaoFen 03B-01 ,China,Commercial,Earth Observation,LEO,Sun-Synchronous,0.0,40,2020-09-14,Chang Guang Satellite Technology Co. Ltd.,Yellow Sea Launch Platform,Long March 11,Earth Observation
Jilin-1 GaoFen 03B-02 ,China,Commercial,Earth Observation,LEO,Sun-Synchronous,0.0,40,2020-09-14,Chang Guang Satellite Technology Co. Ltd.,Yellow Sea Launch Platform,Long March 11,Earth Observation
Jilin-1 GaoFen 03B-03 ,China,Commercial,Earth Observation,LEO,Sun-Synchronous,0.0,40,2020-09-14,Chang Guang Satellite Technology Co. Ltd.,Yellow Sea Launch Platform,Long March 11,Earth Observation
Jilin-1 GaoFen 03B-04 ,China,Commercial,Earth Observation,LEO,Sun-Synchronous,0.0,40,2020-09-14,Chang Guang Satellite Technology Co. Ltd.,Yellow Sea Launch Platform,Long March 11,Earth Observation
Jilin-1 GaoFen 03B-05 ,China,Commercial,Earth Observation,LEO,Sun-Synchronous,0.0,40,2020-09-14,Chang Guang Satellite Technology Co. Ltd.,Yellow Sea Launch Platform,Long March 11,Earth Observation
Jilin-1 GaoFen 03B-06 ,China,Commercial,Earth Observation,LEO,Sun-Synchronous,0.0,40,2020-09-14,Chang Guang Satellite Technology Co. Ltd.,Yellow Sea Launch Platform,Long March 11,Earth Observation
Jilin-1 GaoFen 03C-01 ,China,Commercial,Earth Observation,LEO,Sun-Synchronous,0.0,40,2020-09-14,Chang Guang Satellite Technology Co. Ltd.,Yellow Sea Launch Platform,Long March 11,Earth Observation
Jilin-1 GaoFen 03C-02 ,China,Commercial,Earth Observation,LEO,Sun-Synchronous,0.0,40,2020-09-14,Chang Guang Satellite Technology Co. Ltd.,Yellow Sea Launch Platform,Long March 11,Earth Observation
Jilin-1 GaoFen 03C-03 ,China,Commercial,Earth Observation,LEO,Sun-Synchronous,0.0,40,2020-09-14,Chang Guang Satellite Technology Co. Ltd.,Yellow Sea Launch Platform,Long March 11,Earth Observation
Jilin-1 GaoFen 03D 10,China,Commercial,Earth Observation,LEO,Sun-Synchronous,0.0,43,2022-02-27,Chang Guang Satellite Technology Co. Ltd.,Wenchang Space Center,Long March 8,Earth Observation
Jilin-1 GaoFen 03D 11,China,Commercial,Earth Observation,LEO,Sun-Synchronous,0.0,43,2022-02-27,Chang Guang Satellite Technology Co. Ltd.,Wenchang Space Center,Long March 8,Earth Observation
Jilin-1 GaoFen 03D 12,China,Commercial,Earth Observation,LEO,Sun-Synchronous,0.0,43,2022-02-27,Chang Guang Satellite Technology Co. Ltd.,Wenchang Space Center,Long March 8,Earth Observation
Jilin-1 GaoFen 03D 13,China,Commercial,Earth Observation,LEO,Sun-Synchronous,0.0,43,2022-02-27,Chang Guang Satellite Technology Co. Ltd.,Wenchang Space Center,Long March 8,Earth Observation
Jilin-1 GaoFen 03D 14,China,Commercial,Earth Observation,LEO,Sun-Synchronous,0.0,43,2022-02-27,Chang Guang Satellite Technology Co. Ltd.,Wenchang Space Center,Long March 8,Earth Observation
Jilin-1 GaoFen 03D 15,China,Commercial,Earth Observation,LEO,Sun-Synchronous,0.0,43,2022-02-27,Chang Guang Satellite Technology Co. Ltd.,Wenchang Space Center,Long March 8,Earth Observation
Jilin-1 GaoFen 03D 16 ,China,Commercial,Earth Observation,LEO,Sun-Synchronous,0.0,43,2022-02-27,Chang Guang Satellite Technology Co. Ltd.,Wenchang Space Center,Long March 8,Earth Observation
Jilin-1 GaoFen 03D 17,China,Commercial,Earth Observation,LEO,Sun-Synchronous,0.0,43,2022-02-27,Chang Guang Satellite Technology Co. Ltd.,Wenchang Space Center,Long March 8,Earth Observation
Jilin-1 GaoFen 03D 18,China,Commercial,Earth Observation,LEO,Sun-Synchronous,0.0,43,2022-02-27,Chang Guang Satellite Technology Co. Ltd.,Wenchang Space Center,Long March 8,Earth Observation
Jilin-1 Gaofen 03D-01,China,Commercial,Earth Observation,LEO,Sun-Synchronous,0.0,40,2021-07-03,Chang Guang Satellite Technology Co. Ltd.,Taiyuan Launch Center,Long March 2D,Earth Observation
Jilin-1 Gaofen 03D-02,China,Commercial,Earth Observation,LEO,Sun-Synchronous,0.0,40,2021-07-03,Chang Guang Satellite Technology Co. Ltd.,Taiyuan Launch Center,Long March 2D,Earth Observation
Jilin-1 Gaofen 03D-03,China,Commercial,Earth Observation,LEO,Sun-Synchronous,0.0,40,2021-07-03,Chang Guang Satellite Technology Co. Ltd.,Taiyuan Launch Center,Long March 2D,Earth Observation
Jilin-1 GaoFen 03D-04,China,Commercial,Earth Observation,LEO,Sun-Synchronous,0.0,43,2022-04-29,Chang Guang Satellite Technology Co. Ltd.,Yellow Sea Launch Platform,Long March 11,Earth Observation
Jilin-1 GaoFen 03D-05,China,Commercial,Earth Observation,LEO,Sun-Synchronous,0.0,43,2022-04-29,Chang Guang Satellite Technology Co. Ltd.,Yellow Sea Launch Platform,Long March 11,Earth Observation
Jilin-1 GaoFen 03D-06,China,Commercial,Earth Observation,LEO,Sun-Synchronous,0.0,43,2022-04-29,Chang Guang Satellite Technology Co. Ltd.,Yellow Sea Launch Platform,Long March 11,Earth Observation
Jilin-1 GaoFen 03D-07,China,Commercial,Earth Observation,LEO,Sun-Synchronous,0.0,43,2022-04-29,Chang Guang Satellite Technology Co. Ltd.,Yellow Sea Launch Platform,Long March 11,Earth Observation
Jilin-1 GaoFen 03D-27,China,Commercial,Earth Observation,LEO,Sun-Synchronous,0.0,43,2022-05-05,Chang Guang Satellite Technology Co. Ltd.,Taiyan Launch Center,Long March 2,Earth Observation
Jilin-1 GaoFen 03D-28,China,Commercial,Earth Observation,LEO,Sun-Synchronous,0.0,43,2022-05-05,Chang Guang Satellite Technology Co. Ltd.,Taiyan Launch Center,Long March 2,Earth Observation
Jilin-1 GaoFen 03D-29,China,Commercial,Earth Observation,LEO,Sun-Synchronous,0.0,43,2022-05-05,Chang Guang Satellite Technology Co. Ltd.,Taiyan Launch Center,Long March 2,Earth Observation
Jilin-1 GaoFen 03D-30,China,Commercial,Earth Observation,LEO,Sun-Synchronous,0.0,43,2022-05-05,Chang Guang Satellite Technology Co. Ltd.,Taiyan Launch Center,Long March 2,Earth Observation
Jilin-1 GaoFen 03D-31,China,Commercial,Earth Observation,LEO,Sun-Synchronous,0.0,43,2022-05-05,Chang Guang Satellite Technology Co. Ltd.,Taiyan Launch Center,Long March 2,Earth Observation
Jilin-1 GaoFen 03D-32,China,Commercial,Earth Observation,LEO,Sun-Synchronous,0.0,43,2022-05-05,Chang Guang Satellite Technology Co. Ltd.,Taiyan Launch Center,Long March 2,Earth Observation
Jilin-1 GaoFen 03D-33,China,Commercial,Earth Observation,LEO,Sun-Synchronous,0.0,43,2022-05-05,Chang Guang Satellite Technology Co. Ltd.,Taiyan Launch Center,Long March 2,Earth Observation
Jilin-1 GaoFen 03D-34,China,Commercial,Earth Observation,LEO,Sun-Synchronous,0.0,42,2023-01-15,Chang Guang Satellite Technology Co. Ltd.,Taiyuan Launch Center,Long March 2D,Earth Observation
Jilin-1 GaoFen 04A,China,Commercial,Earth Observation,LEO,Sun-Synchronous,0.0,43,2022-04-29,Chang Guang Satellite Technology Co. Ltd.,Yellow Sea Launch Platform,Long March 11,Earth Observation
Haihe-1,China,Commercial,Earth Observation,LEO,Sun-Synchronous,0.0,42,2023-01-15,Chang Guang Satellite Technology Co. Ltd.,Taiyuan Launch Center,Long March 2D,Earth Observation
Jilin 1 Kuanfu 01B,China,Commercial,Earth Observation,LEO,Sun-Synchronous,0.0,95,2021-07-03,Chang Guang Satellite Technology Co. Ltd.,Taiyuan Launch Center,Long March 2D,Earth Observation
Jilin 1 Kuanfu 01C,China,Commercial,Earth Observation,LEO,Sun-Synchronous,0.0,95,2022-05-05,Chang Guang Satellite Technology Co. Ltd.,Taiyuan Launch Center,Long March 2D,Earth Observation
Jilin-1 Kuanfu-1,China,Commercial,Earth Observation,LEO,Sun-Synchronous,0.0,95,2020-01-15,Chang Guang Satellite Technology Co. Ltd.,Taiyuan Launch Center,Long March 2D,Earth Observation
Jilin-1 Mofang 02A01,China,Commercial,Earth Observation,LEO,Sun-Synchronous,0.0,32,2022-02-27,Chang Guang Satellite Technology Co. Ltd.,Wenchang Space Center,Long March 8,Earth Observation
Jilin-1 Mofang 02A03,China,Commercial,Earth Observation,LEO,Sun-Synchronous,0.0,18,2023-01-15,Chang Guang Satellite Technology Co. Ltd.,Taiyuan Launch Center,Long March 2D,Earth Observation
Jilin-1 Mofang 02A04,China,Commercial,Earth Observation,LEO,Sun-Synchronous,0.0,18,2023-01-15,Chang Guang Satellite Technology Co. Ltd.,Taiyuan Launch Center,Long March 2D,Earth Observation
Jilin-1 Mofang 02A07,China,Commercial,Earth Observation,LEO,Sun-Synchronous,0.0,18,2023-01-15,Chang Guang Satellite Technology Co. Ltd.,Taiyuan Launch Center,Long March 2D,Earth Observation
Jilin-1,China,Commercial,Earth Observation,LEO,Sun-Synchronous,0.0,400,2015-10-07,Chang Guang Satellite Technology Co. Ltd.,Jiuquan Satellite Launch Center,Long March 2D,Earth Observation
Jilin-1-10,China,Commercial,Earth Observation,LEO,Sun-Synchronous,0.0,95,2019-01-21,Chang Guang Satellite Technology Co. Ltd.,Jiuquan Satellite Launch Center,Long March 11,Earth Observation
Jilin-1,China,Commercial,Earth Observation,LEO,Sun-Synchronous,0.0,400,2017-01-09,Chang Guang Satellite Technology Co. Ltd.,Jiuquan Satellite Launch Center,Kuaizhou,Earth Observation
Jilin-1-4,China,Commercial,Earth Observation,LEO,Sun-Synchronous,0.0,95,2017-11-21,Chang Guang Satellite Technology Co. Ltd.,Taiyuan Launch Center,Long March 6,Earth Observation
Jilin-1-5,China,Commercial,Earth Observation,LEO,Sun-Synchronous,0.0,95,2017-11-21,Chang Guang Satellite Technology Co. Ltd.,Taiyuan Launch Center,Long March 6,Earth Observation
Jilin-1-6,China,Commercial,Earth Observation,LEO,Sun-Synchronous,0.0,95,2017-11-21,Chang Guang Satellite Technology Co. Ltd.,Taiyuan Launch Center,Long March 6,Earth Observation
Jilin-1-7,China,Commercial,Earth Observation,LEO,Sun-Synchronous,0.0,95,2018-01-18,Chang Guang Satellite Technology Co. Ltd.,Jiuquan Satellite Launch Center,Long March 11,Earth Observation
Jilin-1-8,China,Commercial,Earth Observation,LEO,Sun-Synchronous,0.0,95,2018-01-18,Chang Guang Satellite Technology Co. Ltd.,Jiuquan Satellite Launch Center,Long March 11,Earth Observation
Jilin-1-9,China,Commercial,Earth Observation,LEO,Sun-Synchronous,0.0,95,2019-01-21,Chang Guang Satellite Technology Co. Ltd.,Jiuquan Satellite Launch Center,Long March 11,Earth Observation
Jin Zijing 1-01,China,Commercial,Earth Observation,LEO,Sun-Synchronous,0.0,40,2021-04-27,"Beijing ZeroG Space Technology Co., Ltd.",Taiyuan Launch Center,Long March 6,Earth Observation
Jin Zijing 1-02,China,Commercial,Earth Observation,LEO,Sun-Synchronous,0.0,40,2021-04-27,"Beijing ZeroG Space Technology Co., Ltd.",Taiyuan Launch Center,Long March 6,Earth Observation
Jin Zijing 1-03,China,Civil,Technology Development,LEO,Sun-Synchronous,0.0,20,2021-12-06,Unknown,Jiuquan Satellite Launch Center,Ceres 1,Technology Development
Jin Zijing 2 ,China,Civil,Technology Development,LEO,Sun-Synchronous,0.0,4,2021-10-14,Shanghai Jiao Tong University/APSCO,Taiyuan Launch Center,Long March 2D,Technology Development
Jin Zijing 3,China,Commercial,Earth Observation,LEO,Sun-Synchronous,0.0,10,2023-01-15,Gang Hang Ke,Taiyan Launch Center,Long March 2D,Earth Observation
Jin Zijing 4,China,Commercial,Earth Observation,LEO,Sun-Synchronous,0.0,10,2023-01-15,Gang Hang Ke,Taiyuan Launch Center,Long March 2D,Earth Observation
Jin Zijing 5,China,Commercial,Earth Observation,LEO,Sun-Synchronous,0.0,10,2021-12-06,"Beijing ZeroG Space Technology Co., Ltd.",Jiuquan Satellite Launch Center,Ceres 1,Earth Observation
Jin Zijing 6,China,Commercial,Earth Observation,LEO,Sun-Synchronous,0.0,50,2023-01-15,Gang Hang Ke,Taiyuan Launch Center,Long March 2D,Earth Observation
Jingshi-1,China,Civil,Earth Observation,LEO,Sun-Synchronous,0.0,16,2019-09-12,Shenzhen Aerospace Dongfanghong Development Ltd.,Taiyuan Launch Center,Long March 4B,Earth Observation
JYISat,Jordan,Civil,Communications,LEO,Sun-Synchronous,0.0,2,2018-12-03,Royal Jordanian Radio Amateur Society,Vandenberg AFB,Falcon 9,Communications
Kaituo-1A,China,Government,Technology Development,LEO,Sun-Synchronous,0.0,130,2015-09-19,China Aerospace Science and Technology Corp. (CASC),Taiyuan Launch Center,Long March 6,Technology Development
Kanopus-B,Russia,Government,Earth Observation,LEO,Sun-Synchronous,0.0,400,2012-07-22,All-Russia Research Institute of Electromechanics (NPP VNIIEM),Baikonur Cosmodrome,Soyuz-Fregat,Earth Observation
Kanopus-V-IK-2,Russia,Government,Earth Observation,LEO,Sun-Synchronous,0.0,500,2017-07-14,Roscosmos,Baikonur Cosmodrome,Soyuz-2.1a,Earth Observation
Kanopus-V-IK-3,Russia,Government,Earth Observation,LEO,Sun-Synchronous,0.0,500,2018-01-31,Roscosmos,Vostochny Cosmodrome,Soyuz-2.1a,Earth Observation
Kanopus-V-IK-4,Russia,Government,Earth Observation,LEO,Sun-Synchronous,0.0,500,2018-01-31,Roscosmos,Vostochny Cosmodrome,Soyuz-2.1a,Earth Observation
Kanopus-V-IK-5,Russia,Government,Earth Observation,LEO,Sun-Synchronous,0.0,500,2018-12-27,Roscosmos,Vostochny Cosmodrome,Soyuz-2.1a,Earth Observation
Kanopus-V-IK-6,Russia,Government,Earth Observation,LEO,Sun-Synchronous,0.0,500,2018-12-27,Roscosmos,Vostochny Cosmodrome,Soyuz-2.1a,Earth Observation
KazEOSat-1,Kazakhstan,Government,Earth Observation,LEO,Sun-Synchronous,0.0,830,2014-04-30,Airbus Defence and Space,Guiana Space Center,Vega,Earth Observation
KazEOSat-2,Kazakhstan,Government,Earth Observation,LEO,Sun-Synchronous,0.0,185,2014-06-19,Surrey Satellite Technology Ltd.,Dombarovsky Air Base,Dnepr,Earth Observation
KazSTSAT,Kazakhstan,Commercial,Earth Observation,LEO,Sun-Synchronous,0.0,100,2018-12-03,Surrey Satellite Technology Ltd.,Vandenberg AFB,Falcon 9,Earth Observation
Kent Ridge 1,Singapore,Civil,Earth Observation,LEO,Equatorial,0.0,78,2015-12-16,National University of Singapore,Satish Dhawan Space Centre,PSLV-C29,Earth Observation
Kepler-10 BABY YODA,Canada,Commercial,Communications,LEO,Sun-Synchronous,0.0,9,2021-01-24,Kepler Aerospace,Cape Canaveral,Falcon 9,Communications
Kepler-11 DANEEL,Canada,Commercial,Communications,LEO,Sun-Synchronous,0.0,9,2021-01-24,Kepler Aerospace,Cape Canaveral,Falcon 9,Communications
Kepler-12 BOBA,Canada,Commercial,Communications,LEO,Sun-Synchronous,0.0,9,2021-01-24,Kepler Aerospace,Cape Canaveral,Falcon 9,Communications
Kepler-13 LUCKY,Canada,Commercial,Communications,LEO,Sun-Synchronous,0.0,9,2021-01-24,Kepler Aerospace,Cape Canaveral,Falcon 9,Communications
Kepler-14 STELLA,Canada,Commercial,Communications,LEO,Sun-Synchronous,0.0,9,2021-01-24,Kepler Aerospace,Cape Canaveral,Falcon 9,Communications
Kepler-15 SUDORMRF,Canada,Commercial,Communications,LEO,Sun-Synchronous,0.0,9,2021-01-24,Kepler Aerospace,Cape Canaveral,Falcon 9,Communications
Kepler-16 ASTRAEUS,Canada,Commercial,Communications,LEO,Sun-Synchronous,0.0,9,2022-01-13,Kepler Aerospace,Cape Canaveral,Falcon 9,Communications
Kepler-17 KARINA,Canada,Commercial,Communications,LEO,Sun-Synchronous,0.0,9,2022-01-13,Kepler Aerospace,Cape Canaveral,Falcon 9,Communications
Kepler-18 BLIP-A,Canada,Commercial,Communications,LEO,Sun-Synchronous,0.0,9,2022-01-13,Kepler Aerospace,Cape Canaveral,Falcon 9,Communications
Kepler-19,Canada,Commercial,Communications,LEO,Sun-Synchronous,0.0,9,2022-01-13,Kepler Aerospace,Cape Canaveral,Falcon 9,Communications
Kepler-2 CASE,Canada,Commercial,Communications,LEO,Sun-Synchronous,0.0,4,2018-11-29,Clyde Space,Satish Dhawan Space Centre,PSLV,Communications
Kepler-20,Canada,Commercial,Communications,LEO,Sun-Synchronous,0.0,15,2023-04-15,Kepler Aerospace,Vandenberg AFB,Falcon 9,Communications
Kepler-21,Canada,Commercial,Communications,LEO,Sun-Synchronous,0.0,15,2023-04-15,Kepler Aerospace,Vandenberg AFB,Falcon 9,Communications
Kepler-3 TARS,Canada,Commercial,Communications,LEO,Sun-Synchronous,0.0,9,2020-09-02,Clyde Space,Guiana Space Center,Vega,Communications
Kepler-4 ANTILLES,Canada,Commercial,Communications,LEO,Sun-Synchronous,0.0,9,2020-09-28,Kepler Aerospace,Plesetsk Cosmodrome,Soyuz-2.1b,Communications
Kepler-5 AMIDALA,Canada,Commercial,Communications,LEO,Sun-Synchronous,0.0,9,2020-09-28,Kepler Aerospace,Plesetsk Cosmodrome,Soyuz-2.1b,Communications
Kepler-6 ROCINANTE,Canada,Commercial,Communications,LEO,Sun-Synchronous,0.0,9,2021-03-22,Kepler Aerospace,Baikonur Cosmodrome,Soyuz-2.1b,Communications
Kepler-7 C3PO,Canada,Commercial,Communications,LEO,Sun-Synchronous,0.0,9,2021-03-22,Kepler Aerospace,Baikonur Cosmodrome,Soyuz-2.1b,Communications
Kepler-8 AMAROK,Canada,Commercial,Communications,LEO,Sun-Synchronous,0.0,9,2021-01-24,Kepler Aerospace,Cape Canaveral,Falcon 9,Communications
Kepler-9 ARTEMIS,Canada,Commercial,Communications,LEO,Sun-Synchronous,0.0,9,2021-01-24,Kepler Aerospace,Cape Canaveral,Falcon 9,Communications
KestrelEye IIM,USA,Military,Earth Observation/Technology Development,LEO,Non-Polar Inclined,0.0,50,2017-10-24,U.S. Army Space and Missile Defense Command/Army Forces Strategic Command,International Space Station,Nanorack Deployer,Earth Observation
KhalifaSat,United Arab Emirates,Government,Earth Observation,LEO,Sun-Synchronous,0.0,330,2018-10-29,Mohammed bin Rashid Space Center,Tanegashima Space Center,H2A,Earth Observation
Khayyam,Iran,Military,Earth Observation,LEO,Sun-Synchronous,0.0,650,2022-08-09,All-Russian Scientific Research Institute Of Electromechanics (VNIIEM),Baikonur Cosmodrome,Soyuz,Earth Observation
KILIÇSAT,Turkey,Commercial/Civil,Communications,LEO,Sun-Synchronous,0.0,4,2023-04-15,GUMUSH AeroSpace,Vandenberg AFB,Falcon 9,Communications
KIPP-1,United Kingdom,Commercial,Communications,LEO,Sun-Synchronous,0.0,10,2018-01-18,Clyde Space,Jiuquan Satellite Launch Center,Long March 11,Communications
KJSY-1,China,Civil,Technology Development,LEO,Sun-Synchronous,0.0,1,2015-09-19,Tsinghua University,Taiyuan Launch Center,Long March 6,Technology Development
KKS-1,Japan,Civil,Technology Development,LEO,Sun-Synchronous,0.0,3,2009-01-23,Tokyo Metropolitan College of Industrial Technology,Tanegashima Space Center,H2A,Technology Development
KL-Beta-A,Germany,Commercial,Technology Development,LEO,Polar,0.0,100,2021-08-04,"Shanghai Institute of Microsatellite Innovation, Chinese Academy of Sciences",Taiyuan Launch Center,Long March 6,Technology Development
KL-Beta-B,Germany,Commercial,Technology Development,LEO,Polar,0.0,100,2021-08-04,"Shanghai Institute of Microsatellite Innovation, Chinese Academy of Sciences",Taiyuan Launch Center,Long March 6,Technology Development
KMSL (Korea Microgravity Science Laboratory),South Korea,Civil,Space Science,LEO,Sun-Synchronous,0.0,4,2021-03-22,"Engineering Department, Chosun University",Baikonur Cosmodrome,Soyuz-2.1b,Space Science
Kompsat-2,South Korea,Government/Commercial,Earth Observation/Technology Development,LEO,Sun-Synchronous,0.0,800,2006-07-28,Korea Aerospace Research Institute (KARI)/ EADS Astrium,Plesetsk Cosmodrome,Rokot,Earth Observation
Kompsat-3,South Korea,Government/Commercial,Earth Observation,LEO,Sun-Synchronous,0.0,980,2012-05-17,Korea Aerospace Research Institute (KARI)/ EADS Astrium,Tanegashima Space Center,H2A,Earth Observation
Kompsat-3A,South Korea,Government/Commercial,Earth Observation,LEO,Sun-Synchronous,0.0,980,2015-03-25,Korea Aerospace Research Institute (KARI),Dombarovsky Air Base,Dnepr,Earth Observation
KOSEN-1,Japan,Civil,Technology Development,LEO,Sun-Synchronous,0.0,3,2021-11-08,National Institute of Technology at Kochi College,Uchinoura Space Center,H2A,Technology Development
KSF1-A,Luxembourg,Commercial,Earth Observation,LEO,Sun-Synchronous,0.0,10,2021-06-30,Kleos Space,Cape Canaveral,Falcon 9,Earth Observation
KSF1-B,Luxembourg,Commercial,Earth Observation,LEO,Sun-Synchronous,0.0,10,2021-06-30,Kleos Space,Cape Canaveral,Falcon 9,Earth Observation
KSF2-A,Luxembourg,Commercial,Earth Observation,LEO,Sun-Synchronous,0.0,10,2022-04-01,Kleos Space,Cape Canaveral,Falcon 9,Earth Observation
KSF2-B,Luxembourg,Commercial,Earth Observation,LEO,Sun-Synchronous,0.0,10,2022-04-01,Kleos Space,Cape Canaveral,Falcon 9,Earth Observation
KSF2-C,Luxembourg,Commercial,Earth Observation,LEO,Sun-Synchronous,0.0,10,2022-04-01,Kleos Space,Cape Canaveral,Falcon 9,Earth Observation
KSF2-D,Luxembourg,Commercial,Earth Observation,LEO,Sun-Synchronous,0.0,10,2022-04-01,Kleos Space,Cape Canaveral,Falcon 9,Earth Observation
KSF3-A,Luxembourg,Commercial,Earth Observation,LEO,Sun-Synchronous,0.0,10,2023-01-03,Kleos Space,Cape Canaveral,Falcon 9,Earth Observation
KSF3-B,Luxembourg,Commercial,Earth Observation,LEO,Sun-Synchronous,0.0,10,2023-01-03,Kleos Space,Cape Canaveral,Falcon 9,Earth Observation
KSF3-C,Luxembourg,Commercial,Earth Observation,LEO,Sun-Synchronous,0.0,10,2023-01-03,Kleos Space,Cape Canaveral,Falcon 9,Earth Observation
KSF3-D,Luxembourg,Commercial,Earth Observation,LEO,Sun-Synchronous,0.0,10,2023-01-03,Kleos Space,Cape Canaveral,Falcon 9,Earth Observation
KSFI-C,Luxembourg,Commercial,Earth Observation,LEO,Sun-Synchronous,0.0,10,2021-06-30,Kleos Space,Cape Canaveral,Falcon 9,Earth Observation
KSFI-D,Luxembourg,Commercial,Earth Observation,LEO,Sun-Synchronous,0.0,10,2021-06-30,Kleos Space,Cape Canaveral,Falcon 9,Earth Observation
KSU Cubesat,Saudi Arabia,Civil,Technology Development,LEO,Sun-Synchronous,0.0,2,2021-03-22,"College of Engineering, King Saud University",Baikonur Cosmodrome,Soyuz-2.1a,Technology Development
Kuafu-1,China,Government,Space Science,LEO,Sun-Synchronous,0.0,888,2022-10-08,Chinese Academy of Sciences,Jiuquan Satellite Launch Center,Long March 2D,Space Science
KuwaitSat-1,Kuwait,Civil,Technology Development,LEO,Sun-Synchronous,0.0,3,2023-01-03,Kuwait University,Cape Canaveral,Falcon 9,Technology Development
LacunaSat-2B,United Kingdom/Netherlands,Commercial,Communications,LEO,Sun-Synchronous,0.0,4,2021-03-22,Open Cosmos,Baikonur Cosmodrome,Soyuz-2.1a,Communications
LacunaSat-2F,Lithuania,Commercial,Communications,LEO,Sun-Synchronous,0.0,4,2023-04-15,NanoAvionics,Vandenberg AFB,Falcon 9,Communications
LacunaSat-3,United Kingdom,Commercial,Communications,LEO,Sun-Synchronous,0.0,5,2020-09-28,Open Cosmos,Plesetsk Cosmodrome,Soyuz-2.1b,Communications
Ladybird 1,China,Commercial,Technology Development,LEO,Sun-Synchronous,0.0,100,2018-12-07,Beijing Commsat Technology Development Co. Ltd.,Jiuquan Satellite Launch Center,Long March 2D,Technology Development
Ladybird 2,China,Commercial,Technology Development,LEO,Sun-Synchronous,0.0,8,2018-12-07,Beijing Commsat Technology Development Co. Ltd.,Jiuquan Satellite Launch Center,Long March 2D,Technology Development
Ladybird 3,China,Commercial,Technology Development,LEO,Sun-Synchronous,0.0,8,2018-12-07,Beijing Commsat Technology Development Co. Ltd.,Jiuquan Satellite Launch Center,Long March 2D,Technology Development
Ladybird 4,China,Commercial,Technology Development,LEO,Sun-Synchronous,0.0,8,2018-12-07,Beijing Commsat Technology Development Co. Ltd.,Jiuquan Satellite Launch Center,Long March 2D,Technology Development
Ladybird 5,China,Commercial,Technology Development,LEO,Sun-Synchronous,0.0,4,2018-12-07,Beijing Commsat Technology Development Co. Ltd.,Jiuquan Satellite Launch Center,Long March 2D,Technology Development
Ladybird 6,China,Commercial,Technology Development,LEO,Sun-Synchronous,0.0,4,2018-12-07,Beijing Commsat Technology Development Co. Ltd.,Jiuquan Satellite Launch Center,Long March 2D,Technology Development
Ladybird 7,China,Commercial,Technology Development,LEO,Sun-Synchronous,0.0,4,2018-12-07,Beijing Commsat Technology Development Co. Ltd.,Jiuquan Satellite Launch Center,Long March 2D,Technology Development
LAPAN A2,Indonesia,Government,Earth Observation,LEO,Equatorial,0.0,68,2015-09-24,Indonesian National Institute of Aeronautics and Space,Satish Dhawan Space Centre,PSLV C-30,Earth Observation
LAPAN A3,Indonesia,Government,Earth Observation,LEO,Sun-Synchronous,0.0,115,2016-06-22,Indonesian National Institute of Aeronautics and Space,Satish Dhawan Space Centre,PSLV XL,Earth Observation
LAPAN-Tubsat,Indonesia,Government,Earth Observation/Technology Development,LEO,Sun-Synchronous,0.0,60,2007-01-10,Technical University Berlin,Satish Dhawan Space Centre,PSLV C7,Earth Observation
LDPE-1,USA,Military,Technology Development,GEO,,0.0,500,2021-12-07,Northrup Grumman,Cape Canaveral,Atlas 5,Technology Development
LDPE-3,USA,Military,Technology Development,GEO,,90.77,500,2023-01-15,Northrup Grumman,Cape Canaveral,Falcon Heavy,Technology Development
LEDSat,Italy,Civil,Technology Development,LEO,Sun-Synchronous,0.0,10,2021-08-17,Sapienza/ESA,Guiana Space Center,Vega,Technology Development
Lemur-1,USA,Commercial,Technology Development,LEO,Sun-Synchronous,0.0,10,2014-06-19,NanoSatisfi Inc.,Dombarovsky Air Base,Dnepr,Technology Development
Lemur-2 AC-Cubed ,USA,Commercial,Earth Observation,LEO,Sun-Synchronous,0.0,10,2021-06-30,Spire Global,Cape Canaveral,Falcon 9,Earth Observation
Lemur 2FM106,USA,Commercial,Earth Observation,LEO,Sun-Synchronous,0.0,10,2019-07-05,Spire Global,Vostochny Cosmodrome,Soyuz-2.1b,Earth Observation
Lemur 2F80,USA,Commercial,Earth Observation,LEO,Non-Polar Inclined,0.0,10,2018-07-16,Spire Global,Cygnus,Nanorack Deployer,Earth Observation
Lemur 2FM162,USA,Commercial,Earth Observation,LEO,Sun-Synchronous,0.0,10,2021-04-29,Spire Global,Guiana Space Center,Vega W18,Earth Observation
Lemur 2F47,USA,Commercial,Earth Observation,LEO,Sun-Synchronous,0.0,10,2017-07-14,Spire Global,Baikonur Cosmodrome,Soyuz-2.1a,Earth Observation
Lemur 2F31,USA,Commercial,Earth Observation,LEO,Non-Polar Inclined,0.0,10,2017-04-18,Spire Global,International Space Station - Cygnus,Nanorack Deployer,Earth Observation
Lemur-2 AnnaBanana,USA,Commercial,Earth Observation,LEO,Sun-Synchronous,0.0,10,2021-06-30,Spire Global,Cape Canaveral,Falcon 9,Earth Observation
Lemur 2F16,USA,Commercial,Earth Observation,LEO,Non-Polar Inclined,0.0,10,2016-10-17,Spire Global,Wallops Island Flight Facility,Antares 230,Earth Observation
Lemur 2FM98,USA,Commercial,Earth Observation,LEO,Sun-Synchronous,0.0,10,2019-04-01,Spire Global,Satish Dhawan Space Centre,PSLV,Earth Observation
Lemur 2F52,USA,Commercial,Earth Observation,LEO,Non-Polar Inclined,0.0,10,2017-12-08,Spire Global,International Space Station - Cygnus,Nanorack Deployer,Earth Observation
Lemur 2F71,USA,Commercial,Earth Observation,LEO,Sun-Synchronous,0.0,10,2018-01-11,Spire Global,Satish Dhawan Space Centre,PSLV,Earth Observation
Lemur-2 CarlSantaMari ,USA,Commercial,Earth Observation,LEO,Sun-Synchronous,0.0,10,2021-06-30,Spire Global,Cape Canaveral,Falcon 9,Earth Observation
Lemur 2F130,USA,Commercial,Earth Observation,LEO,Sun-Synchronous,0.0,10,2021-01-24,Spire Global,Cape Canaveral,Falcon 9,Earth Observation
Lemur 2F83,USA,Commercial,Earth Observation,LEO,Polar,0.0,10,2018-11-10,Spire Global,Rocket Lab Launch Complex 1,Electron,Earth Observation
Lemur 2F4,USA,Commercial,Earth Observation,LEO,Equatorial,0.0,10,2015-09-28,Spire Global,Satish Dhawan Space Centre,PSLV C-30,Earth Observation
Lemur 2F90,USA,Commercial,Earth Observation,LEO,Sun-Synchronous,0.0,10,2018-12-27,Spire Global,Vostochny Cosmodrome,Soyuz-2.1a,Earth Observation
Lemur 2F95,USA,Commercial,Earth Observation,LEO,Sun-Synchronous,0.0,10,2018-12-27,Spire Global,Vostochny Cosmodrome,Soyuz-2.1a,Earth Observation
Lemur 2F69,USA,Commercial,Earth Observation,LEO,Sun-Synchronous,0.0,10,2018-01-11,Spire Global,Satish Dhawan Space Centre,PSLV,Earth Observation
Lemur FM123,USA,Commercial,Earth Observation,LEO,Sun-Synchronous,0.0,10,2020-09-28,Spire Global,Plesetsk Cosmodrome,Soyuz-2.1b,Earth Observation
Lemur 2F49,USA,Commercial,Earth Observation,LEO,Sun-Synchronous,0.0,10,2017-07-14,Spire Global,Baikonur Cosmodrome,Soyuz-2.1a,Earth Observation
Lemur FM165,Luxembourg,Commercial,Earth Observation,LEO,Sun-Synchronous,0.0,10,2023-01-03,Spire Global,Cape Canaveral,Falcon 9,Earth Observation
Lemur-2 Djara,USA,Commercial,Earth Observation,LEO,Non-Polar Inclined,0.0,10,2020-11-05,Spire Global,International Space Station,Nanorack Deployer,Earth Observation
Lemur-2 Djirang,USA,Commercial,Earth Observation,LEO,Sun-Synchronous,0.0,10,2022-01-13,Spire Global,Cape Canaveral,Falcon 9,Earth Observation
Lemur FM116,USA,Commercial,Earth Observation,LEO,Sun-Synchronous,0.0,10,2020-09-02,Spire Global,Guiana Space Center,Vega,Earth Observation
Lemur 2F87,USA,Commercial,Earth Observation,LEO,Sun-Synchronous,0.0,10,2018-11-29,Spire Global,Satish Dhawan Space Centre,PSLV,Earth Observation
Lemur 2F57,USA,Commercial,Earth Observation,LEO,Non-Polar Inclined,0.0,10,2017-12-10,Spire Global,International Space Station - Cygnus,Nanorack Deployer,Earth Observation
Lemur 2FM105,USA,Commercial,Earth Observation,LEO,Sun-Synchronous,0.0,10,2019-07-05,Spire Global,Vostochny Cosmodrome,Soyuz-2.1b,Earth Observation
Lemur 2FM104,USA,Commercial,Earth Observation,LEO,Sun-Synchronous,0.0,10,2019-07-05,Spire Global,Vostochny Cosmodrome,Soyuz-2.1b,Earth Observation
Lemur 2FM99,USA,Commercial,Earth Observation,LEO,Sun-Synchronous,0.0,10,2019-04-01,Spire Global,Satish Dhawan Space Centre,PSLV,Earth Observation
Lemur FM164,Luxembourg,Commercial,Earth Observation,LEO,Sun-Synchronous,0.0,10,2023-01-03,Spire Global,Cape Canaveral,Falcon 9,Earth Observation
Lemur FM114,USA,Commercial,Earth Observation,LEO,Sun-Synchronous,0.0,10,2020-09-02,Spire Global,Guiana Space Center,Vega,Earth Observation
Lemur FM169,Luxembourg,Commercial,Earth Observation,LEO,Sun-Synchronous,0.0,10,2023-01-03,Spire Global,Cape Canaveral,Falcon 9,Earth Observation
Lemur 2F45,USA,Commercial,Earth Observation,LEO,Sun-Synchronous,0.0,10,2017-07-14,Spire Global,Baikonur Cosmodrome,Soyuz-2.1a,Earth Observation
Lemur 2F42,USA,Commercial,Earth Observation,LEO,Sun-Synchronous,0.0,10,2017-07-14,Spire Global,Baikonur Cosmodrome,Soyuz-2.1a,Earth Observation
Lemur 2FM108,USA,Commercial,Earth Observation,LEO,Sun-Synchronous,0.0,10,2019-07-05,Spire Global,Vostochny Cosmodrome,Soyuz-2.1b,Earth Observation
Lemur 2F89,USA,Commercial,Earth Observation,LEO,Sun-Synchronous,0.0,10,2018-12-27,Spire Global,Vostochny Cosmodrome,Soyuz-2.1a,Earth Observation
Lemur 2FM109,USA,Commercial,Earth Observation,LEO,Non-Polar Inclined,0.0,10,2019-12-11,Spire Global,Satish Dhawan Space Centre,PSLV,Earth Observation
Lemur-2 Jackson,USA,Commercial,Earth Observation,LEO,Sun-Synchronous,0.0,10,2021-06-30,Spire Global,Cape Canaveral,Falcon 9,Earth Observation
Lemur 2F131,USA,Commercial,Earth Observation,LEO,Sun-Synchronous,0.0,10,2021-01-24,Spire Global,Cape Canaveral,Falcon 9,Earth Observation
Lemur 2F30,USA,Commercial,Earth Observation,LEO,Non-Polar Inclined,0.0,10,2017-04-18,Spire Global,International Space Station - Cygnus,Nanorack Deployer,Earth Observation
Lemur 2F129,USA,Commercial,Earth Observation,LEO,Non-Polar Inclined,0.0,10,2020-11-07,Spire Global,Satish Dhawan Space Centre,PSLV,Earth Observation
Lemur 2F3,USA,Commercial,Earth Observation,LEO,Equatorial,0.0,10,2015-09-28,Spire Global,Satish Dhawan Space Centre,PSLV C-30,Earth Observation
Lemur 2F76,USA,Commercial,Earth Observation,LEO,Sun-Synchronous,0.0,10,2018-01-31,Spire Global,Vostochny Cosmodrome,Soyuz-2.1a,Earth Observation
Lemur 2F127,USA,Commercial,Earth Observation,LEO,Non-Polar Inclined,0.0,10,2020-11-07,Spire Global,Satish Dhawan Space Centre,PSLV,Earth Observation
Lemur 2F22,USA,Commercial,Earth Observation,LEO,Sun-Synchronous,0.0,10,2017-02-15,Spire Global,Satish Dhawan Space Centre,PSLV-XL,Earth Observation
Lemur 2F1,USA,Commercial,Earth Observation,LEO,Equatorial,0.0,10,2015-09-28,Spire Global,Satish Dhawan Space Centre,PSLV C-30,Earth Observation
Lemur 2FM97,USA,Commercial,Earth Observation,LEO,Sun-Synchronous,0.0,10,2019-04-01,Spire Global,Satish Dhawan Space Centre,PSLV,Earth Observation
Lemur-2 John-Treires ,USA,Commercial,Earth Observation,LEO,Sun-Synchronous,0.0,10,2021-06-30,Spire Global,Cape Canaveral,Falcon 9,Earth Observation
Lemur 2FM110,USA,Commercial,Earth Observation,LEO,Non-Polar Inclined,0.0,10,2019-12-11,Spire Global,Satish Dhawan Space Centre,PSLV,Earth Observation
Lemur 2F74,USA,Commercial,Earth Observation,LEO,Sun-Synchronous,0.0,10,2018-01-31,Spire Global,Vostochny Cosmodrome,Soyuz-2.1a,Earth Observation
Lemur-2 KarenB,USA,Commercial,Earth Observation,LEO,Sun-Synchronous,0.0,10,2022-05-25,Spire Global,Cape Canaveral,Falcon 9,Earth Observation
Lemur-2 King-Julien,USA,Commercial,Earth Observation,LEO,Sun-Synchronous,0.0,10,2022-01-13,Spire Global,Cape Canaveral,Falcon 9,Earth Observation
Lemur 2F86,USA,Commercial,Earth Observation,LEO,Sun-Synchronous,0.0,10,2018-11-29,Spire Global,Satish Dhawan Space Centre,PSLV,Earth Observation
Lemur 2F37,USA,Commercial,Earth Observation,LEO,Sun-Synchronous,0.0,10,2017-06-23,Spire Global,Satish Dhawan Space Centre,PSLV,Earth Observation
Lemur 2FM107,USA,Commercial,Earth Observation,LEO,Sun-Synchronous,0.0,10,2019-07-05,Spire Global,Vostochny Cosmodrome,Soyuz-2.1b,Earth Observation
Lemur 2F40,USA,Commercial,Earth Observation,LEO,Sun-Synchronous,0.0,10,2017-06-23,Spire Global,Satish Dhawan Space Centre,PSLV,Earth Observation
Lemur 2F55,USA,Commercial,Earth Observation,LEO,Non-Polar Inclined,0.0,10,2017-12-08,Spire Global,International Space Station - Cygnus,Nanorack Deployer,Earth Observation
Lemur 2F36,USA,Commercial,Earth Observation,LEO,Sun-Synchronous,0.0,10,2017-06-23,Spire Global,Satish Dhawan Space Centre,PSLV,Earth Observation
Lemur 2F41,USA,Commercial,Earth Observation,LEO,Sun-Synchronous,0.0,10,2017-06-23,Spire Global,Satish Dhawan Space Centre,PSLV,Earth Observation
Lemur 2F137,USA,Commercial,Earth Observation,LEO,Sun-Synchronous,0.0,10,2021-01-24,Spire Global,Cape Canaveral,Falcon 9,Earth Observation
Lemur 2F73,USA,Commercial,Earth Observation,LEO,Polar,0.0,10,2018-01-21,Spire Global,Rocket Lab Launch Complex 1,Electron,Earth Observation
Lemur 2F70,USA,Commercial,Earth Observation,LEO,Sun-Synchronous,0.0,10,2018-01-11,Spire Global,Satish Dhawan Space Centre,PSLV,Earth Observation
Lemur 2F56,USA,Commercial,Earth Observation,LEO,Non-Polar Inclined,0.0,10,2017-12-08,Spire Global,International Space Station - Cygnus,Nanorack Deployer,Earth Observation
Lemur 2F38,USA,Commercial,Earth Observation,LEO,Sun-Synchronous,0.0,10,2017-06-23,Spire Global,Satish Dhawan Space Centre,PSLV,Earth Observation
Lemur-2 Merima ,USA,Commercial,Earth Observation,LEO,Sun-Synchronous,0.0,10,2021-06-30,Spire Global,Cape Canaveral,Falcon 9,Earth Observation
Lemur 2F27,USA,Commercial,Earth Observation,LEO,Sun-Synchronous,0.0,10,2017-02-15,Spire Global,Satish Dhawan Space Centre,PSLV-XL,Earth Observation
Lemur-2 Mimi1307,USA,Commercial,Earth Observation,LEO,Sun-Synchronous,0.0,10,2022-05-25,Spire Global,Cape Canaveral,Falcon 9,Earth Observation
Lemur-2 Miriwari,USA,Commercial,Earth Observation,LEO,Sun-Synchronous,0.0,10,2022-01-13,Spire Global,Cape Canaveral,Falcon 9,Earth Observation
Lemur FM167,Luxembourg,Commercial,Earth Observation,LEO,Sun-Synchronous,0.0,10,2023-01-03,Spire Global,Cape Canaveral,Falcon 9,Earth Observation
Lemur 2F44,USA,Commercial,Earth Observation,LEO,Sun-Synchronous,0.0,10,2017-07-14,Spire Global,Baikonur Cosmodrome,Soyuz-2.1a,Earth Observation
Lemur 2FM101,USA,Commercial,Earth Observation,LEO,Sun-Synchronous,0.0,10,2019-07-05,Spire Global,Vostochny Cosmodrome,Soyuz-2.1b,Earth Observation
Lemur 2F132,USA,Commercial,Earth Observation,LEO,Sun-Synchronous,0.0,10,2021-01-24,Spire Global,Cape Canaveral,Falcon 9,Earth Observation
Lemur 2F94,USA,Commercial,Earth Observation,LEO,Sun-Synchronous,0.0,10,2018-12-27,Spire Global,Vostochny Cosmodrome,Soyuz-2.1a,Earth Observation
Lemur 2F133,USA,Commercial,Earth Observation,LEO,Sun-Synchronous,0.0,10,2021-01-24,Spire Global,Cape Canaveral,Falcon 9,Earth Observation
Lemur FM122,USA,Commercial,Earth Observation,LEO,Sun-Synchronous,0.0,10,2020-09-28,Spire Global,Plesetsk Cosmodrome,Soyuz-2.1b,Earth Observation
Lemur 2F28,USA,Commercial,Earth Observation,LEO,Sun-Synchronous,0.0,10,2017-02-15,Spire Global,Satish Dhawan Space Centre,PSLV-XL,Earth Observation
Lemur 2F134,USA,Commercial,Earth Observation,LEO,Sun-Synchronous,0.0,10,2021-01-24,Spire Global,Cape Canaveral,Falcon 9,Earth Observation
Lemur-2 OnReflection,USA,Commercial,Earth Observation,LEO,Sun-Synchronous,0.0,10,2023-04-15,Spire Global,Vandenberg AFB,Falcon 9,Earth Observation
Lemur 2F84,USA,Commercial,Earth Observation,LEO,Sun-Synchronous,0.0,10,2018-11-29,Spire Global,Satish Dhawan Space Centre,PSLV,Earth Observation
Lemur FM118,USA,Commercial,Earth Observation,LEO,Sun-Synchronous,0.0,10,2020-09-02,Spire Global,Guiana Space Center,Vega,Earth Observation
Lemur-2 Ozarak,USA,Commercial,Earth Observation,LEO,Non-Polar Inclined,0.0,10,2020-11-07,Spire Global,Satish Dhawan Space Centre,PSLV,Earth Observation
Lemur 2FM108,USA,Commercial,Earth Observation,LEO,Non-Polar Inclined,0.0,10,2019-12-11,Spire Global,Satish Dhawan Space Centre,PSLV,Earth Observation
Lemur 2F2,USA,Commercial,Earth Observation,LEO,Equatorial,0.0,10,2015-09-28,Spire Global,Satish Dhawan Space Centre,PSLV C-30,Earth Observation
Lemur 2F48,USA,Commercial,Earth Observation,LEO,Sun-Synchronous,0.0,10,2017-07-14,Spire Global,Baikonur Cosmodrome,Soyuz-2.1a,Earth Observation
Lemur 2F68,USA,Commercial,Earth Observation,LEO,Sun-Synchronous,0.0,10,2018-01-11,Spire Global,Satish Dhawan Space Centre,PSLV,Earth Observation
Lemur FM166,Luxembourg,Commercial,Earth Observation,LEO,Sun-Synchronous,0.0,10,2023-01-03,Spire Global,Cape Canaveral,Falcon 9,Earth Observation
Lemur-2 Ramonamae,USA,Commercial,Earth Observation,LEO,Sun-Synchronous,0.0,10,2022-01-13,Spire Global,Cape Canaveral,Falcon 9,Earth Observation
Lemur 2F25,USA,Commercial,Earth Observation,LEO,Sun-Synchronous,0.0,10,2017-02-15,Spire Global,Satish Dhawan Space Centre,PSLV-XL,Earth Observation
Lemur 2F88,USA,Commercial,Earth Observation,LEO,Sun-Synchronous,0.0,10,2018-12-27,Spire Global,Vostochny Cosmodrome,Soyuz-2.1a,Earth Observation
Lemur 2F33,USA,Commercial,Earth Observation,LEO,Non-Polar Inclined,0.0,10,2017-04-18,Spire Global,International Space Station - Cygnus,Nanorack Deployer,Earth Observation
Lemur 2F54,USA,Commercial,Earth Observation,LEO,Non-Polar Inclined,0.0,10,2017-12-08,Spire Global,International Space Station - Cygnus,Nanorack Deployer,Earth Observation
Lemur-2 Rohovithsa,USA,Commercial,Earth Observation,LEO,Sun-Synchronous,0.0,10,2022-01-13,Spire Global,Cape Canaveral,Falcon 9,Earth Observation
Lemur 2F53,USA,Commercial,Earth Observation,LEO,Non-Polar Inclined,0.0,10,2017-12-08,Spire Global,International Space Station - Cygnus,Nanorack Deployer,Earth Observation
Lemur-2 Romeo-N-LEO,USA,Commercial,Earth Observation,LEO,Sun-Synchronous,0.0,10,2023-04-15,Spire Global,Vandenberg AFB,Falcon 9,Earth Observation
Lemur 2F135,USA,Commercial,Earth Observation,LEO,Sun-Synchronous,0.0,10,2021-01-24,Spire Global,Cape Canaveral,Falcon 9,Earth Observation
Lemur 2F39,USA,Commercial,Earth Observation,LEO,Sun-Synchronous,0.0,10,2017-06-23,Spire Global,Satish Dhawan Space Centre,PSLV,Earth Observation
Lemur 2F136,USA,Commercial,Earth Observation,LEO,Sun-Synchronous,0.0,10,2021-01-24,Spire Global,Cape Canaveral,Falcon 9,Earth Observation
Lemur 2F93,USA,Commercial,Earth Observation,LEO,Sun-Synchronous,0.0,10,2018-12-27,Spire Global,Vostochny Cosmodrome,Soyuz-2.1a,Earth Observation
Lemur 2F24,USA,Commercial,Earth Observation,LEO,Sun-Synchronous,0.0,10,2017-02-15,Spire Global,Satish Dhawan Space Centre,PSLV-XL,Earth Observation
Lemur 2FM115,USA,Commercial,Earth Observation,LEO,Sun-Synchronous,0.0,10,2020-09-02,Spire Global,Guiana Space Center,Vega,Earth Observation
Lemur 2F34,USA,Commercial,Earth Observation,LEO,Sun-Synchronous,0.0,10,2017-06-23,Spire Global,Satish Dhawan Space Centre,PSLV,Earth Observation
Lemur 2FM121,USA,Commercial,Earth Observation,LEO,Sun-Synchronous,0.0,10,2020-09-28,Spire Global,Plesetsk Cosmodrome,Soyuz-2.1b,Earth Observation
Lemur 2F26,USA,Commercial,Earth Observation,LEO,Sun-Synchronous,0.0,10,2017-02-15,Spire Global,Satish Dhawan Space Centre,PSLV-XL,Earth Observation
Lemur 2F14,USA,Commercial,Earth Observation,LEO,Non-Polar Inclined,0.0,10,2016-10-17,Spire Global,Wallops Island Flight Facility,Antares 230,Earth Observation
Lemur 2F161,USA,Commercial,Earth Observation,LEO,Sun-Synchronous,0.0,10,2021-04-29,Spire Global,Guiana Space Center,Vega W18,Earth Observation
Lemur 2F23,USA,Commercial,Earth Observation,LEO,Sun-Synchronous,0.0,10,2017-02-15,Spire Global,Satish Dhawan Space Centre,PSLV-XL,Earth Observation
Lemur 2F32,USA,Commercial,Earth Observation,LEO,Non-Polar Inclined,0.0,10,2017-04-18,Spire Global,International Space Station - Cygnus,Nanorack Deployer,Earth Observation
Lemur 2FM117,USA,Commercial,Earth Observation,LEO,Sun-Synchronous,0.0,10,2020-09-02,Spire Global,Guiana Space Center,Vega,Earth Observation
Lemur FM168,Luxembourg,Commercial,Earth Observation,LEO,Sun-Synchronous,0.0,10,2023-01-03,Spire Global,Cape Canaveral,Falcon 9,Earth Observation
Lemur 2FM120,USA,Commercial,Earth Observation,LEO,Sun-Synchronous,0.0,10,2020-09-28,Spire Global,Plesetsk Cosmodrome,Soyuz-2.1b,Earth Observation
Lemur 2F29,USA,Commercial,Earth Observation,LEO,Sun-Synchronous,0.0,10,2017-02-15,Spire Global,Satish Dhawan Space Centre,PSLV-XL,Earth Observation
Lemur 2F72,USA,Commercial,Earth Observation,LEO,Polar,0.0,10,2018-01-21,Spire Global,Rocket Lab Launch Complex 1,Electron,Earth Observation
Lemur-2 TennysonLilly,USA,Commercial,Earth Observation,LEO,Sun-Synchronous,0.0,10,2022-05-25,Spire Global,Cape Canaveral,Falcon 9,Earth Observation
Lemur 2F75,USA,Commercial,Earth Observation,LEO,Sun-Synchronous,0.0,10,2018-01-31,Spire Global,Vostochny Cosmodrome,Soyuz-2.1a,Earth Observation
Lemur 2FM111,USA,Commercial,Earth Observation,LEO,Non-Polar Inclined,0.0,10,2019-12-11,Spire Global,Satish Dhawan Space Centre,PSLV,Earth Observation
Lemur 2F92,USA,Commercial,Earth Observation,LEO,Sun-Synchronous,0.0,10,2018-12-27,Spire Global,Vostochny Cosmodrome,Soyuz-2.1a,Earth Observation
Lemur 2F78,USA,Commercial,Earth Observation,LEO,Non-Polar Inclined,0.0,10,2018-07-16,Spire Global,Cygnus,Nanorack Deployer,Earth Observation
Lemur 2F77,USA,Commercial,Earth Observation,LEO,Sun-Synchronous,0.0,10,2018-01-31,Spire Global,Vostochny Cosmodrome,Soyuz-2.1a,Earth Observation
Lemur FM119,USA,Commercial,Earth Observation,LEO,Sun-Synchronous,0.0,10,2020-09-02,Spire Global,Guiana Space Center,Vega,Earth Observation
Lemur-2 VanDenDries,USA,Commercial,Earth Observation,LEO,Sun-Synchronous,0.0,10,2022-05-25,Spire Global,Cape Canaveral,Falcon 9,Earth Observation
Lemur 2FM100,USA,Commercial,Earth Observation,LEO,Sun-Synchronous,0.0,10,2019-04-01,Spire Global,Satish Dhawan Space Centre,PSLV,Earth Observation
Lemur 2F85,USA,Commercial,Earth Observation,LEO,Sun-Synchronous,0.0,10,2018-11-29,Spire Global,Satish Dhawan Space Centre,PSLV,Earth Observation
Lemur 2F81,USA,Commercial,Earth Observation,LEO,Non-Polar Inclined,0.0,10,2018-07-16,Spire Global,Cygnus,Nanorack Deployer,Earth Observation
Lemur 2F128,USA,Commercial,Earth Observation,LEO,Non-Polar Inclined,0.0,10,2020-11-07,Spire Global,Satish Dhawan Space Centre,PSLV,Earth Observation
Lemur 2FM102,USA,Commercial,Earth Observation,LEO,Sun-Synchronous,0.0,10,2019-07-05,Spire Global,Vostochny Cosmodrome,Soyuz-2.1b,Earth Observation
Lemur 2F17,USA,Commercial,Earth Observation,LEO,Non-Polar Inclined,0.0,10,2016-10-17,Spire Global,Wallops Island Flight Facility,Antares 230,Earth Observation
Lemur 2F15,USA,Commercial,Earth Observation,LEO,Non-Polar Inclined,0.0,10,2016-10-17,Spire Global,Wallops Island Flight Facility,Antares 230,Earth Observation
Lemur 2F35,USA,Commercial,Earth Observation,LEO,Sun-Synchronous,0.0,10,2017-06-23,Spire Global,Satish Dhawan Space Centre,PSLV,Earth Observation
Lemur 2FM103,USA,Commercial,Earth Observation,LEO,Sun-Synchronous,0.0,10,2019-07-05,Spire Global,Vostochny Cosmodrome,Soyuz-2.1b,Earth Observation
Lemur 2F50,USA,Commercial,Earth Observation,LEO,Non-Polar Inclined,0.0,10,2017-12-09,Spire Global,International Space Station - Cygnus,Nanorack Deployer,Earth Observation
Lemur 2F79,USA,Commercial,Earth Observation,LEO,Non-Polar Inclined,0.0,10,2018-07-16,Spire Global,Cygnus,Nanorack Deployer,Earth Observation
Lemur 2F46,USA,Commercial,Earth Observation,LEO,Sun-Synchronous,0.0,10,2017-07-14,Spire Global,Baikonur Cosmodrome,Soyuz-2.1a,Earth Observation
Lemur 2F91,USA,Commercial,Earth Observation,LEO,Sun-Synchronous,0.0,10,2018-12-27,Spire Global,Vostochny Cosmodrome,Soyuz-2.1a,Earth Observation
Lemur 2F82,USA,Commercial,Earth Observation,LEO,Polar,0.0,10,2018-11-10,Spire Global,Rocket Lab Launch Complex 1,Electron,Earth Observation
LEO CP9,USA,Civil,Technology Development,Elliptical,,0.0,6,2019-06-25,California Polytechnic State University,Cape Canaveral,Falcon Heavy,Technology Development
LEO Vantage 1,Canada,Commercial,Communications,LEO,Sun-Synchronous,0.0,100,2018-01-11,Surrey Satellite Technology Ltd.,Satish Dhawan Space Centre,PSLV,Communications
LilacSat-2,China,Civil,Technology Development,LEO,Sun-Synchronous,0.0,11,2015-09-19,Harbin Institute of Technology,Taiyuan Launch Center,Long March 6,Technology Development
LINCS-1,USA,Commercial,Communications,LEO,Sun-Synchronous,0.0,16,2021-06-30,General Atomics Electromagnetic Systems,Cape Canaveral,Falcon 9,Communications
LINCS-2,USA,Commercial,Communications,LEO,Sun-Synchronous,0.0,16,2021-06-30,General Atomics Electromagnetic Systems,Cape Canaveral,Falcon 9,Communications
Ling Qiao,China,Commercial,Technology Development,LEO,Sun-Synchronous,0.0,100,2014-09-04,Xinwei Telecom Technology Co/Tsinghua University,Jiuquan Satellite Launch Center,Long March 2D,Technology Development
Lingque 1A,China,Commercial,Earth Observation,LEO,Sun-Synchronous,0.0,3,2019-01-21,Beijing ZeroG Technology Co. Ltd.,Jiuquan Satellite Launch Center,Long March 11,Earth Observation
Lize 1,China,Commercial,Earth Observation,LEO,Sun-Synchronous,0.0,10,2021-12-06,Zhongke Xingrui,Jiuquan Satellite Launch Center,Ceres 1,Earth Observation
LLITED-A,USA,Commercial,Earth Science,LEO,Sun-Synchronous,0.0,2,2023-04-15,Aerospace Corporation,Vandenberg AFB,Falcon 9,Earth Science
LLITED-B,USA,Commercial,Earth Science,LEO,Sun-Synchronous,0.0,2,2023-04-15,Aerospace Corporation,Vandenberg AFB,Falcon 9,Earth Science
Long Xi Yan,China,Civil,Space Science,LEO,Sun-Synchronous,0.0,50,2020-07-25,"Shanghai ASES Spaceflight Technology Co. Ltd., NJU/HKU",Taiyuan Launch Center,Long March 4B,Space Science
LQSat,China,Commercial,Earth Observation,LEO,Sun-Synchronous,0.0,55,2015-10-07,USA,Jiuquan Satellite Launch Center,Long March 2D,Earth Observation
Luch 5A,Russia,Government,Communications,GEO,,166.99,950,2011-12-11,ISS Reshetnev/Thales Alenia Space,Baikonur Cosmodrome,Proton M,Communications
Lucky-7,Czech Republic,Commercial,Technology Development,LEO,Sun-Synchronous,0.0,1,2019-07-05,SkyFox Labs,Vostochny Cosmodrome,Soyuz-2.1b,Technology Development
Lume-1,Spain,Commercial/Civil,Communications,LEO,Sun-Synchronous,0.0,2,2018-12-27,University of Vigo/Alén Space,Vostochny Cosmodrome,Soyuz-2.1a,Communications
Luojia 1,China,Civil,Earth Observation,LEO,Sun-Synchronous,0.0,5,2018-06-03,Wuhan University,Jiuquan Satellite Launch Center,Long March 2D,Earth Observation
Luojia 3-01,China,Civil,Earth Observation,LEO,Sun-Synchronous,0.0,245,2023-01-15,Wuhan University,Taiyuan Launch Center,Long March 2D,Earth Observation
Lynk Tower 3,USA,Commercial,Communications,LEO,Sun-Synchronous,0.0,80,2023-01-03,Lynk Global,Cape Canaveral,Falcon 9,Communications
Lynk Tower 4,USA,Commercial,Communications,LEO,Sun-Synchronous,0.0,80,2023-01-03,Lynk Global,Cape Canaveral,Falcon 9,Communications
Lynk-4,USA,Commercial,Communications,LEO,Sun-Synchronous,0.0,8,2020-05-13,Lynk Global,Cygnus,Slingshot Deployer,Communications
Lynk-5,USA,Commercial,Communications,LEO,Sun-Synchronous,0.0,80,2022-04-01,Lynk Global,Cape Canaveral,Falcon 9,Communications
Lynk-6,USA,Commercial,Communications,LEO,Sun-Synchronous,0.0,30,2021-06-30,Lynk Global,Cape Canaveral,Falcon 9,Communications
M-Cubed/E1P-U2,USA,Civil,Technology Development,LEO,Polar,0.0,2,2011-10-28,University of Michigan/Montana University/Montana Space Grant Consortium,Vandenberg AFB,Delta 7920,Technology Development
M3MSat,Canada,Government,Earth Observation,LEO,Sun-Synchronous,0.0,85,2016-06-22,Com Dev International (Honeywell Canada),Satish Dhawan Space Centre,PSLV XL,Earth Observation
Mandrake 2A,USA,Military,Technology Development,LEO,Sun-Synchronous,0.0,23,2021-06-30,Astro Digital/SA Photonics,Cape Canaveral,Falcon 9,Technology Development
Mandrake 2B,USA,Military,Technology Development,LEO,Sun-Synchronous,0.0,23,2021-06-30,Astro Digital/SA Photonics,Cape Canaveral,Falcon 9,Technology Development
Maroc Tubsat,Morocco/Germany,Government,Technology Development,LEO,Sun-Synchronous,0.0,47,2001-12-10,CRTS Morocco/Institut für Luft-und Raumfahrttechnik,Baikonur Cosmodrome,Zenit,Technology Development
Max Valier,Italy,Civil,Space Science/Technology Development,LEO,Sun-Synchronous,0.0,16,2017-06-23,Two high schools and OHB System AG,Satish Dhawan Space Centre,PSLV,Space Science/Technology Development
MDASat-1A,South Africa,Government,Earth Observation,LEO,Sun-Synchronous,0.0,1,2022-01-13,Cape Peninsula University of Technology (CPUT),Cape Canaveral,Falcon 9,Earth Observation
MDASat-1B,South Africa,Government,Earth Observation,LEO,Sun-Synchronous,0.0,1,2022-01-13,Cape Peninsula University of Technology (CPUT),Cape Canaveral,Falcon 9,Earth Observation
MDASat-1C,South Africa,Government,Earth Observation,LEO,Sun-Synchronous,0.0,1,2022-01-13,Cape Peninsula University of Technology (CPUT),Cape Canaveral,Falcon 9,Earth Observation
Menut,Spain,Commercial,Earth Observation,LEO,Sun-Synchronous,0.0,10,2023-01-03,Open Cosmos,Cape Canaveral,Falcon 9,Earth Observation
Meshbed,USA,Government,Technology Development,LEO,Sun-Synchronous,0.0,5,2019-11-27,Analytical Space,Satish Dhawan Space Centre,PSLV,Technology Development
MeznSat,United Arab Emirates,Civil,Earth Observation,LEO,Sun-Synchronous,0.0,5,2020-09-28,Masdar Institute of Science and Technology,Plesetsk Cosmodrome,Soyuz-2.1b,Earth Observation
MicroDragon,Vietnam,Government,Earth Observation,LEO,Sun-Synchronous,0.0,51,2019-01-18,Built by Vietnamese engineers studying in Japan.,Uchinoura Space Center,Epsilon,Earth Observation
MicroMAS-2A ,USA,Civil/Government,Earth Observation,LEO,Sun-Synchronous,0.0,4,2018-01-11,MIT/LL-UM Amherst,Satish Dhawan Space Centre,PSLV,Earth Observation
MVL-300,Russia,Civil/Government,Space Science,LEO,Sun-Synchronous,0.0,645,2016-04-27,Roscosmos,Vostochny Cosmodrome,Soyuz-2.1a,Space Science
Cosmos 2561,Russia,Military,Surveillance,LEO,,0.0,500,2022-10-21,Unknown,Plesetsk Cosmodrome,Soyuz 2.1v,Surveillance
Cosmos 2562,Russia,Military,Surveillance,LEO,,0.0,500,2022-10-21,Unknown,Plesetsk Cosmodrome,Soyuz 2.1v,Surveillance
Monolith,USA,Military,Technology Development,LEO,Non-Polar Inclined,0.0,20,2021-07-29,"Space Dynamics Laboratory, Utah State University",Rocket Lab Launch Complex 1,Electron,Technology Development
Microvariability & Oscillations of Stars (MOST),Canada,Government,Space Science,LEO,Sun-Synchronous,0.0,53,2003-06-30,Dynacon Inc./University of Toronto Institute for Aerospace Studies/University of British Columbia,Plesetsk Cosmodrome,Rokot,Space Science
MOVE II,Germany,Government/Civil,Technology Development,LEO,Sun-Synchronous,0.0,2,2018-12-03,Technical University of Munich,Vandenberg AFB,Falcon 9,Technology Development
Mozhayets 4,Russia,Government/Civil,Technology Development,LEO,Sun-Synchronous,0.0,64,2003-09-27,Mozhaiskiy Space Engineering Academy,Plesetsk Cosmodrome,Kosmos 3M,Technology Development
MP6,Lithuania,Commercial,Technology Development,LEO,Sun-Synchronous,0.0,7,2019-04-01,NanoAvionics,Satish Dhawan Space Centre,PSLV,Technology Development
MyRadar-1,USA,Commercial,Technology Development,LEO,Sun-Synchronous,0.0,1,2022-05-02,ACMEO,Rocket Lab Launch Complex 1,Electron,Technology Development
NanoACE,USA,Commercial,Technology Development,LEO,Sun-Synchronous,0.0,6,2017-07-14,Tyvak Nanosatellite Systems,Baikonur Cosmodrome,Soyuz-2.1a,Technology Development
Nanosat-1,Spain,Government,Communications,LEO,Sun-Synchronous,0.0,20,2004-12-18,Instituto Nacional de Técnia Aeroespacial (INTA),Guiana Space Center,Ariane 5G,Communications
Nanosat-1B,Spain,Government,Communications/Technology Development,LEO,Sun-Synchronous,0.0,20,2009-07-29,Instituto Nacional de Técnia Aeroespacial (INTA),Baikonur Cosmodrome,Dnepr,Communications/Technology Development
NANOSATC-BR2,Brazil,Government/Civil,Earth Observation,LEO,Sun-Synchronous,0.0,3,2021-03-22,"Brazilian National Institute of Space Research (INPE/MCTI), Federal University of Santa Maria (UFSM)",Baikonur Cosmodrome,Soyuz-2.1a,Earth Observation
Nantong Zhongxue Hao,China,Civil,Technology Development,LEO,Sun-Synchronous,0.0,10,2023-01-09,Unknown,Jiuquan Satellite Launch Center,Ceres 1,Technology Development
NAPA-1,Thailand,Military,Earth Observation,LEO,Sun-Synchronous,0.0,10,2020-09-02,Innovative Solutions in Space,Guiana Space Center,Vega,Earth Observation
NAPA-2,Thailand,Military,Earth Observation,LEO,Sun-Synchronous,0.0,10,2021-06-30,Innovative Solutions in Space,Cape Canaveral,Falcon 9,Earth Observation
NARSSCUBE-2,Egypt,Government,Technology Development,LEO,Non-Polar Inclined,0.0,1,2019-07-25,National Authority for Remote Sensing and Space Sciences,Cape Canaveral,Falcon 9,Technology Development
Naxing 2,China,Civil,Technology Development,LEO,Sun-Synchronous,0.0,20,2015-09-19,Tsinghua University,Taiyuan Launch Center,Long March 6,Technology Development
NEMO-HD,Slovenia,Civil,Earth Observation,LEO,Sun-Synchronous,0.0,65,2020-09-02,University of Toronto Institute for Aerospace Studies Space Flight Laboratory,Guiana Space Center,Vega,Earth Observation
NEO-1,China,Commercial,Technology Development,LEO,Sun-Synchronous,0.0,40,2021-04-27,Origin Space,Taiyuan Launch Center,Long March 6,Technology Development
NEOSSat,Canada,Government,Space Observation,LEO,Sun-Synchronous,0.0,74,2013-02-25,Microsat Systems Canada Inc.,Satish Dhawan Space Centre,PSLV,Space Observation
Neptuno,Spain,Government,Earth Observation,LEO,Sun-Synchronous,0.0,4,2021-06-30,Deimos,Cape Canaveral,Falcon 9,Earth Observation
NeR,Singapore,Commercial,Earth Observation,LEO,,0.0,155,2022-06-30,Satrec Initiative,Satish Dhawan Space Centre,PSLV,Earth Observation
Netsat-1,Germany,Commercial,Technology Demonstration,LEO,Sun-Synchronous,0.0,4,2020-09-28,Würzburg Center for Telematics,Plesetsk Cosmodrome,Soyuz-2.1b,Technology Demonstration
Netsat-2,Germany,Commercial,Technology Demonstration,LEO,Sun-Synchronous,0.0,4,2020-09-28,Würzburg Center for Telematics,Plesetsk Cosmodrome,Soyuz-2.1b,Technology Demonstration
Netsat-3,Germany,Commercial,Technology Demonstration,LEO,Sun-Synchronous,0.0,4,2020-09-28,Würzburg Center for Telematics,Plesetsk Cosmodrome,Soyuz-2.1b,Technology Demonstration
Netsat-4,Germany,Commercial,Technology Demonstration,LEO,Sun-Synchronous,0.0,4,2020-09-28,Würzburg Center for Telematics,Plesetsk Cosmodrome,Soyuz-2.1b,Technology Demonstration
NextSat-1,South Korea,Government,Space Science,LEO,Sun-Synchronous,0.0,100,2018-12-03,SaTReC (Satellite Technology Research Center) of KAIST,Vandenberg AFB,Falcon 9,Space Science
Nexus,Japan,Civil,Communications,LEO,Sun-Synchronous,0.0,4,2019-01-18,Nahon University,Uchinoura Space Center,Epsilon,Communications
NigeriaSat-2,Nigeria,Government,Earth Observation,LEO,Sun-Synchronous,0.0,300,2011-08-17,Surrey Satellite Technology Ltd. ,Dombarovsky Air Base,Dnepr,Earth Observation
Nigeriasat-X,Nigeria,Government,Earth Observation/Technology Development,LEO,Sun-Synchronous,0.0,100,2011-08-17,Surrey Satellite Technology Ltd.,Dombarovsky Air Base,Dnepr,Earth Observation
Ningxia-1 01,China,Commercial,Earth Observation,LEO,Non-Polar Inclined,0.0,100,2019-11-13,DFH Satellite Co. Ltd.,Taiyuan Launch Center,Long March 6,Earth Observation
Ningxia-1 02,China,Commercial,Earth Observation,LEO,Non-Polar Inclined,0.0,100,2019-11-13,DFH Satellite Co. Ltd.,Taiyuan Launch Center,Long March 6,Earth Observation
Ningxia-1 03,China,Commercial,Earth Observation,LEO,Non-Polar Inclined,0.0,100,2019-11-13,DFH Satellite Co. Ltd.,Taiyuan Launch Center,Long March 6,Earth Observation
Ningxia-1 04,China,Commercial,Earth Observation,LEO,Non-Polar Inclined,0.0,100,2019-11-13,DFH Satellite Co. Ltd.,Taiyuan Launch Center,Long March 6,Earth Observation
Ningxia-1 05,China,Commercial,Earth Observation,LEO,Non-Polar Inclined,0.0,100,2019-11-13,DFH Satellite Co. Ltd.,Taiyuan Launch Center,Long March 6,Earth Observation
Ningxia-2 01,China,Commercial,Earth Observation,LEO,Non-Polar Inclined,0.0,100,2021-07-09,DFH Satellite Co. Ltd./CASC,Taiyuan Launch Center,Long March 6,Earth Observation
Ningxia-2 02,China,Commercial,Earth Observation,LEO,Non-Polar Inclined,0.0,100,2021-07-09,DFH Satellite Co. Ltd./CASC,Taiyuan Launch Center,Long March 6,Earth Observation
Ningxia-2 03,China,Commercial,Earth Observation,LEO,Non-Polar Inclined,0.0,100,2021-07-09,DFH Satellite Co. Ltd./CASC,Taiyuan Launch Center,Long March 6,Earth Observation
Ningxia-2 04,China,Commercial,Earth Observation,LEO,Non-Polar Inclined,0.0,100,2021-07-09,DFH Satellite Co. Ltd./CASC,Taiyuan Launch Center,Long March 6,Earth Observation
Ningxia-2 05,China,Commercial,Earth Observation,LEO,Non-Polar Inclined,0.0,100,2021-07-09,DFH Satellite Co. Ltd./CASC,Taiyuan Launch Center,Long March 6,Earth Observation
NIt,India,Civil,Technology Development,LEO,Sun-Synchronous,0.0,15,2017-06-22,Noorul Islam University,Satish Dhawan Space Centre,PSLV,Technology Development
Noor-2,Iran,Military,Earth Observation,LEO,Non-Polar Inclined,0.0,15,2022-04-08,Revolutionary Guard Corps,Shahroud Missile Range,Qased,Earth Observation
Norbi,Russia,Civil,Space Science,LEO,Sun-Synchronous,0.0,9,2020-09-28,Novosibirsk State University,Plesetsk Cosmodrome,Soyuz-2.1a,Space Science
NorSat-1,Norway,Government,Earth Science/Earth Observation,LEO,Sun-Synchronous,0.0,30,2017-07-14,Norwegian Space Center,Baikonur Cosmodrome,Soyuz-2.1a,Earth Observation
NorSat-2,Norway,Government,Earth Observation,LEO,Sun-Synchronous,0.0,16,2017-07-14,Norwegian Space Center,Baikonur Cosmodrome,Soyuz-2.1a,Earth Observation
NorSat-3,Norway,Government,Earth Observation,LEO,Sun-Synchronous,0.0,15,2021-04-29,Norwegian Space Center,Guiana Space Center,Vega W18,Earth Observation
NorSat-TD,Norway,Government,Earth Observation,LEO,Sun-Synchronous,0.0,35,2023-04-15,Norwegian Space Center,Vandenberg AFB,Falcon 9,Earth Observation
NovaSAR-1,United Kingdom,Government/Commercial,Earth Observation,LEO,Sun-Synchronous,0.0,430,2018-09-16,Surrey Satellite Technologies Ltd./Airbus Defense and Space,Satish Dhawan Space Centre,PSLV,Earth Observation
NPSat-1,USA,Civil/Military,Technology Development,LEO,Sun-Synchronous,0.0,85,2019-06-25,Naval Postgraduate School,Cape Canaveral,Falcon Heavy,Technology Development
USA 334,USA,Military,Earth Observation,LEO,Non-Polar Inclined,0.0,55,2022-07-13,Unknown,Rocket Lab Launch Complex 1,Electron,Earth Observation
USA 335,USA,Military,Technology Development,LEO,Polar,0.0,100,2022-08-04,Unknown,Rocket Lab Launch Complex 1,Electron,Technology Development
NSLSat-1,Israel,Commercial,Technology Development,LEO,Sun-Synchronous,0.0,8,2019-07-05,NSLComm,Vostochny Cosmodrome,Soyuz-2.1b,Technology Development
NSLSat-2,Israel,Commercial,Technology Development,LEO,Sun-Synchronous,0.0,10,2023-01-03,Clyde Space,Cape Canaveral,Falcon 9,Technology Development
Ñt-10,Argentina,Commercial,Earth Observation,LEO,Sun-Synchronous,0.0,45,2020-11-06,Satellogic,Taiyuan Launch Center,Long March 6,Earth Observation
Ñt-11,Argentina,Commercial,Earth Observation,LEO,Sun-Synchronous,0.0,45,2020-11-06,Satellogic,Taiyuan Launch Center,Long March 6,Earth Observation
Ñt-12,Argentina,Commercial,Earth Observation,LEO,Sun-Synchronous,0.0,45,2020-11-06,Satellogic,Taiyuan Launch Center,Long March 6,Earth Observation
Ñt-13,Argentina,Commercial,Earth Observation,LEO,Sun-Synchronous,0.0,45,2020-11-06,Satellogic,Taiyuan Launch Center,Long March 6,Earth Observation
Ñt-14,Argentina,Commercial,Earth Observation,LEO,Sun-Synchronous,0.0,45,2020-11-06,Satellogic,Taiyuan Launch Center,Long March 6,Earth Observation
Ñt-15,Argentina,Commercial,Earth Observation,LEO,Sun-Synchronous,0.0,45,2020-11-06,Satellogic,Taiyuan Launch Center,Long March 6,Earth Observation
Ñt-16,Argentina,Commercial,Earth Observation,LEO,Sun-Synchronous,0.0,45,2020-11-06,Satellogic,Taiyuan Launch Center,Long March 6,Earth Observation
Ñt-17,Argentina,Commercial,Earth Observation,LEO,Sun-Synchronous,0.0,45,2020-11-06,Satellogic,Taiyuan Launch Center,Long March 6,Earth Observation
Ñt-18,Argentina,Commercial,Earth Observation,LEO,Sun-Synchronous,0.0,45,2020-11-06,Satellogic,Taiyuan Launch Center,Long March 6,Earth Observation
Ñt-19,Argentina,Commercial,Earth Observation,LEO,Sun-Synchronous,0.0,37,2021-06-30,Satellogic,Cape Canaveral,Falcon 9,Earth Observation
Ñt-20,Argentina,Commercial,Earth Observation,LEO,Sun-Synchronous,0.0,37,2021-06-30,Satellogic,Cape Canaveral,Falcon 9,Earth Observation
Ñt-21,Argentina,Commercial,Earth Observation,LEO,Sun-Synchronous,0.0,37,2021-06-30,Satellogic,Cape Canaveral,Falcon 9,Earth Observation
Ñt-22,Argentina,Commercial,Earth Observation,LEO,Sun-Synchronous,0.0,37,2021-06-30,Satellogic,Cape Canaveral,Falcon 9,Earth Observation
Ñt-23,Argentina,Commercial,Earth Observation,LEO,Sun-Synchronous,0.0,42,2022-04-04,Satellogic,Cape Canaveral,Falcon 9,Earth Observation
Ñt-24,Argentina,Commercial,Earth Observation,LEO,Sun-Synchronous,0.0,42,2022-04-04,Satellogic,Cape Canaveral,Falcon 9,Earth Observation
Ñt-25,Argentina,Commercial,Earth Observation,LEO,Sun-Synchronous,0.0,42,2022-04-04,Satellogic,Cape Canaveral,Falcon 9,Earth Observation
Ñt-26,Argentina,Commercial,Earth Observation,LEO,Sun-Synchronous,0.0,42,2022-04-04,Satellogic,Cape Canaveral,Falcon 9,Earth Observation
Ñt-27,Argentina,Commercial,Earth Observation,LEO,Sun-Synchronous,0.0,42,2022-04-04,Satellogic,Cape Canaveral,Falcon 9,Earth Observation
Ñt-28,Argentina,Commercial,Earth Observation,LEO,Sun-Synchronous,0.0,42,2022-05-25,Satellogic,Cape Canaveral,Falcon 9,Earth Observation
Ñt-29,Argentina,Commercial,Earth Observation,LEO,Sun-Synchronous,0.0,42,2022-05-25,Satellogic,Cape Canaveral,Falcon 9,Earth Observation
Ñt-3 ,Argentina,Commercial,Earth Observation,LEO,Non-Polar Inclined,0.0,35,2017-06-15,Satellogic,Jiuquan Satellite Launch Center,Long March 4B,Earth Observation
Ñt-30,Argentina,Commercial,Earth Observation,LEO,Sun-Synchronous,0.0,42,2022-05-25,Satellogic,Cape Canaveral,Falcon 9,Earth Observation
Ñt-31,Argentina,Commercial,Earth Observation,LEO,Sun-Synchronous,0.0,42,2022-05-25,Satellogic,Cape Canaveral,Falcon 9,Earth Observation
Ñt-32,Argentina,Commercial,Earth Observation,LEO,Sun-Synchronous,0.0,42,2023-01-03,Satellogic,Cape Canaveral,Falcon 9,Earth Observation
Ñt-33,Argentina,Commercial,Earth Observation,LEO,Sun-Synchronous,0.0,42,2023-01-03,Satellogic,Cape Canaveral,Falcon 9,Earth Observation
Ñt-34,Argentina,Commercial,Earth Observation,LEO,Sun-Synchronous,0.0,42,2023-01-03,Satellogic,Cape Canaveral,Falcon 9,Earth Observation
Ñt-35,Argentina,Commercial,Earth Observation,LEO,Sun-Synchronous,0.0,42,2023-01-03,Satellogic,Cape Canaveral,Falcon 9,Earth Observation
Ñt-36,Argentina,Commercial,Earth Observation,LEO,Sun-Synchronous,0.0,42,2023-04-15,Satellogic,Vandenberg AFB,Falcon 9,Earth Observation
Ñt-37,Argentina,Commercial,Earth Observation,LEO,Sun-Synchronous,0.0,42,2023-04-15,Satellogic,Vandenberg AFB,Falcon 9,Earth Observation
Ñt-38,Argentina,Commercial,Earth Observation,LEO,Sun-Synchronous,0.0,42,2023-04-15,Satellogic,Vandenberg AFB,Falcon 9,Earth Observation
Ñt-39,Argentina,Commercial,Earth Observation,LEO,Sun-Synchronous,0.0,42,2023-04-15,Satellogic,Vandenberg AFB,Falcon 9,Earth Observation
Ñt-4,Argentina,Commercial,Earth Observation,LEO,Sun-Synchronous,0.0,35,2018-02-02,Satellogic,Jiuquan Satellite Launch Center,Long March 2D,Earth Observation
Ñt-5,Argentina,Commercial,Earth Observation,LEO,Sun-Synchronous,0.0,35,2018-02-02,Satellogic,Jiuquan Satellite Launch Center,Long March 2D,Earth Observation
Ñt-6 ,Argentina,Commercial,Earth Observation,LEO,Sun-Synchronous,0.0,35,2020-09-02,Satellogic,Guiana Space Center,Vega,Earth Observation
Ñt 7,Argentina,Commercial,Earth Observation,LEO,Sun-Synchronous,0.0,45,2020-01-15,Satellogic,Taiyuan Launch Center,Long March 2D,Earth Observation
Ñt 8,Argentina,Commercial,Earth Observation,LEO,Sun-Synchronous,0.0,45,2020-01-15,Satellogic,Taiyuan Launch Center,Long March 2D,Earth Observation
Ñt-9,Argentina,Commercial,Earth Observation,LEO,Sun-Synchronous,0.0,45,2020-11-06,Satellogic,Taiyuan Launch Center,Long March 6,Earth Observation
NuSTAR,USA,Government,Space Science,LEO,Equatorial,0.0,360,2012-06-13,Orbital Sciences Corp.,Kwajalein Island,Pegasus XL,Space Science
219,USA,Government/Civil,Space Science,LEO,Polar,0.0,6,2010-11-20,NASA/Ames Research Center,Kodiak Launch Complex,Minotaur 4,Space Science
O3b FM02,United Kingdom,Commercial,Communications,MEO,Equatorial,0.0,700,2013-06-25,Thales Alenia Space,Guiana Space Center,Soyuz-ST,Communications
O3b FM03,United Kingdom,Commercial,Communications,MEO,Equatorial,0.0,650,2014-07-10,Thales Alenia Space,Guiana Space Center,Soyuz-ST-B,Communications
O3b FM04,United Kingdom,Commercial,Communications,MEO,Equatorial,0.0,700,2013-06-25,Thales Alenia Space,Guiana Space Center,Soyuz-ST,Communications
O3b FM05,United Kingdom,Commercial,Communications,MEO,Equatorial,0.0,700,2013-06-25,Thales Alenia Space,Guiana Space Center,Soyuz-ST,Communications
O3b FM06,United Kingdom,Commercial,Communications,MEO,Equatorial,0.0,650,2014-07-10,Thales Alenia Space,Guiana Space Center,Soyuz-ST-B,Communications
O3b FM07,United Kingdom,Commercial,Communications,MEO,Equatorial,0.0,650,2014-07-10,Thales Alenia Space,Guiana Space Center,Soyuz-ST-B,Communications
O3b FM08,United Kingdom,Commercial,Communications,MEO,Equatorial,0.0,650,2014-07-10,Thales Alenia Space,Guiana Space Center,Soyuz-ST-B,Communications
O3b FM09,United Kingdom,Commercial,Communications,MEO,Equatorial,0.0,650,2014-12-18,Thales Alenia Space,Guiana Space Center,Soyuz-ST-B,Communications
O3b FM10,United Kingdom,Commercial,Communications,MEO,Equatorial,0.0,650,2014-12-18,Thales Alenia Space,Guiana Space Center,Soyuz-ST-B,Communications
O3b FM11,United Kingdom,Commercial,Communications,MEO,Equatorial,0.0,650,2014-12-18,Thales Alenia Space,Guiana Space Center,Soyuz-ST-B,Communications
O3b FM12,United Kingdom,Commercial,Communications,MEO,Equatorial,0.0,650,2014-12-18,Thales Alenia Space,Guiana Space Center,Soyuz-ST-B,Communications
O3b FM13,United Kingdom,Commercial,Communications,MEO,Equatorial,0.0,650,2018-03-09,Thales Alenia Space,Guiana Space Center,Soyuz-2.1b,Communications
O3b FM14,United Kingdom,Commercial,Communications,MEO,Equatorial,0.0,650,2018-03-09,Thales Alenia Space,Guiana Space Center,Soyuz-2.1b,Communications
O3b FM15,United Kingdom,Commercial,Communications,MEO,Equatorial,0.0,650,2018-03-09,Thales Alenia Space,Guiana Space Center,Soyuz-2.1b,Communications
O3b FM16,United Kingdom,Commercial,Communications,MEO,Equatorial,0.0,650,2018-03-09,Thales Alenia Space,Guiana Space Center,Soyuz-2.1b,Communications
O3b FM17,United Kingdom,Commercial,Communications,MEO,Equatorial,0.0,700,2019-04-04,Thales Alenia Space,Guiana Space Center,Soyuz-ST-B,Communications
O3b FM18,United Kingdom,Commercial,Communications,MEO,Equatorial,0.0,700,2019-04-04,Thales Alenia Space,Guiana Space Center,Soyuz-ST-B,Communications
O3b FM19,United Kingdom,Commercial,Communications,MEO,Equatorial,0.0,700,2019-04-04,Thales Alenia Space,Guiana Space Center,Soyuz-ST-B,Communications
O3b FM20,United Kingdom,Commercial,Communications,MEO,Equatorial,0.0,700,2019-04-04,Thales Alenia Space,Guiana Space Center,Soyuz-ST-B,Communications
O3b PFM,United Kingdom,Commercial,Communications,MEO,Equatorial,0.0,700,2013-06-25,Thales Alenia Space,Guiana Space Center,Soyuz-ST,Communications
OCO 2,USA,Government,Earth Observation,LEO,Sun-Synchronous,0.0,454,2014-07-02,Orbital Sciences Corp.,Vandenberg AFB,Delta 2,Earth Observation
Oculus ASR,USA,Military,Technology Development,Elliptical,,0.0,70,2019-06-25,Michigan Technological University/Air Force Research Laboratory,Cape Canaveral,Falcon Heavy,Technology Development
Odin,Sweden,Government,Earth Observation,LEO,Sun-Synchronous,0.0,250,2001-02-20,Swedish Space Corporation/Canadian Space Agency/National Technology Agency of Finland/Centre National d'Etudes Spatiales,Svobodny Cosmodrome,Start 1,Earth Observation
Ofeq 10,Israel,Military,Earth Observation,LEO,Non-Polar Inclined,0.0,300,2014-04-09,Israel Aerospace Industries (IAI),Palmachim Launch Complex ,Shavit,Earth Observation
Ofeq 11,Israel,Military,Earth Observation,LEO,Non-Polar Inclined,0.0,300,2016-09-13,Israel Aerospace Industries (IAI),Palmachim Launch Complex ,Shavit,Earth Observation
Ofeq 13,Israel,Military,Earth Observation,LEO,Retrograde,0.0,300,2023-03-28,Israel Aerospace Industries (IAI),Palmachim Launch Complex ,Shavit,Earth Observation
Ofeq 16,Israel,Military,Earth Observation,LEO,Non-Polar Inclined,0.0,300,2020-07-06,Israel Aerospace Industries (IAI),Palmachim Launch Complex ,Shavit 2,Earth Observation
Ofeq 5,Israel,Military,Earth Observation,LEO,Non-Polar Inclined,0.0,300,2002-05-28,"Israel Aircraft Industries (IAI), Missiles and Space Group",Palmachim Launch Complex ,Shavit,Earth Observation
Ofeq 7,Israel,Military,Earth Observation,LEO,Non-Polar Inclined,0.0,300,2007-06-10,Israel Aerospace Industries (IAI),Palmachim Launch Complex ,Shavit,Earth Observation
Ofeq 9,Israel,Military,Earth Observation,LEO,Non-Polar Inclined,0.0,300,2010-06-22,Israel Aerospace Industries (IAI),Palmachim Launch Complex ,Shavit,Earth Observation
OneWeb-0006,United Kingdom,Commercial,Communications,LEO,Polar,0.0,148,2019-02-27,OneWeb Satellites/Airbus,Guiana Space Center,Soyuz ST-B,Communications
OneWeb-0007,United Kingdom,Commercial,Communications,LEO,Polar,0.0,148,2019-02-27,OneWeb Satellites/Airbus,Guiana Space Center,Soyuz ST-B,Communications
OneWeb-0008,United Kingdom,Commercial,Communications,LEO,Polar,0.0,148,2019-02-27,OneWeb Satellites/Airbus,Guiana Space Center,Soyuz ST-B,Communications
OneWeb-0010,United Kingdom,Commercial,Communications,LEO,Polar,0.0,148,2019-02-27,OneWeb Satellites/Airbus,Guiana Space Center,Soyuz ST-B,Communications
OneWeb-0011,United Kingdom,Commercial,Communications,LEO,Polar,0.0,148,2019-02-27,OneWeb Satellites/Airbus,Guiana Space Center,Soyuz ST-B,Communications
OneWeb-0012,United Kingdom,Commercial,Communications,LEO,Polar,0.0,148,2019-02-27,OneWeb Satellites/Airbus,Guiana Space Center,Soyuz ST-B,Communications
OneWeb-0013,United Kingdom,Commercial,Communications,LEO,Polar,0.0,148,2020-02-06,OneWeb Satellites/Airbus,Baikonur Cosmodrome,Soyuz-2.1b,Communications
OneWeb-0017,United Kingdom,Commercial,Communications,LEO,Polar,0.0,148,2020-02-06,OneWeb Satellites/Airbus,Baikonur Cosmodrome,Soyuz-2.1b,Communications
OneWeb-0018,United Kingdom,Commercial,Communications,LEO,Polar,0.0,148,2020-03-21,OneWeb Satellites/Airbus,Baikonur Cosmodrome,Soyuz-2.1b,Communications
OneWeb-0019,United Kingdom,Commercial,Communications,LEO,Polar,0.0,148,2020-03-21,OneWeb Satellites/Airbus,Baikonur Cosmodrome,Soyuz-2.1b,Communications
OneWeb-0020,United Kingdom,Commercial,Communications,LEO,Polar,0.0,148,2020-02-06,OneWeb Satellites/Airbus,Baikonur Cosmodrome,Soyuz-2.1b,Communications
OneWeb-0021,United Kingdom,Commercial,Communications,LEO,Polar,0.0,148,2020-02-06,OneWeb Satellites/Airbus,Baikonur Cosmodrome,Soyuz-2.1b,Communications
OneWeb-0022,United Kingdom,Commercial,Communications,LEO,Polar,0.0,148,2020-02-06,OneWeb Satellites/Airbus,Baikonur Cosmodrome,Soyuz-2.1b,Communications
OneWeb-0023,United Kingdom,Commercial,Communications,LEO,Polar,0.0,148,2020-02-06,OneWeb Satellites/Airbus,Baikonur Cosmodrome,Soyuz-2.1b,Communications
OneWeb-0024,United Kingdom,Commercial,Communications,LEO,Polar,0.0,148,2020-02-06,OneWeb Satellites/Airbus,Baikonur Cosmodrome,Soyuz-2.1b,Communications
OneWeb-0025,United Kingdom,Commercial,Communications,LEO,Polar,0.0,148,2020-02-06,OneWeb Satellites/Airbus,Baikonur Cosmodrome,Soyuz-2.1b,Communications
OneWeb-0026,United Kingdom,Commercial,Communications,LEO,Polar,0.0,148,2020-02-06,OneWeb Satellites/Airbus,Baikonur Cosmodrome,Soyuz-2.1b,Communications
OneWeb-0027,United Kingdom,Commercial,Communications,LEO,Polar,0.0,148,2020-03-21,OneWeb Satellites/Airbus,Baikonur Cosmodrome,Soyuz-2.1b,Communications
OneWeb-0028,United Kingdom,Commercial,Communications,LEO,Polar,0.0,148,2020-02-06,OneWeb Satellites/Airbus,Baikonur Cosmodrome,Soyuz-2.1b,Communications
OneWeb-0029,United Kingdom,Commercial,Communications,LEO,Polar,0.0,148,2020-03-21,OneWeb Satellites/Airbus,Baikonur Cosmodrome,Soyuz-2.1b,Communications
OneWeb-0031,United Kingdom,Commercial,Communications,LEO,Polar,0.0,148,2020-03-21,OneWeb Satellites/Airbus,Baikonur Cosmodrome,Soyuz-2.1b,Communications
OneWeb-0032,United Kingdom,Commercial,Communications,LEO,Polar,0.0,148,2020-02-06,OneWeb Satellites/Airbus,Baikonur Cosmodrome,Soyuz-2.1b,Communications
OneWeb-0033,United Kingdom,Commercial,Communications,LEO,Polar,0.0,148,2020-02-06,OneWeb Satellites/Airbus,Baikonur Cosmodrome,Soyuz-2.1b,Communications
OneWeb-0034,United Kingdom,Commercial,Communications,LEO,Polar,0.0,148,2020-03-21,OneWeb Satellites/Airbus,Baikonur Cosmodrome,Soyuz-2.1b,Communications
OneWeb-0035,United Kingdom,Commercial,Communications,LEO,Polar,0.0,148,2020-02-06,OneWeb Satellites/Airbus,Baikonur Cosmodrome,Soyuz-2.1b,Communications
OneWeb-0036,United Kingdom,Commercial,Communications,LEO,Polar,0.0,148,2020-02-06,OneWeb Satellites/Airbus,Baikonur Cosmodrome,Soyuz-2.1b,Communications
OneWeb-0037,United Kingdom,Commercial,Communications,LEO,Polar,0.0,148,2020-03-21,OneWeb Satellites/Airbus,Baikonur Cosmodrome,Soyuz-2.1b,Communications
OneWeb-0038,United Kingdom,Commercial,Communications,LEO,Polar,0.0,148,2020-02-06,OneWeb Satellites/Airbus,Baikonur Cosmodrome,Soyuz-2.1b,Communications
OneWeb-0039,United Kingdom,Commercial,Communications,LEO,Polar,0.0,148,2020-02-06,OneWeb Satellites/Airbus,Baikonur Cosmodrome,Soyuz-2.1b,Communications
OneWeb-0040,United Kingdom,Commercial,Communications,LEO,Polar,0.0,148,2020-02-06,OneWeb Satellites/Airbus,Baikonur Cosmodrome,Soyuz-2.1b,Communications
OneWeb-0041,United Kingdom,Commercial,Communications,LEO,Polar,0.0,148,2020-02-06,OneWeb Satellites/Airbus,Baikonur Cosmodrome,Soyuz-2.1b,Communications
OneWeb-0042,United Kingdom,Commercial,Communications,LEO,Polar,0.0,148,2020-03-21,OneWeb Satellites/Airbus,Baikonur Cosmodrome,Soyuz-2.1b,Communications
OneWeb-0043,United Kingdom,Commercial,Communications,LEO,Polar,0.0,148,2020-02-06,OneWeb Satellites/Airbus,Baikonur Cosmodrome,Soyuz-2.1b,Communications
OneWeb-0044,United Kingdom,Commercial,Communications,LEO,Polar,0.0,148,2020-02-06,OneWeb Satellites/Airbus,Baikonur Cosmodrome,Soyuz-2.1b,Communications
OneWeb-0045,United Kingdom,Commercial,Communications,LEO,Polar,0.0,148,2020-02-06,OneWeb Satellites/Airbus,Baikonur Cosmodrome,Soyuz-2.1b,Communications
OneWeb-0046,United Kingdom,Commercial,Communications,LEO,Polar,0.0,148,2020-03-21,OneWeb Satellites/Airbus,Baikonur Cosmodrome,Soyuz-2.1b,Communications
OneWeb-0047,United Kingdom,Commercial,Communications,LEO,Polar,0.0,148,2020-02-06,OneWeb Satellites/Airbus,Baikonur Cosmodrome,Soyuz-2.1b,Communications
OneWeb-0048,United Kingdom,Commercial,Communications,LEO,Polar,0.0,148,2020-02-06,OneWeb Satellites/Airbus,Baikonur Cosmodrome,Soyuz-2.1b,Communications
OneWeb-0049,United Kingdom,Commercial,Communications,LEO,Polar,0.0,148,2020-02-06,OneWeb Satellites/Airbus,Baikonur Cosmodrome,Soyuz-2.1b,Communications
OneWeb-0050,United Kingdom,Commercial,Communications,LEO,Polar,0.0,148,2020-03-21,OneWeb Satellites/Airbus,Baikonur Cosmodrome,Soyuz-2.1b,Communications
OneWeb-0051,United Kingdom,Commercial,Communications,LEO,Polar,0.0,148,2020-02-06,OneWeb Satellites/Airbus,Baikonur Cosmodrome,Soyuz-2.1b,Communications
OneWeb-0052,United Kingdom,Commercial,Communications,LEO,Polar,0.0,148,2020-02-06,OneWeb Satellites/Airbus,Baikonur Cosmodrome,Soyuz-2.1b,Communications
OneWeb-0053,United Kingdom,Commercial,Communications,LEO,Polar,0.0,148,2020-02-06,OneWeb Satellites/Airbus,Baikonur Cosmodrome,Soyuz-2.1b,Communications
OneWeb-0054,United Kingdom,Commercial,Communications,LEO,Polar,0.0,148,2020-02-06,OneWeb Satellites/Airbus,Baikonur Cosmodrome,Soyuz-2.1b,Communications
OneWeb-0055,United Kingdom,Commercial,Communications,LEO,Polar,0.0,148,2020-03-21,OneWeb Satellites/Airbus,Baikonur Cosmodrome,Soyuz-2.1b,Communications
OneWeb-0056,United Kingdom,Commercial,Communications,LEO,Polar,0.0,148,2020-02-06,OneWeb Satellites/Airbus,Baikonur Cosmodrome,Soyuz-2.1b,Communications
OneWeb-0057,United Kingdom,Commercial,Communications,LEO,Polar,0.0,148,2020-02-06,OneWeb Satellites/Airbus,Baikonur Cosmodrome,Soyuz-2.1b,Communications
OneWeb-0058,United Kingdom,Commercial,Communications,LEO,Polar,0.0,148,2020-02-06,OneWeb Satellites/Airbus,Baikonur Cosmodrome,Soyuz-2.1b,Communications
OneWeb-0059,United Kingdom,Commercial,Communications,LEO,Polar,0.0,148,2020-02-06,OneWeb Satellites/Airbus,Baikonur Cosmodrome,Soyuz-2.1b,Communications
OneWeb-0060,United Kingdom,Commercial,Communications,LEO,Polar,0.0,148,2020-03-21,OneWeb Satellites/Airbus,Baikonur Cosmodrome,Soyuz-2.1b,Communications
OneWeb-0061,United Kingdom,Commercial,Communications,LEO,Polar,0.0,148,2020-03-21,OneWeb Satellites/Airbus,Baikonur Cosmodrome,Soyuz-2.1b,Communications
OneWeb-0062,United Kingdom,Commercial,Communications,LEO,Polar,0.0,148,2020-02-06,OneWeb Satellites/Airbus,Baikonur Cosmodrome,Soyuz-2.1b,Communications
OneWeb-0063,United Kingdom,Commercial,Communications,LEO,Polar,0.0,148,2020-03-21,OneWeb Satellites/Airbus,Baikonur Cosmodrome,Soyuz-2.1b,Communications
OneWeb-0064,United Kingdom,Commercial,Communications,LEO,Polar,0.0,148,2020-03-21,OneWeb Satellites/Airbus,Baikonur Cosmodrome,Soyuz-2.1b,Communications
OneWeb-0065,United Kingdom,Commercial,Communications,LEO,Polar,0.0,148,2020-02-06,OneWeb Satellites/Airbus,Baikonur Cosmodrome,Soyuz-2.1b,Communications
OneWeb-0066,United Kingdom,Commercial,Communications,LEO,Polar,0.0,148,2020-03-21,OneWeb Satellites/Airbus,Baikonur Cosmodrome,Soyuz-2.1b,Communications
OneWeb-0067,United Kingdom,Commercial,Communications,LEO,Polar,0.0,148,2020-03-21,OneWeb Satellites/Airbus,Baikonur Cosmodrome,Soyuz-2.1b,Communications
OneWeb-0068,United Kingdom,Commercial,Communications,LEO,Polar,0.0,148,2020-03-21,OneWeb Satellites/Airbus,Baikonur Cosmodrome,Soyuz-2.1b,Communications
OneWeb-0069,United Kingdom,Commercial,Communications,LEO,Polar,0.0,148,2020-03-21,OneWeb Satellites/Airbus,Baikonur Cosmodrome,Soyuz-2.1b,Communications
OneWeb-0080,United Kingdom,Commercial,Communications,LEO,Polar,0.0,148,2020-03-21,OneWeb Satellites/Airbus,Baikonur Cosmodrome,Soyuz-2.1b,Communications
OneWeb-0081,United Kingdom,Commercial,Communications,LEO,Polar,0.0,148,2020-03-21,OneWeb Satellites/Airbus,Baikonur Cosmodrome,Soyuz-2.1b,Communications
OneWeb-0082,United Kingdom,Commercial,Communications,LEO,Polar,0.0,148,2020-03-21,OneWeb Satellites/Airbus,Baikonur Cosmodrome,Soyuz-2.1b,Communications
OneWeb-0083,United Kingdom,Commercial,Communications,LEO,Polar,0.0,148,2020-03-21,OneWeb Satellites/Airbus,Baikonur Cosmodrome,Soyuz-2.1b,Communications
OneWeb-0085,United Kingdom,Commercial,Communications,LEO,Polar,0.0,148,2020-03-21,OneWeb Satellites/Airbus,Baikonur Cosmodrome,Soyuz-2.1b,Communications
OneWeb-0086,United Kingdom,Commercial,Communications,LEO,Polar,0.0,148,2020-03-21,OneWeb Satellites/Airbus,Baikonur Cosmodrome,Soyuz-2.1b,Communications
OneWeb-0087,United Kingdom,Commercial,Communications,LEO,Polar,0.0,148,2020-03-21,OneWeb Satellites/Airbus,Baikonur Cosmodrome,Soyuz-2.1b,Communications
OneWeb-0088,United Kingdom,Commercial,Communications,LEO,Polar,0.0,148,2020-03-21,OneWeb Satellites/Airbus,Baikonur Cosmodrome,Soyuz-2.1b,Communications
OneWeb-0090,United Kingdom,Commercial,Communications,LEO,Polar,0.0,148,2020-03-21,OneWeb Satellites/Airbus,Baikonur Cosmodrome,Soyuz-2.1b,Communications
OneWeb-0092,United Kingdom,Commercial,Communications,LEO,Polar,0.0,148,2020-03-21,OneWeb Satellites/Airbus,Baikonur Cosmodrome,Soyuz-2.1b,Communications
OneWeb-0093,United Kingdom,Commercial,Communications,LEO,Polar,0.0,148,2020-03-21,OneWeb Satellites/Airbus,Baikonur Cosmodrome,Soyuz-2.1b,Communications
OneWeb-0094,United Kingdom,Commercial,Communications,LEO,Polar,0.0,148,2020-03-21,OneWeb Satellites/Airbus,Baikonur Cosmodrome,Soyuz-2.1b,Communications
OneWeb-0095,United Kingdom,Commercial,Communications,LEO,Polar,0.0,148,2020-03-21,OneWeb Satellites/Airbus,Baikonur Cosmodrome,Soyuz-2.1b,Communications
OneWeb-0096,United Kingdom,Commercial,Communications,LEO,Polar,0.0,148,2020-03-21,OneWeb Satellites/Airbus,Baikonur Cosmodrome,Soyuz-2.1b,Communications
OneWeb-0098,United Kingdom,Commercial,Communications,LEO,Polar,0.0,148,2020-03-21,OneWeb Satellites/Airbus,Baikonur Cosmodrome,Soyuz-2.1b,Communications
OneWeb-0101 ,United Kingdom,Commercial,Communications,LEO,Polar,0.0,148,2021-03-25,OneWeb Satellites/Airbus,Vostochny Cosmodrome,Soyuz-2.1b,Communications
OneWeb-0102,United Kingdom,Commercial,Communications,LEO,Polar,0.0,148,2020-12-18,OneWeb Satellites/Airbus,Vostochny Cosmodrome,Soyuz-2.1b,Communications
OneWeb-0107 ,United Kingdom,Commercial,Communications,LEO,Polar,0.0,148,2021-03-25,OneWeb Satellites/Airbus,Vostochny Cosmodrome,Soyuz-2.1b,Communications
OneWeb-0108 ,United Kingdom,Commercial,Communications,LEO,Polar,0.0,148,2021-03-25,OneWeb Satellites/Airbus,Vostochny Cosmodrome,Soyuz-2.1b,Communications
OneWeb-0109 ,United Kingdom,Commercial,Communications,LEO,Polar,0.0,148,2020-12-18,OneWeb Satellites/Airbus,Vostochny Cosmodrome,Soyuz-2.1b,Communications
OneWeb-0110 ,United Kingdom,Commercial,Communications,LEO,Polar,0.0,148,2020-12-18,OneWeb Satellites/Airbus,Vostochny Cosmodrome,Soyuz-2.1b,Communications
OneWeb-0111 ,United Kingdom,Commercial,Communications,LEO,Polar,0.0,148,2020-12-18,OneWeb Satellites/Airbus,Vostochny Cosmodrome,Soyuz-2.1b,Communications
OneWeb-0112 ,United Kingdom,Commercial,Communications,LEO,Polar,0.0,148,2021-03-25,OneWeb Satellites/Airbus,Vostochny Cosmodrome,Soyuz-2.1b,Communications
OneWeb-0113 ,United Kingdom,Commercial,Communications,LEO,Polar,0.0,148,2021-03-25,OneWeb Satellites/Airbus,Vostochny Cosmodrome,Soyuz-2.1b,Communications
OneWeb-0114 ,United Kingdom,Commercial,Communications,LEO,Polar,0.0,148,2020-12-18,OneWeb Satellites/Airbus,Vostochny Cosmodrome,Soyuz-2.1b,Communications
OneWeb-0115 ,United Kingdom,Commercial,Communications,LEO,Polar,0.0,148,2021-03-25,OneWeb Satellites/Airbus,Vostochny Cosmodrome,Soyuz-2.1b,Communications
OneWeb-0116 ,United Kingdom,Commercial,Communications,LEO,Polar,0.0,148,2021-03-25,OneWeb Satellites/Airbus,Vostochny Cosmodrome,Soyuz-2.1b,Communications
OneWeb-0117 ,United Kingdom,Commercial,Communications,LEO,Polar,0.0,148,2020-12-18,OneWeb Satellites/Airbus,Vostochny Cosmodrome,Soyuz-2.1b,Communications
OneWeb-0118 ,United Kingdom,Commercial,Communications,LEO,Polar,0.0,148,2020-12-18,OneWeb Satellites/Airbus,Vostochny Cosmodrome,Soyuz-2.1b,Communications
OneWeb-0119 ,United Kingdom,Commercial,Communications,LEO,Polar,0.0,148,2020-12-18,OneWeb Satellites/Airbus,Vostochny Cosmodrome,Soyuz-2.1b,Communications
OneWeb-0120 ,United Kingdom,Commercial,Communications,LEO,Polar,0.0,148,2020-12-18,OneWeb Satellites/Airbus,Vostochny Cosmodrome,Soyuz-2.1b,Communications
OneWeb-0121 ,United Kingdom,Commercial,Communications,LEO,Polar,0.0,148,2020-12-18,OneWeb Satellites/Airbus,Vostochny Cosmodrome,Soyuz-2.1b,Communications
OneWeb-0122 ,United Kingdom,Commercial,Communications,LEO,Polar,0.0,148,2020-12-18,OneWeb Satellites/Airbus,Vostochny Cosmodrome,Soyuz-2.1b,Communications
OneWeb-0123 ,United Kingdom,Commercial,Communications,LEO,Polar,0.0,148,2020-12-18,OneWeb Satellites/Airbus,Vostochny Cosmodrome,Soyuz-2.1b,Communications
OneWeb-0124 ,United Kingdom,Commercial,Communications,LEO,Polar,0.0,148,2020-12-18,OneWeb Satellites/Airbus,Vostochny Cosmodrome,Soyuz-2.1b,Communications
OneWeb-0125 ,United Kingdom,Commercial,Communications,LEO,Polar,0.0,148,2020-12-18,OneWeb Satellites/Airbus,Vostochny Cosmodrome,Soyuz-2.1b,Communications
OneWeb-0126 ,United Kingdom,Commercial,Communications,LEO,Polar,0.0,148,2020-12-18,OneWeb Satellites/Airbus,Vostochny Cosmodrome,Soyuz-2.1b,Communications
OneWeb-0127 ,United Kingdom,Commercial,Communications,LEO,Polar,0.0,148,2020-12-18,OneWeb Satellites/Airbus,Vostochny Cosmodrome,Soyuz-2.1b,Communications
OneWeb-0128 ,United Kingdom,Commercial,Communications,LEO,Polar,0.0,148,2020-12-18,OneWeb Satellites/Airbus,Vostochny Cosmodrome,Soyuz-2.1b,Communications
OneWeb-0129 ,United Kingdom,Commercial,Communications,LEO,Polar,0.0,148,2020-12-18,OneWeb Satellites/Airbus,Vostochny Cosmodrome,Soyuz-2.1b,Communications
OneWeb-0130 ,United Kingdom,Commercial,Communications,LEO,Polar,0.0,148,2020-12-18,OneWeb Satellites/Airbus,Vostochny Cosmodrome,Soyuz-2.1b,Communications
OneWeb-0131 ,United Kingdom,Commercial,Communications,LEO,Polar,0.0,148,2020-12-18,OneWeb Satellites/Airbus,Vostochny Cosmodrome,Soyuz-2.1b,Communications
OneWeb-0132 ,United Kingdom,Commercial,Communications,LEO,Polar,0.0,148,2020-12-18,OneWeb Satellites/Airbus,Vostochny Cosmodrome,Soyuz-2.1b,Communications
OneWeb-0133 ,United Kingdom,Commercial,Communications,LEO,Polar,0.0,148,2020-12-18,OneWeb Satellites/Airbus,Vostochny Cosmodrome,Soyuz-2.1b,Communications
OneWeb-0134 ,United Kingdom,Commercial,Communications,LEO,Polar,0.0,148,2020-12-18,OneWeb Satellites/Airbus,Vostochny Cosmodrome,Soyuz-2.1b,Communications
OneWeb-0135 ,United Kingdom,Commercial,Communications,LEO,Polar,0.0,148,2020-12-18,OneWeb Satellites/Airbus,Vostochny Cosmodrome,Soyuz-2.1b,Communications
OneWeb-0136 ,United Kingdom,Commercial,Communications,LEO,Polar,0.0,148,2020-12-18,OneWeb Satellites/Airbus,Vostochny Cosmodrome,Soyuz-2.1b,Communications
OneWeb-0137 ,United Kingdom,Commercial,Communications,LEO,Polar,0.0,148,2020-12-18,OneWeb Satellites/Airbus,Vostochny Cosmodrome,Soyuz-2.1b,Communications
OneWeb-0138 ,United Kingdom,Commercial,Communications,LEO,Polar,0.0,148,2020-12-18,OneWeb Satellites/Airbus,Vostochny Cosmodrome,Soyuz-2.1b,Communications
OneWeb-0139 ,United Kingdom,Commercial,Communications,LEO,Polar,0.0,148,2020-12-18,OneWeb Satellites/Airbus,Vostochny Cosmodrome,Soyuz-2.1b,Communications
OneWeb-0140 ,United Kingdom,Commercial,Communications,LEO,Polar,0.0,148,2020-12-18,OneWeb Satellites/Airbus,Vostochny Cosmodrome,Soyuz-2.1b,Communications
OneWeb-0141 ,United Kingdom,Commercial,Communications,LEO,Polar,0.0,148,2020-12-18,OneWeb Satellites/Airbus,Vostochny Cosmodrome,Soyuz-2.1b,Communications
OneWeb-0142 ,United Kingdom,Commercial,Communications,LEO,Polar,0.0,148,2020-12-18,OneWeb Satellites/Airbus,Vostochny Cosmodrome,Soyuz-2.1b,Communications
OneWeb-0143 ,United Kingdom,Commercial,Communications,LEO,Polar,0.0,148,2020-12-18,OneWeb Satellites/Airbus,Vostochny Cosmodrome,Soyuz-2.1b,Communications
OneWeb-0144 ,United Kingdom,Commercial,Communications,LEO,Polar,0.0,148,2020-12-18,OneWeb Satellites/Airbus,Vostochny Cosmodrome,Soyuz-2.1b,Communications
OneWeb-0145 ,United Kingdom,Commercial,Communications,LEO,Polar,0.0,148,2020-12-18,OneWeb Satellites/Airbus,Vostochny Cosmodrome,Soyuz-2.1b,Communications
OneWeb-0146 ,United Kingdom,Commercial,Communications,LEO,Polar,0.0,148,2020-12-18,OneWeb Satellites/Airbus,Vostochny Cosmodrome,Soyuz-2.1b,Communications
OneWeb-0147 ,United Kingdom,Commercial,Communications,LEO,Polar,0.0,148,2020-12-18,OneWeb Satellites/Airbus,Vostochny Cosmodrome,Soyuz-2.1b,Communications
OneWeb-0148 ,United Kingdom,Commercial,Communications,LEO,Polar,0.0,148,2021-03-25,OneWeb Satellites/Airbus,Vostochny Cosmodrome,Soyuz-2.1b,Communications
OneWeb-0149 ,United Kingdom,Commercial,Communications,LEO,Polar,0.0,148,2021-03-25,OneWeb Satellites/Airbus,Vostochny Cosmodrome,Soyuz-2.1b,Communications
OneWeb-0150 ,United Kingdom,Commercial,Communications,LEO,Polar,0.0,148,2021-03-25,OneWeb Satellites/Airbus,Vostochny Cosmodrome,Soyuz-2.1b,Communications
OneWeb-0151 ,United Kingdom,Commercial,Communications,LEO,Polar,0.0,148,2021-03-25,OneWeb Satellites/Airbus,Vostochny Cosmodrome,Soyuz-2.1b,Communications
OneWeb-0152 ,United Kingdom,Commercial,Communications,LEO,Polar,0.0,148,2021-03-25,OneWeb Satellites/Airbus,Vostochny Cosmodrome,Soyuz-2.1b,Communications
OneWeb-0153 ,United Kingdom,Commercial,Communications,LEO,Polar,0.0,148,2021-03-25,OneWeb Satellites/Airbus,Vostochny Cosmodrome,Soyuz-2.1b,Communications
OneWeb-0154 ,United Kingdom,Commercial,Communications,LEO,Polar,0.0,148,2021-03-25,OneWeb Satellites/Airbus,Vostochny Cosmodrome,Soyuz-2.1b,Communications
OneWeb-0155 ,United Kingdom,Commercial,Communications,LEO,Polar,0.0,148,2021-03-25,OneWeb Satellites/Airbus,Vostochny Cosmodrome,Soyuz-2.1b,Communications
OneWeb-0156 ,United Kingdom,Commercial,Communications,LEO,Polar,0.0,148,2021-03-25,OneWeb Satellites/Airbus,Vostochny Cosmodrome,Soyuz-2.1b,Communications
OneWeb-0157 ,United Kingdom,Commercial,Communications,LEO,Polar,0.0,148,2021-03-25,OneWeb Satellites/Airbus,Vostochny Cosmodrome,Soyuz-2.1b,Communications
OneWeb-0158 ,United Kingdom,Commercial,Communications,LEO,Polar,0.0,148,2021-03-25,OneWeb Satellites/Airbus,Vostochny Cosmodrome,Soyuz-2.1b,Communications
OneWeb-0159 ,United Kingdom,Commercial,Communications,LEO,Polar,0.0,148,2021-03-25,OneWeb Satellites/Airbus,Vostochny Cosmodrome,Soyuz-2.1b,Communications
OneWeb-0160 ,United Kingdom,Commercial,Communications,LEO,Polar,0.0,148,2021-03-25,OneWeb Satellites/Airbus,Vostochny Cosmodrome,Soyuz-2.1b,Communications
OneWeb-0161 ,United Kingdom,Commercial,Communications,LEO,Polar,0.0,148,2021-03-25,OneWeb Satellites/Airbus,Vostochny Cosmodrome,Soyuz-2.1b,Communications
OneWeb-0162 ,United Kingdom,Commercial,Communications,LEO,Polar,0.0,148,2021-03-25,OneWeb Satellites/Airbus,Vostochny Cosmodrome,Soyuz-2.1b,Communications
OneWeb-0163 ,United Kingdom,Commercial,Communications,LEO,Polar,0.0,148,2021-03-25,OneWeb Satellites/Airbus,Vostochny Cosmodrome,Soyuz-2.1b,Communications
OneWeb-0164 ,United Kingdom,Commercial,Communications,LEO,Polar,0.0,148,2021-03-25,OneWeb Satellites/Airbus,Vostochny Cosmodrome,Soyuz-2.1b,Communications
OneWeb-0165 ,United Kingdom,Commercial,Communications,LEO,Polar,0.0,148,2021-04-25,OneWeb Satellites/Airbus,Vostochny Cosmodrome,Soyuz-2.1b,Communications
OneWeb-0166 ,United Kingdom,Commercial,Communications,LEO,Polar,0.0,148,2021-03-25,OneWeb Satellites/Airbus,Vostochny Cosmodrome,Soyuz-2.1b,Communications
OneWeb-0167 ,United Kingdom,Commercial,Communications,LEO,Polar,0.0,148,2021-03-25,OneWeb Satellites/Airbus,Vostochny Cosmodrome,Soyuz-2.1b,Communications
OneWeb-0168 ,United Kingdom,Commercial,Communications,LEO,Polar,0.0,148,2021-03-25,OneWeb Satellites/Airbus,Vostochny Cosmodrome,Soyuz-2.1b,Communications
OneWeb-0169 ,United Kingdom,Commercial,Communications,LEO,Polar,0.0,148,2021-03-25,OneWeb Satellites/Airbus,Vostochny Cosmodrome,Soyuz-2.1b,Communications
OneWeb-0170 ,United Kingdom,Commercial,Communications,LEO,Polar,0.0,148,2021-03-25,OneWeb Satellites/Airbus,Vostochny Cosmodrome,Soyuz-2.1b,Communications
OneWeb-0171 ,United Kingdom,Commercial,Communications,LEO,Polar,0.0,148,2021-03-25,OneWeb Satellites/Airbus,Vostochny Cosmodrome,Soyuz-2.1b,Communications
OneWeb-0172 ,United Kingdom,Commercial,Communications,LEO,Polar,0.0,148,2021-03-25,OneWeb Satellites/Airbus,Vostochny Cosmodrome,Soyuz-2.1b,Communications
OneWeb-0173 ,United Kingdom,Commercial,Communications,LEO,Polar,0.0,148,2021-03-25,OneWeb Satellites/Airbus,Vostochny Cosmodrome,Soyuz-2.1b,Communications
OneWeb-0174 ,United Kingdom,Commercial,Communications,LEO,Polar,0.0,148,2021-03-25,OneWeb Satellites/Airbus,Vostochny Cosmodrome,Soyuz-2.1b,Communications
OneWeb-0175 ,United Kingdom,Commercial,Communications,LEO,Polar,0.0,148,2021-03-25,OneWeb Satellites/Airbus,Vostochny Cosmodrome,Soyuz-2.1b,Communications
OneWeb-0176 ,United Kingdom,Commercial,Communications,LEO,Polar,0.0,148,2021-04-25,OneWeb Satellites/Airbus,Vostochny Cosmodrome,Soyuz-2.1b,Communications
OneWeb-0177 ,United Kingdom,Commercial,Communications,LEO,Polar,0.0,148,2021-03-25,OneWeb Satellites/Airbus,Vostochny Cosmodrome,Soyuz-2.1b,Communications
OneWeb-0178 ,United Kingdom,Commercial,Communications,LEO,Polar,0.0,148,2021-03-25,OneWeb Satellites/Airbus,Vostochny Cosmodrome,Soyuz-2.1b,Communications
OneWeb-0179 ,United Kingdom,Commercial,Communications,LEO,Polar,0.0,148,2021-04-25,OneWeb Satellites/Airbus,Vostochny Cosmodrome,Soyuz-2.1b,Communications
OneWeb-0180 ,United Kingdom,Commercial,Communications,LEO,Polar,0.0,148,2021-04-25,OneWeb Satellites/Airbus,Vostochny Cosmodrome,Soyuz-2.1b,Communications
OneWeb-0181 ,United Kingdom,Commercial,Communications,LEO,Polar,0.0,148,2021-04-25,OneWeb Satellites/Airbus,Vostochny Cosmodrome,Soyuz-2.1b,Communications
OneWeb-0182 ,United Kingdom,Commercial,Communications,LEO,Polar,0.0,148,2021-04-25,OneWeb Satellites/Airbus,Vostochny Cosmodrome,Soyuz-2.1b,Communications
OneWeb-0183 ,United Kingdom,Commercial,Communications,LEO,Polar,0.0,148,2021-04-25,OneWeb Satellites/Airbus,Vostochny Cosmodrome,Soyuz-2.1b,Communications
OneWeb-0184 ,United Kingdom,Commercial,Communications,LEO,Polar,0.0,148,2021-04-25,OneWeb Satellites/Airbus,Vostochny Cosmodrome,Soyuz-2.1b,Communications
OneWeb-0185 ,United Kingdom,Commercial,Communications,LEO,Polar,0.0,148,2021-04-25,OneWeb Satellites/Airbus,Vostochny Cosmodrome,Soyuz-2.1b,Communications
OneWeb-0186 ,United Kingdom,Commercial,Communications,LEO,Polar,0.0,148,2021-04-25,OneWeb Satellites/Airbus,Vostochny Cosmodrome,Soyuz-2.1b,Communications
OneWeb-0187 ,United Kingdom,Commercial,Communications,LEO,Polar,0.0,148,2021-04-25,OneWeb Satellites/Airbus,Vostochny Cosmodrome,Soyuz-2.1b,Communications
OneWeb-0188 ,United Kingdom,Commercial,Communications,LEO,Polar,0.0,148,2021-04-25,OneWeb Satellites/Airbus,Vostochny Cosmodrome,Soyuz-2.1b,Communications
OneWeb-0189 ,United Kingdom,Commercial,Communications,LEO,Polar,0.0,148,2021-04-25,OneWeb Satellites/Airbus,Vostochny Cosmodrome,Soyuz-2.1b,Communications
OneWeb-0190,United Kingdom,Commercial,Communications,LEO,Polar,0.0,148,2021-05-28,OneWeb Satellites/Airbus,Vostochny Cosmodrome,Soyuz-2.1b,Communications
OneWeb-0191 ,United Kingdom,Commercial,Communications,LEO,Polar,0.0,148,2021-04-25,OneWeb Satellites/Airbus,Vostochny Cosmodrome,Soyuz-2.1b,Communications
OneWeb-0192 ,United Kingdom,Commercial,Communications,LEO,Polar,0.0,148,2021-04-25,OneWeb Satellites/Airbus,Vostochny Cosmodrome,Soyuz-2.1b,Communications
OneWeb-0193 ,United Kingdom,Commercial,Communications,LEO,Polar,0.0,148,2021-04-25,OneWeb Satellites/Airbus,Vostochny Cosmodrome,Soyuz-2.1b,Communications
OneWeb-0194 ,United Kingdom,Commercial,Communications,LEO,Polar,0.0,148,2021-04-25,OneWeb Satellites/Airbus,Vostochny Cosmodrome,Soyuz-2.1b,Communications
OneWeb-0195 ,United Kingdom,Commercial,Communications,LEO,Polar,0.0,148,2021-04-25,OneWeb Satellites/Airbus,Vostochny Cosmodrome,Soyuz-2.1b,Communications
OneWeb-0196 ,United Kingdom,Commercial,Communications,LEO,Polar,0.0,148,2021-04-25,OneWeb Satellites/Airbus,Vostochny Cosmodrome,Soyuz-2.1b,Communications
OneWeb-0197 ,United Kingdom,Commercial,Communications,LEO,Polar,0.0,148,2021-04-25,OneWeb Satellites/Airbus,Vostochny Cosmodrome,Soyuz-2.1b,Communications
OneWeb-0198 ,United Kingdom,Commercial,Communications,LEO,Polar,0.0,148,2021-04-25,OneWeb Satellites/Airbus,Vostochny Cosmodrome,Soyuz-2.1b,Communications
OneWeb-0199 ,United Kingdom,Commercial,Communications,LEO,Polar,0.0,148,2021-04-25,OneWeb Satellites/Airbus,Vostochny Cosmodrome,Soyuz-2.1b,Communications
OneWeb-0200 ,United Kingdom,Commercial,Communications,LEO,Polar,0.0,148,2021-04-25,OneWeb Satellites/Airbus,Vostochny Cosmodrome,Soyuz-2.1b,Communications
OneWeb-0201 ,United Kingdom,Commercial,Communications,LEO,Polar,0.0,148,2021-04-25,OneWeb Satellites/Airbus,Vostochny Cosmodrome,Soyuz-2.1b,Communications
OneWeb-0202 ,United Kingdom,Commercial,Communications,LEO,Polar,0.0,148,2021-04-25,OneWeb Satellites/Airbus,Vostochny Cosmodrome,Soyuz-2.1b,Communications
OneWeb-0203 ,United Kingdom,Commercial,Communications,LEO,Polar,0.0,148,2021-04-25,OneWeb Satellites/Airbus,Vostochny Cosmodrome,Soyuz-2.1b,Communications
OneWeb-0204 ,United Kingdom,Commercial,Communications,LEO,Polar,0.0,148,2021-04-25,OneWeb Satellites/Airbus,Vostochny Cosmodrome,Soyuz-2.1b,Communications
OneWeb-0205 ,United Kingdom,Commercial,Communications,LEO,Polar,0.0,148,2021-04-25,OneWeb Satellites/Airbus,Vostochny Cosmodrome,Soyuz-2.1b,Communications
OneWeb-0206 ,United Kingdom,Commercial,Communications,LEO,Polar,0.0,148,2021-04-25,OneWeb Satellites/Airbus,Vostochny Cosmodrome,Soyuz-2.1b,Communications
OneWeb-0207 ,United Kingdom,Commercial,Communications,LEO,Polar,0.0,148,2021-04-25,OneWeb Satellites/Airbus,Vostochny Cosmodrome,Soyuz-2.1b,Communications
OneWeb-0208 ,United Kingdom,Commercial,Communications,LEO,Polar,0.0,148,2021-04-25,OneWeb Satellites/Airbus,Vostochny Cosmodrome,Soyuz-2.1b,Communications
OneWeb-0209 ,United Kingdom,Commercial,Communications,LEO,Polar,0.0,148,2021-04-25,OneWeb Satellites/Airbus,Vostochny Cosmodrome,Soyuz-2.1b,Communications
OneWeb-0210,United Kingdom,Commercial,Communications,LEO,Polar,0.0,148,2021-05-28,OneWeb Satellites/Airbus,Vostochny Cosmodrome,Soyuz-2.1b,Communications
OneWeb-0211,United Kingdom,Commercial,Communications,LEO,Polar,0.0,148,2021-05-28,OneWeb Satellites/Airbus,Vostochny Cosmodrome,Soyuz-2.1b,Communications
OneWeb-0212,United Kingdom,Commercial,Communications,LEO,Polar,0.0,148,2021-05-28,OneWeb Satellites/Airbus,Vostochny Cosmodrome,Soyuz-2.1b,Communications
OneWeb-0213,United Kingdom,Commercial,Communications,LEO,Polar,0.0,148,2021-05-28,OneWeb Satellites/Airbus,Vostochny Cosmodrome,Soyuz-2.1b,Communications
OneWeb-0214,United Kingdom,Commercial,Communications,LEO,Polar,0.0,148,2021-05-28,OneWeb Satellites/Airbus,Vostochny Cosmodrome,Soyuz-2.1b,Communications
OneWeb-0215,United Kingdom,Commercial,Communications,LEO,Polar,0.0,148,2021-05-28,OneWeb Satellites/Airbus,Vostochny Cosmodrome,Soyuz-2.1b,Communications
OneWeb-0216,United Kingdom,Commercial,Communications,LEO,Polar,0.0,148,2021-05-28,OneWeb Satellites/Airbus,Vostochny Cosmodrome,Soyuz-2.1b,Communications
OneWeb-0217 ,United Kingdom,Commercial,Communications,LEO,Polar,0.0,148,2021-04-25,OneWeb Satellites/Airbus,Vostochny Cosmodrome,Soyuz-2.1b,Communications
OneWeb-0218 ,United Kingdom,Commercial,Communications,LEO,Polar,0.0,148,2021-04-25,OneWeb Satellites/Airbus,Vostochny Cosmodrome,Soyuz-2.1b,Communications
OneWeb-0219 ,United Kingdom,Commercial,Communications,LEO,Polar,0.0,148,2021-04-25,OneWeb Satellites/Airbus,Vostochny Cosmodrome,Soyuz-2.1b,Communications
OneWeb-0220 ,United Kingdom,Commercial,Communications,LEO,Polar,0.0,148,2021-04-25,OneWeb Satellites/Airbus,Vostochny Cosmodrome,Soyuz-2.1b,Communications
OneWeb-0221,United Kingdom,Commercial,Communications,LEO,Polar,0.0,148,2021-05-28,OneWeb Satellites/Airbus,Vostochny Cosmodrome,Soyuz-2.1b,Communications
OneWeb-0222,United Kingdom,Commercial,Communications,LEO,Polar,0.0,148,2021-05-28,OneWeb Satellites/Airbus,Vostochny Cosmodrome,Soyuz-2.1b,Communications
OneWeb-0223,United Kingdom,Commercial,Communications,LEO,Polar,0.0,148,2021-05-28,OneWeb Satellites/Airbus,Vostochny Cosmodrome,Soyuz-2.1b,Communications
OneWeb-0224,United Kingdom,Commercial,Communications,LEO,Polar,0.0,148,2021-05-28,OneWeb Satellites/Airbus,Vostochny Cosmodrome,Soyuz-2.1b,Communications
OneWeb-0225,United Kingdom,Commercial,Communications,LEO,Polar,0.0,148,2021-05-28,OneWeb Satellites/Airbus,Vostochny Cosmodrome,Soyuz-2.1b,Communications
OneWeb-0226,United Kingdom,Commercial,Communications,LEO,Polar,0.0,148,2021-05-28,OneWeb Satellites/Airbus,Vostochny Cosmodrome,Soyuz-2.1b,Communications
OneWeb-0227,United Kingdom,Commercial,Communications,LEO,Polar,0.0,148,2021-05-28,OneWeb Satellites/Airbus,Vostochny Cosmodrome,Soyuz-2.1b,Communications
OneWeb-0228,United Kingdom,Commercial,Communications,LEO,Polar,0.0,148,2021-05-28,OneWeb Satellites/Airbus,Vostochny Cosmodrome,Soyuz-2.1b,Communications
OneWeb-0229,United Kingdom,Commercial,Communications,LEO,Polar,0.0,148,2021-05-28,OneWeb Satellites/Airbus,Vostochny Cosmodrome,Soyuz-2.1b,Communications
OneWeb-0230,United Kingdom,Commercial,Communications,LEO,Polar,0.0,148,2021-05-28,OneWeb Satellites/Airbus,Vostochny Cosmodrome,Soyuz-2.1b,Communications
OneWeb-0231,United Kingdom,Commercial,Communications,LEO,Polar,0.0,148,2021-05-28,OneWeb Satellites/Airbus,Vostochny Cosmodrome,Soyuz-2.1b,Communications
OneWeb-0232,United Kingdom,Commercial,Communications,LEO,Polar,0.0,148,2021-05-28,OneWeb Satellites/Airbus,Vostochny Cosmodrome,Soyuz-2.1b,Communications
OneWeb-0233,United Kingdom,Commercial,Communications,LEO,Polar,0.0,148,2021-05-28,OneWeb Satellites/Airbus,Vostochny Cosmodrome,Soyuz-2.1b,Communications
OneWeb-0234,United Kingdom,Commercial,Communications,LEO,Polar,0.0,148,2021-05-28,OneWeb Satellites/Airbus,Vostochny Cosmodrome,Soyuz-2.1b,Communications
OneWeb-0235,United Kingdom,Commercial,Communications,LEO,Polar,0.0,148,2021-05-28,OneWeb Satellites/Airbus,Vostochny Cosmodrome,Soyuz-2.1b,Communications
OneWeb-0236,United Kingdom,Commercial,Communications,LEO,Polar,0.0,148,2021-05-28,OneWeb Satellites/Airbus,Vostochny Cosmodrome,Soyuz-2.1b,Communications
OneWeb-0237,United Kingdom,Commercial,Communications,LEO,Polar,0.0,148,2021-05-28,OneWeb Satellites/Airbus,Vostochny Cosmodrome,Soyuz-2.1b,Communications
OneWeb-0238,United Kingdom,Commercial,Communications,LEO,Polar,0.0,148,2021-05-28,OneWeb Satellites/Airbus,Vostochny Cosmodrome,Soyuz-2.1b,Communications
OneWeb-0239,United Kingdom,Commercial,Communications,LEO,Polar,0.0,148,2021-05-28,OneWeb Satellites/Airbus,Vostochny Cosmodrome,Soyuz-2.1b,Communications
OneWeb-0240,United Kingdom,Commercial,Communications,LEO,Polar,0.0,148,2021-05-28,OneWeb Satellites/Airbus,Vostochny Cosmodrome,Soyuz-2.1b,Communications
OneWeb-0241,United Kingdom,Commercial,Communications,LEO,Polar,0.0,148,2021-05-28,OneWeb Satellites/Airbus,Vostochny Cosmodrome,Soyuz-2.1b,Communications
OneWeb-0242,United Kingdom,Commercial,Communications,LEO,Polar,0.0,148,2021-05-28,OneWeb Satellites/Airbus,Vostochny Cosmodrome,Soyuz-2.1b,Communications
OneWeb-0243,United Kingdom,Commercial,Communications,LEO,Polar,0.0,148,2021-05-28,OneWeb Satellites/Airbus,Vostochny Cosmodrome,Soyuz-2.1b,Communications
OneWeb-0244,United Kingdom,Commercial,Communications,LEO,Polar,0.0,148,2021-05-28,OneWeb Satellites/Airbus,Vostochny Cosmodrome,Soyuz-2.1b,Communications
OneWeb-0245,United Kingdom,Commercial,Communications,LEO,Polar,0.0,148,2021-05-28,OneWeb Satellites/Airbus,Vostochny Cosmodrome,Soyuz-2.1b,Communications
OneWeb-0246,United Kingdom,Commercial,Communications,LEO,Polar,0.0,148,2021-05-28,OneWeb Satellites/Airbus,Vostochny Cosmodrome,Soyuz-2.1b,Communications
OneWeb-0247,United Kingdom,Commercial,Communications,LEO,Polar,0.0,148,2021-05-28,OneWeb Satellites/Airbus,Vostochny Cosmodrome,Soyuz-2.1b,Communications
OneWeb-0248,United Kingdom,Commercial,Communications,LEO,Polar,0.0,148,2021-05-28,OneWeb Satellites/Airbus,Vostochny Cosmodrome,Soyuz-2.1b,Communications
OneWeb-0249,United Kingdom,Commercial,Communications,LEO,Polar,0.0,148,2021-07-01,OneWeb Satellites/Airbus,Vostochny Cosmodrome,Soyuz-2.1b,Communications
OneWeb-0250,United Kingdom,Commercial,Communications,LEO,Polar,0.0,148,2021-07-01,OneWeb Satellites/Airbus,Vostochny Cosmodrome,Soyuz-2.1b,Communications
OneWeb-0252,United Kingdom,Commercial,Communications,LEO,Polar,0.0,148,2021-07-01,OneWeb Satellites/Airbus,Vostochny Cosmodrome,Soyuz-2.1b,Communications
OneWeb-0253,United Kingdom,Commercial,Communications,LEO,Polar,0.0,148,2021-07-01,OneWeb Satellites/Airbus,Vostochny Cosmodrome,Soyuz-2.1b,Communications
OneWeb-0254,United Kingdom,Commercial,Communications,LEO,Polar,0.0,148,2021-07-01,OneWeb Satellites/Airbus,Vostochny Cosmodrome,Soyuz-2.1b,Communications
OneWeb-0255,United Kingdom,Commercial,Communications,LEO,Polar,0.0,148,2021-07-01,OneWeb Satellites/Airbus,Vostochny Cosmodrome,Soyuz-2.1b,Communications
OneWeb-0256,United Kingdom,Commercial,Communications,LEO,Polar,0.0,148,2021-07-01,OneWeb Satellites/Airbus,Vostochny Cosmodrome,Soyuz-2.1b,Communications
OneWeb-0257,United Kingdom,Commercial,Communications,LEO,Polar,0.0,148,2021-07-01,OneWeb Satellites/Airbus,Vostochny Cosmodrome,Soyuz-2.1b,Communications
OneWeb-0258,United Kingdom,Commercial,Communications,LEO,Polar,0.0,148,2021-07-01,OneWeb Satellites/Airbus,Vostochny Cosmodrome,Soyuz-2.1b,Communications
OneWeb-0259,United Kingdom,Commercial,Communications,LEO,Polar,0.0,148,2021-07-01,OneWeb Satellites/Airbus,Vostochny Cosmodrome,Soyuz-2.1b,Communications
OneWeb-0260,United Kingdom,Commercial,Communications,LEO,Polar,0.0,148,2021-07-01,OneWeb Satellites/Airbus,Vostochny Cosmodrome,Soyuz-2.1b,Communications
OneWeb-0261,United Kingdom,Commercial,Communications,LEO,Polar,0.0,148,2021-07-01,OneWeb Satellites/Airbus,Vostochny Cosmodrome,Soyuz-2.1b,Communications
OneWeb-0262,United Kingdom,Commercial,Communications,LEO,Polar,0.0,148,2021-07-01,OneWeb Satellites/Airbus,Vostochny Cosmodrome,Soyuz-2.1b,Communications
OneWeb-0263,United Kingdom,Commercial,Communications,LEO,Polar,0.0,148,2021-07-01,OneWeb Satellites/Airbus,Vostochny Cosmodrome,Soyuz-2.1b,Communications
OneWeb-0264,United Kingdom,Commercial,Communications,LEO,Polar,0.0,148,2021-07-01,OneWeb Satellites/Airbus,Vostochny Cosmodrome,Soyuz-2.1b,Communications
OneWeb-0266,United Kingdom,Commercial,Communications,LEO,Polar,0.0,148,2021-07-01,OneWeb Satellites/Airbus,Vostochny Cosmodrome,Soyuz-2.1b,Communications
OneWeb-0267,United Kingdom,Commercial,Communications,LEO,Polar,0.0,148,2021-07-01,OneWeb Satellites/Airbus,Vostochny Cosmodrome,Soyuz-2.1b,Communications
OneWeb-0268,United Kingdom,Commercial,Communications,LEO,Polar,0.0,148,2021-07-01,OneWeb Satellites/Airbus,Vostochny Cosmodrome,Soyuz-2.1b,Communications
OneWeb-0269,United Kingdom,Commercial,Communications,LEO,Polar,0.0,148,2021-07-01,OneWeb Satellites/Airbus,Vostochny Cosmodrome,Soyuz-2.1b,Communications
OneWeb-0270,United Kingdom,Commercial,Communications,LEO,Polar,0.0,148,2021-07-01,OneWeb Satellites/Airbus,Vostochny Cosmodrome,Soyuz-2.1b,Communications
OneWeb-0271,United Kingdom,Commercial,Communications,LEO,Polar,0.0,148,2021-07-01,OneWeb Satellites/Airbus,Vostochny Cosmodrome,Soyuz-2.1b,Communications
OneWeb-0272,United Kingdom,Commercial,Communications,LEO,Polar,0.0,148,2021-07-01,OneWeb Satellites/Airbus,Vostochny Cosmodrome,Soyuz-2.1b,Communications
OneWeb-0273,United Kingdom,Commercial,Communications,LEO,Polar,0.0,148,2021-07-01,OneWeb Satellites/Airbus,Vostochny Cosmodrome,Soyuz-2.1b,Communications
OneWeb-0274,United Kingdom,Commercial,Communications,LEO,Polar,0.0,148,2021-07-01,OneWeb Satellites/Airbus,Vostochny Cosmodrome,Soyuz-2.1b,Communications
OneWeb-0275,United Kingdom,Commercial,Communications,LEO,Polar,0.0,148,2021-07-01,OneWeb Satellites/Airbus,Vostochny Cosmodrome,Soyuz-2.1b,Communications
OneWeb-0276,United Kingdom,Commercial,Communications,LEO,Polar,0.0,148,2021-07-01,OneWeb Satellites/Airbus,Vostochny Cosmodrome,Soyuz-2.1b,Communications
OneWeb-0277,United Kingdom,Commercial,Communications,LEO,Polar,0.0,148,2021-07-01,OneWeb Satellites/Airbus,Vostochny Cosmodrome,Soyuz-2.1b,Communications
OneWeb-0278,United Kingdom,Commercial,Communications,LEO,Polar,0.0,148,2021-07-01,OneWeb Satellites/Airbus,Vostochny Cosmodrome,Soyuz-2.1b,Communications
OneWeb-0279,United Kingdom,Commercial,Communications,LEO,Polar,0.0,148,2021-07-01,OneWeb Satellites/Airbus,Vostochny Cosmodrome,Soyuz-2.1b,Communications
OneWeb-0280,United Kingdom,Commercial,Communications,LEO,Polar,0.0,148,2021-07-01,OneWeb Satellites/Airbus,Vostochny Cosmodrome,Soyuz-2.1b,Communications
OneWeb-0281,United Kingdom,Commercial,Communications,LEO,Polar,0.0,148,2021-07-01,OneWeb Satellites/Airbus,Vostochny Cosmodrome,Soyuz-2.1b,Communications
OneWeb-0282,United Kingdom,Commercial,Communications,LEO,Polar,0.0,148,2021-07-01,OneWeb Satellites/Airbus,Vostochny Cosmodrome,Soyuz-2.1b,Communications
OneWeb-0283,United Kingdom,Commercial,Communications,LEO,Polar,0.0,148,2021-07-01,OneWeb Satellites/Airbus,Vostochny Cosmodrome,Soyuz-2.1b,Communications
OneWeb-0284,United Kingdom,Commercial,Communications,LEO,Polar,0.0,148,2021-07-01,OneWeb Satellites/Airbus,Vostochny Cosmodrome,Soyuz-2.1b,Communications
OneWeb-0285,United Kingdom,Commercial,Communications,LEO,Polar,0.0,148,2021-08-21,OneWeb Satellites/Airbus,Baikonur Cosmodrome,Soyuz-2.1b,Communications
OneWeb-0286,United Kingdom,Commercial,Communications,LEO,Polar,0.0,148,2021-08-21,OneWeb Satellites/Airbus,Baikonur Cosmodrome,Soyuz-2.1b,Communications
OneWeb-0287,United Kingdom,Commercial,Communications,LEO,Polar,0.0,148,2021-08-21,OneWeb Satellites/Airbus,Baikonur Cosmodrome,Soyuz-2.1b,Communications
OneWeb-0288,United Kingdom,Commercial,Communications,LEO,Polar,0.0,148,2021-08-21,OneWeb Satellites/Airbus,Baikonur Cosmodrome,Soyuz-2.1b,Communications
OneWeb-0289,United Kingdom,Commercial,Communications,LEO,Polar,0.0,148,2021-08-21,OneWeb Satellites/Airbus,Baikonur Cosmodrome,Soyuz-2.1b,Communications
OneWeb-0290,United Kingdom,Commercial,Communications,LEO,Polar,0.0,148,2021-08-21,OneWeb Satellites/Airbus,Baikonur Cosmodrome,Soyuz-2.1b,Communications
OneWeb-0291,United Kingdom,Commercial,Communications,LEO,Polar,0.0,148,2021-08-21,OneWeb Satellites/Airbus,Baikonur Cosmodrome,Soyuz-2.1b,Communications
OneWeb-0292 ,United Kingdom,Commercial,Communications,LEO,Polar,0.0,148,2021-09-14,OneWeb Satellites/Airbus,Baikonur Cosmodrome,Soyuz-2.1b,Communications
OneWeb-0293,United Kingdom,Commercial,Communications,LEO,Polar,0.0,148,2021-08-21,OneWeb Satellites/Airbus,Baikonur Cosmodrome,Soyuz-2.1b,Communications
OneWeb-0294,United Kingdom,Commercial,Communications,LEO,Polar,0.0,148,2021-08-21,OneWeb Satellites/Airbus,Baikonur Cosmodrome,Soyuz-2.1b,Communications
OneWeb-0295,United Kingdom,Commercial,Communications,LEO,Polar,0.0,148,2021-08-21,OneWeb Satellites/Airbus,Baikonur Cosmodrome,Soyuz-2.1b,Communications
OneWeb-0296,United Kingdom,Commercial,Communications,LEO,Polar,0.0,148,2021-08-21,OneWeb Satellites/Airbus,Baikonur Cosmodrome,Soyuz-2.1b,Communications
OneWeb-0297,United Kingdom,Commercial,Communications,LEO,Polar,0.0,148,2021-08-21,OneWeb Satellites/Airbus,Baikonur Cosmodrome,Soyuz-2.1b,Communications
OneWeb-0298,United Kingdom,Commercial,Communications,LEO,Polar,0.0,148,2021-08-21,OneWeb Satellites/Airbus,Baikonur Cosmodrome,Soyuz-2.1b,Communications
OneWeb-0299,United Kingdom,Commercial,Communications,LEO,Polar,0.0,148,2021-08-21,OneWeb Satellites/Airbus,Baikonur Cosmodrome,Soyuz-2.1b,Communications
OneWeb-0300,United Kingdom,Commercial,Communications,LEO,Polar,0.0,148,2021-08-21,OneWeb Satellites/Airbus,Baikonur Cosmodrome,Soyuz-2.1b,Communications
OneWeb-0301,United Kingdom,Commercial,Communications,LEO,Polar,0.0,148,2021-08-21,OneWeb Satellites/Airbus,Baikonur Cosmodrome,Soyuz-2.1b,Communications
OneWeb-0302,United Kingdom,Commercial,Communications,LEO,Polar,0.0,148,2021-08-21,OneWeb Satellites/Airbus,Baikonur Cosmodrome,Soyuz-2.1b,Communications
OneWeb-0303 ,United Kingdom,Commercial,Communications,LEO,Polar,0.0,148,2021-09-14,OneWeb Satellites/Airbus,Baikonur Cosmodrome,Soyuz-2.1b,Communications
OneWeb-0304,United Kingdom,Commercial,Communications,LEO,Polar,0.0,148,2021-08-21,OneWeb Satellites/Airbus,Baikonur Cosmodrome,Soyuz-2.1b,Communications
OneWeb-0305,United Kingdom,Commercial,Communications,LEO,Polar,0.0,148,2021-08-21,OneWeb Satellites/Airbus,Baikonur Cosmodrome,Soyuz-2.1b,Communications
OneWeb-0306 ,United Kingdom,Commercial,Communications,LEO,Polar,0.0,148,2021-09-14,OneWeb Satellites/Airbus,Baikonur Cosmodrome,Soyuz-2.1b,Communications
OneWeb-0307 ,United Kingdom,Commercial,Communications,LEO,Polar,0.0,148,2021-09-14,OneWeb Satellites/Airbus,Baikonur Cosmodrome,Soyuz-2.1b,Communications
OneWeb-0308,United Kingdom,Commercial,Communications,LEO,Polar,0.0,148,2021-08-21,OneWeb Satellites/Airbus,Baikonur Cosmodrome,Soyuz-2.1b,Communications
OneWeb-0309,United Kingdom,Commercial,Communications,LEO,Polar,0.0,148,2021-08-21,OneWeb Satellites/Airbus,Baikonur Cosmodrome,Soyuz-2.1b,Communications
OneWeb-0310,United Kingdom,Commercial,Communications,LEO,Polar,0.0,148,2021-08-21,OneWeb Satellites/Airbus,Baikonur Cosmodrome,Soyuz-2.1b,Communications
OneWeb-0311,United Kingdom,Commercial,Communications,LEO,Polar,0.0,148,2021-08-21,OneWeb Satellites/Airbus,Baikonur Cosmodrome,Soyuz-2.1b,Communications
OneWeb-0312,United Kingdom,Commercial,Communications,LEO,Polar,0.0,148,2021-08-21,OneWeb Satellites/Airbus,Baikonur Cosmodrome,Soyuz-2.1b,Communications
OneWeb-0313,United Kingdom,Commercial,Communications,LEO,Polar,0.0,148,2021-08-21,OneWeb Satellites/Airbus,Baikonur Cosmodrome,Soyuz-2.1b,Communications
OneWeb-0314,United Kingdom,Commercial,Communications,LEO,Polar,0.0,148,2021-08-21,OneWeb Satellites/Airbus,Baikonur Cosmodrome,Soyuz-2.1b,Communications
OneWeb-0315,United Kingdom,Commercial,Communications,LEO,Polar,0.0,148,2021-08-21,OneWeb Satellites/Airbus,Baikonur Cosmodrome,Soyuz-2.1b,Communications
OneWeb-0316,United Kingdom,Commercial,Communications,LEO,Polar,0.0,148,2021-08-21,OneWeb Satellites/Airbus,Baikonur Cosmodrome,Soyuz-2.1b,Communications
OneWeb-0317,United Kingdom,Commercial,Communications,LEO,Polar,0.0,148,2021-08-21,OneWeb Satellites/Airbus,Baikonur Cosmodrome,Soyuz-2.1b,Communications
OneWeb-0318,United Kingdom,Commercial,Communications,LEO,Polar,0.0,148,2021-08-21,OneWeb Satellites/Airbus,Baikonur Cosmodrome,Soyuz-2.1b,Communications
OneWeb-0319,United Kingdom,Commercial,Communications,LEO,Polar,0.0,148,2021-08-21,OneWeb Satellites/Airbus,Baikonur Cosmodrome,Soyuz-2.1b,Communications
OneWeb-0320 ,United Kingdom,Commercial,Communications,LEO,Polar,0.0,148,2021-09-14,OneWeb Satellites/Airbus,Baikonur Cosmodrome,Soyuz-2.1b,Communications
OneWeb-0321 ,United Kingdom,Commercial,Communications,LEO,Polar,0.0,148,2021-09-14,OneWeb Satellites/Airbus,Baikonur Cosmodrome,Soyuz-2.1b,Communications
OneWeb-0322 ,United Kingdom,Commercial,Communications,LEO,Polar,0.0,148,2021-09-14,OneWeb Satellites/Airbus,Baikonur Cosmodrome,Soyuz-2.1b,Communications
OneWeb-0323,United Kingdom,Commercial,Communications,LEO,Polar,0.0,148,2021-08-21,OneWeb Satellites/Airbus,Baikonur Cosmodrome,Soyuz-2.1b,Communications
OneWeb-0324 ,United Kingdom,Commercial,Communications,LEO,Polar,0.0,148,2021-09-14,OneWeb Satellites/Airbus,Baikonur Cosmodrome,Soyuz-2.1b,Communications
OneWeb-0325 ,United Kingdom,Commercial,Communications,LEO,Polar,0.0,148,2021-09-14,OneWeb Satellites/Airbus,Baikonur Cosmodrome,Soyuz-2.1b,Communications
OneWeb-0326 ,United Kingdom,Commercial,Communications,LEO,Polar,0.0,148,2021-09-14,OneWeb Satellites/Airbus,Baikonur Cosmodrome,Soyuz-2.1b,Communications
OneWeb-0327 ,United Kingdom,Commercial,Communications,LEO,Polar,0.0,148,2021-09-14,OneWeb Satellites/Airbus,Baikonur Cosmodrome,Soyuz-2.1b,Communications
OneWeb-0328 ,United Kingdom,Commercial,Communications,LEO,Polar,0.0,148,2021-09-14,OneWeb Satellites/Airbus,Baikonur Cosmodrome,Soyuz-2.1b,Communications
OneWeb-0329,United Kingdom,Commercial,Communications,LEO,Polar,0.0,148,2021-08-21,OneWeb Satellites/Airbus,Baikonur Cosmodrome,Soyuz-2.1b,Communications
OneWeb-0330,United Kingdom,Commercial,Communications,LEO,Polar,0.0,148,2021-08-21,OneWeb Satellites/Airbus,Baikonur Cosmodrome,Soyuz-2.1b,Communications
OneWeb-0331 ,United Kingdom,Commercial,Communications,LEO,Polar,0.0,148,2021-09-14,OneWeb Satellites/Airbus,Baikonur Cosmodrome,Soyuz-2.1b,Communications
OneWeb-0332 ,United Kingdom,Commercial,Communications,LEO,Polar,0.0,148,2021-10-14,OneWeb Satellites/Airbus,Vostochny Cosmodrome,Soyuz-2.1b,Communications
OneWeb-0333 ,United Kingdom,Commercial,Communications,LEO,Polar,0.0,148,2021-09-14,OneWeb Satellites/Airbus,Baikonur Cosmodrome,Soyuz-2.1b,Communications
OneWeb-0334 ,United Kingdom,Commercial,Communications,LEO,Polar,0.0,148,2021-09-14,OneWeb Satellites/Airbus,Baikonur Cosmodrome,Soyuz-2.1b,Communications
OneWeb-0335 ,United Kingdom,Commercial,Communications,LEO,Polar,0.0,148,2021-09-14,OneWeb Satellites/Airbus,Baikonur Cosmodrome,Soyuz-2.1b,Communications
OneWeb-0336 ,United Kingdom,Commercial,Communications,LEO,Polar,0.0,148,2021-09-14,OneWeb Satellites/Airbus,Baikonur Cosmodrome,Soyuz-2.1b,Communications
OneWeb-0337 ,United Kingdom,Commercial,Communications,LEO,Polar,0.0,148,2021-09-14,OneWeb Satellites/Airbus,Baikonur Cosmodrome,Soyuz-2.1b,Communications
OneWeb-0338 ,United Kingdom,Commercial,Communications,LEO,Polar,0.0,148,2021-09-14,OneWeb Satellites/Airbus,Baikonur Cosmodrome,Soyuz-2.1b,Communications
OneWeb-0339 ,United Kingdom,Commercial,Communications,LEO,Polar,0.0,148,2021-09-14,OneWeb Satellites/Airbus,Baikonur Cosmodrome,Soyuz-2.1b,Communications
OneWeb-0340 ,United Kingdom,Commercial,Communications,LEO,Polar,0.0,148,2021-09-14,OneWeb Satellites/Airbus,Baikonur Cosmodrome,Soyuz-2.1b,Communications
OneWeb-0341 ,United Kingdom,Commercial,Communications,LEO,Polar,0.0,148,2021-09-14,OneWeb Satellites/Airbus,Baikonur Cosmodrome,Soyuz-2.1b,Communications
OneWeb-0342 ,United Kingdom,Commercial,Communications,LEO,Polar,0.0,148,2021-09-14,OneWeb Satellites/Airbus,Baikonur Cosmodrome,Soyuz-2.1b,Communications
OneWeb-0343 ,United Kingdom,Commercial,Communications,LEO,Polar,0.0,148,2021-09-14,OneWeb Satellites/Airbus,Baikonur Cosmodrome,Soyuz-2.1b,Communications
OneWeb-0344 ,United Kingdom,Commercial,Communications,LEO,Polar,0.0,148,2021-09-14,OneWeb Satellites/Airbus,Baikonur Cosmodrome,Soyuz-2.1b,Communications
OneWeb-0345 ,United Kingdom,Commercial,Communications,LEO,Polar,0.0,148,2021-09-14,OneWeb Satellites/Airbus,Baikonur Cosmodrome,Soyuz-2.1b,Communications
OneWeb-0346 ,United Kingdom,Commercial,Communications,LEO,Polar,0.0,148,2021-09-14,OneWeb Satellites/Airbus,Baikonur Cosmodrome,Soyuz-2.1b,Communications
OneWeb-0347 ,United Kingdom,Commercial,Communications,LEO,Polar,0.0,148,2021-10-14,OneWeb Satellites/Airbus,Vostochny Cosmodrome,Soyuz-2.1b,Communications
OneWeb-0348 ,United Kingdom,Commercial,Communications,LEO,Polar,0.0,148,2021-09-14,OneWeb Satellites/Airbus,Baikonur Cosmodrome,Soyuz-2.1b,Communications
OneWeb-0349 ,United Kingdom,Commercial,Communications,LEO,Polar,0.0,148,2021-10-14,OneWeb Satellites/Airbus,Vostochny Cosmodrome,Soyuz-2.1b,Communications
OneWeb-0350 ,United Kingdom,Commercial,Communications,LEO,Polar,0.0,148,2021-09-14,OneWeb Satellites/Airbus,Baikonur Cosmodrome,Soyuz-2.1b,Communications
OneWeb-0351 ,United Kingdom,Commercial,Communications,LEO,Polar,0.0,148,2021-09-14,OneWeb Satellites/Airbus,Baikonur Cosmodrome,Soyuz-2.1b,Communications
OneWeb-0352 ,United Kingdom,Commercial,Communications,LEO,Polar,0.0,148,2021-09-14,OneWeb Satellites/Airbus,Baikonur Cosmodrome,Soyuz-2.1b,Communications
OneWeb-0353 ,United Kingdom,Commercial,Communications,LEO,Polar,0.0,148,2021-10-14,OneWeb Satellites/Airbus,Vostochny Cosmodrome,Soyuz-2.1b,Communications
OneWeb-0354 ,United Kingdom,Commercial,Communications,LEO,Polar,0.0,148,2021-09-14,OneWeb Satellites/Airbus,Baikonur Cosmodrome,Soyuz-2.1b,Communications
OneWeb-0355 ,United Kingdom,Commercial,Communications,LEO,Polar,0.0,148,2021-09-14,OneWeb Satellites/Airbus,Baikonur Cosmodrome,Soyuz-2.1b,Communications
OneWeb-0356 ,United Kingdom,Commercial,Communications,LEO,Polar,0.0,148,2021-10-14,OneWeb Satellites/Airbus,Vostochny Cosmodrome,Soyuz-2.1b,Communications
OneWeb-0357 ,United Kingdom,Commercial,Communications,LEO,Polar,0.0,148,2021-09-14,OneWeb Satellites/Airbus,Baikonur Cosmodrome,Soyuz-2.1b,Communications
OneWeb-0358 ,United Kingdom,Commercial,Communications,LEO,Polar,0.0,148,2021-10-14,OneWeb Satellites/Airbus,Vostochny Cosmodrome,Soyuz-2.1b,Communications
OneWeb-0359 ,United Kingdom,Commercial,Communications,LEO,Polar,0.0,148,2021-10-14,OneWeb Satellites/Airbus,Vostochny Cosmodrome,Soyuz-2.1b,Communications
OneWeb-0360 ,United Kingdom,Commercial,Communications,LEO,Polar,0.0,148,2021-10-14,OneWeb Satellites/Airbus,Vostochny Cosmodrome,Soyuz-2.1b,Communications
OneWeb-0361 ,United Kingdom,Commercial,Communications,LEO,Polar,0.0,148,2021-10-14,OneWeb Satellites/Airbus,Vostochny Cosmodrome,Soyuz-2.1b,Communications
OneWeb-0362 ,United Kingdom,Commercial,Communications,LEO,Polar,0.0,148,2021-10-14,OneWeb Satellites/Airbus,Vostochny Cosmodrome,Soyuz-2.1b,Communications
OneWeb-0363 ,United Kingdom,Commercial,Communications,LEO,Polar,0.0,148,2021-10-14,OneWeb Satellites/Airbus,Vostochny Cosmodrome,Soyuz-2.1b,Communications
OneWeb-0364 ,United Kingdom,Commercial,Communications,LEO,Polar,0.0,148,2021-10-14,OneWeb Satellites/Airbus,Vostochny Cosmodrome,Soyuz-2.1b,Communications
OneWeb-0365 ,United Kingdom,Commercial,Communications,LEO,Polar,0.0,148,2021-10-14,OneWeb Satellites/Airbus,Vostochny Cosmodrome,Soyuz-2.1b,Communications
OneWeb-0366 ,United Kingdom,Commercial,Communications,LEO,Polar,0.0,148,2021-10-14,OneWeb Satellites/Airbus,Vostochny Cosmodrome,Soyuz-2.1b,Communications
OneWeb-0367 ,United Kingdom,Commercial,Communications,LEO,Polar,0.0,148,2021-10-14,OneWeb Satellites/Airbus,Vostochny Cosmodrome,Soyuz-2.1b,Communications
OneWeb-0368 ,United Kingdom,Commercial,Communications,LEO,Polar,0.0,148,2021-10-14,OneWeb Satellites/Airbus,Vostochny Cosmodrome,Soyuz-2.1b,Communications
OneWeb-0369 ,United Kingdom,Commercial,Communications,LEO,Polar,0.0,148,2021-10-14,OneWeb Satellites/Airbus,Vostochny Cosmodrome,Soyuz-2.1b,Communications
OneWeb-0370 ,United Kingdom,Commercial,Communications,LEO,Polar,0.0,148,2021-10-14,OneWeb Satellites/Airbus,Vostochny Cosmodrome,Soyuz-2.1b,Communications
OneWeb-0371 ,United Kingdom,Commercial,Communications,LEO,Polar,0.0,148,2021-10-14,OneWeb Satellites/Airbus,Vostochny Cosmodrome,Soyuz-2.1b,Communications
OneWeb-0372 ,United Kingdom,Commercial,Communications,LEO,Polar,0.0,148,2021-10-14,OneWeb Satellites/Airbus,Vostochny Cosmodrome,Soyuz-2.1b,Communications
OneWeb-0373 ,United Kingdom,Commercial,Communications,LEO,Polar,0.0,148,2021-10-14,OneWeb Satellites/Airbus,Vostochny Cosmodrome,Soyuz-2.1b,Communications
OneWeb-0374 ,United Kingdom,Commercial,Communications,LEO,Polar,0.0,148,2021-10-14,OneWeb Satellites/Airbus,Vostochny Cosmodrome,Soyuz-2.1b,Communications
OneWeb-0375 ,United Kingdom,Commercial,Communications,LEO,Polar,0.0,148,2021-10-14,OneWeb Satellites/Airbus,Vostochny Cosmodrome,Soyuz-2.1b,Communications
OneWeb-0376 ,United Kingdom,Commercial,Communications,LEO,Polar,0.0,148,2021-10-14,OneWeb Satellites/Airbus,Vostochny Cosmodrome,Soyuz-2.1b,Communications
OneWeb-0377 ,United Kingdom,Commercial,Communications,LEO,Polar,0.0,148,2021-10-14,OneWeb Satellites/Airbus,Vostochny Cosmodrome,Soyuz-2.1b,Communications
OneWeb-0378 ,United Kingdom,Commercial,Communications,LEO,Polar,0.0,148,2021-10-14,OneWeb Satellites/Airbus,Vostochny Cosmodrome,Soyuz-2.1b,Communications
OneWeb-0379 ,United Kingdom,Commercial,Communications,LEO,Polar,0.0,148,2021-10-14,OneWeb Satellites/Airbus,Vostochny Cosmodrome,Soyuz-2.1b,Communications
OneWeb-0380 ,United Kingdom,Commercial,Communications,LEO,Polar,0.0,148,2021-10-14,OneWeb Satellites/Airbus,Vostochny Cosmodrome,Soyuz-2.1b,Communications
OneWeb-0381 ,United Kingdom,Commercial,Communications,LEO,Polar,0.0,148,2021-10-14,OneWeb Satellites/Airbus,Vostochny Cosmodrome,Soyuz-2.1b,Communications
OneWeb-0382 ,United Kingdom,Commercial,Communications,LEO,Polar,0.0,148,2021-10-14,OneWeb Satellites/Airbus,Vostochny Cosmodrome,Soyuz-2.1b,Communications
OneWeb-0383 ,United Kingdom,Commercial,Communications,LEO,Polar,0.0,148,2021-10-14,OneWeb Satellites/Airbus,Vostochny Cosmodrome,Soyuz-2.1b,Communications
OneWeb-0384 ,United Kingdom,Commercial,Communications,LEO,Polar,0.0,148,2021-10-14,OneWeb Satellites/Airbus,Vostochny Cosmodrome,Soyuz-2.1b,Communications
OneWeb-0385 ,United Kingdom,Commercial,Communications,LEO,Polar,0.0,148,2021-10-14,OneWeb Satellites/Airbus,Vostochny Cosmodrome,Soyuz-2.1b,Communications
OneWeb-0386 ,United Kingdom,Commercial,Communications,LEO,Polar,0.0,148,2021-10-14,OneWeb Satellites/Airbus,Vostochny Cosmodrome,Soyuz-2.1b,Communications
OneWeb-0387 ,United Kingdom,Commercial,Communications,LEO,Polar,0.0,148,2021-10-14,OneWeb Satellites/Airbus,Vostochny Cosmodrome,Soyuz-2.1b,Communications
OneWeb-0388 ,United Kingdom,Commercial,Communications,LEO,Polar,0.0,148,2021-10-14,OneWeb Satellites/Airbus,Vostochny Cosmodrome,Soyuz-2.1b,Communications
OneWeb-0389 ,United Kingdom,Commercial,Communications,LEO,Polar,0.0,148,2021-12-27,OneWeb Satellites/Airbus,Baikonur Cosmodrome,Soyuz-2.1b,Communications
OneWeb-0390 ,United Kingdom,Commercial,Communications,LEO,Polar,0.0,148,2021-12-27,OneWeb Satellites/Airbus,Baikonur Cosmodrome,Soyuz-2.1b,Communications
OneWeb-0391 ,United Kingdom,Commercial,Communications,LEO,Polar,0.0,148,2021-12-27,OneWeb Satellites/Airbus,Baikonur Cosmodrome,Soyuz-2.1b,Communications
OneWeb-0392 ,United Kingdom,Commercial,Communications,LEO,Polar,0.0,148,2021-12-27,OneWeb Satellites/Airbus,Baikonur Cosmodrome,Soyuz-2.1b,Communications
OneWeb-0393 ,United Kingdom,Commercial,Communications,LEO,Polar,0.0,148,2021-12-27,OneWeb Satellites/Airbus,Baikonur Cosmodrome,Soyuz-2.1b,Communications
OneWeb-0394 ,United Kingdom,Commercial,Communications,LEO,Polar,0.0,148,2021-12-27,OneWeb Satellites/Airbus,Baikonur Cosmodrome,Soyuz-2.1b,Communications
OneWeb-0395 ,United Kingdom,Commercial,Communications,LEO,Polar,0.0,148,2021-12-27,OneWeb Satellites/Airbus,Baikonur Cosmodrome,Soyuz-2.1b,Communications
OneWeb-0396 ,United Kingdom,Commercial,Communications,LEO,Polar,0.0,148,2021-12-27,OneWeb Satellites/Airbus,Baikonur Cosmodrome,Soyuz-2.1b,Communications
OneWeb-0397 ,United Kingdom,Commercial,Communications,LEO,Polar,0.0,148,2021-12-27,OneWeb Satellites/Airbus,Baikonur Cosmodrome,Soyuz-2.1b,Communications
OneWeb-0398 ,United Kingdom,Commercial,Communications,LEO,Polar,0.0,148,2021-12-27,OneWeb Satellites/Airbus,Baikonur Cosmodrome,Soyuz-2.1b,Communications
OneWeb-0399 ,United Kingdom,Commercial,Communications,LEO,Polar,0.0,148,2021-12-27,OneWeb Satellites/Airbus,Baikonur Cosmodrome,Soyuz-2.1b,Communications
OneWeb-0400 ,United Kingdom,Commercial,Communications,LEO,Polar,0.0,148,2021-12-27,OneWeb Satellites/Airbus,Baikonur Cosmodrome,Soyuz-2.1b,Communications
OneWeb-0401 ,United Kingdom,Commercial,Communications,LEO,Polar,0.0,148,2021-12-27,OneWeb Satellites/Airbus,Baikonur Cosmodrome,Soyuz-2.1b,Communications
OneWeb-0402 ,United Kingdom,Commercial,Communications,LEO,Polar,0.0,148,2021-12-27,OneWeb Satellites/Airbus,Baikonur Cosmodrome,Soyuz-2.1b,Communications
OneWeb-0403 ,United Kingdom,Commercial,Communications,LEO,Polar,0.0,148,2021-12-27,OneWeb Satellites/Airbus,Baikonur Cosmodrome,Soyuz-2.1b,Communications
OneWeb-0404 ,United Kingdom,Commercial,Communications,LEO,Polar,0.0,148,2021-12-27,OneWeb Satellites/Airbus,Baikonur Cosmodrome,Soyuz-2.1b,Communications
OneWeb-0405 ,United Kingdom,Commercial,Communications,LEO,Polar,0.0,148,2021-12-27,OneWeb Satellites/Airbus,Baikonur Cosmodrome,Soyuz-2.1b,Communications
OneWeb-0406 ,United Kingdom,Commercial,Communications,LEO,Polar,0.0,148,2021-12-27,OneWeb Satellites/Airbus,Baikonur Cosmodrome,Soyuz-2.1b,Communications
OneWeb-0407 ,United Kingdom,Commercial,Communications,LEO,Polar,0.0,148,2021-12-27,OneWeb Satellites/Airbus,Baikonur Cosmodrome,Soyuz-2.1b,Communications
OneWeb-0409 ,United Kingdom,Commercial,Communications,LEO,Polar,0.0,148,2021-12-27,OneWeb Satellites/Airbus,Baikonur Cosmodrome,Soyuz-2.1b,Communications
OneWeb-0410,United Kingdom,Commercial,Communications,LEO,Polar,0.0,148,2022-02-10,OneWeb Satellites/Airbus,Guiana Space Center,Soyuz 2.1b,Communications
OneWeb-0411,United Kingdom,Commercial,Communications,LEO,Polar,0.0,148,2022-02-10,OneWeb Satellites/Airbus,Guiana Space Center,Soyuz 2.1b,Communications
OneWeb-0412 ,United Kingdom,Commercial,Communications,LEO,Polar,0.0,148,2021-12-27,OneWeb Satellites/Airbus,Baikonur Cosmodrome,Soyuz-2.1b,Communications
OneWeb-0413 ,United Kingdom,Commercial,Communications,LEO,Polar,0.0,148,2021-12-27,OneWeb Satellites/Airbus,Baikonur Cosmodrome,Soyuz-2.1b,Communications
OneWeb-0414 ,United Kingdom,Commercial,Communications,LEO,Polar,0.0,148,2021-12-27,OneWeb Satellites/Airbus,Baikonur Cosmodrome,Soyuz-2.1b,Communications
OneWeb-0415,United Kingdom,Commercial,Communications,LEO,Polar,0.0,148,2022-02-10,OneWeb Satellites/Airbus,Guiana Space Center,Soyuz 2.1b,Communications
OneWeb-0416,United Kingdom,Commercial,Communications,LEO,Polar,0.0,148,2022-02-10,OneWeb Satellites/Airbus,Guiana Space Center,Soyuz 2.1b,Communications
OneWeb-0417 ,United Kingdom,Commercial,Communications,LEO,Polar,0.0,148,2021-12-27,OneWeb Satellites/Airbus,Baikonur Cosmodrome,Soyuz-2.1b,Communications
OneWeb-0418 ,United Kingdom,Commercial,Communications,LEO,Polar,0.0,148,2021-12-27,OneWeb Satellites/Airbus,Baikonur Cosmodrome,Soyuz-2.1b,Communications
OneWeb-0419 ,United Kingdom,Commercial,Communications,LEO,Polar,0.0,148,2021-12-27,OneWeb Satellites/Airbus,Baikonur Cosmodrome,Soyuz-2.1b,Communications
OneWeb-0420 ,United Kingdom,Commercial,Communications,LEO,Polar,0.0,148,2021-12-27,OneWeb Satellites/Airbus,Baikonur Cosmodrome,Soyuz-2.1b,Communications
OneWeb-0421 ,United Kingdom,Commercial,Communications,LEO,Polar,0.0,148,2021-12-27,OneWeb Satellites/Airbus,Baikonur Cosmodrome,Soyuz-2.1b,Communications
OneWeb-0422,United Kingdom,Commercial,Communications,LEO,Polar,0.0,148,2022-02-10,OneWeb Satellites/Airbus,Guiana Space Center,Soyuz 2.1b,Communications
OneWeb-0423,United Kingdom,Commercial,Communications,LEO,Polar,0.0,148,2022-02-10,OneWeb Satellites/Airbus,Guiana Space Center,Soyuz 2.1b,Communications
OneWeb-0424 ,United Kingdom,Commercial,Communications,LEO,Polar,0.0,148,2021-12-27,OneWeb Satellites/Airbus,Baikonur Cosmodrome,Soyuz-2.1b,Communications
OneWeb-0425,United Kingdom,Commercial,Communications,LEO,Polar,0.0,148,2022-02-10,OneWeb Satellites/Airbus,Guiana Space Center,Soyuz 2.1b,Communications
OneWeb-0426 ,United Kingdom,Commercial,Communications,LEO,Polar,0.0,148,2021-12-27,OneWeb Satellites/Airbus,Baikonur Cosmodrome,Soyuz-2.1b,Communications
OneWeb-0427 ,United Kingdom,Commercial,Communications,LEO,Polar,0.0,148,2021-12-27,OneWeb Satellites/Airbus,Baikonur Cosmodrome,Soyuz-2.1b,Communications
OneWeb-0428,United Kingdom,Commercial,Communications,LEO,Polar,0.0,148,2022-02-10,OneWeb Satellites/Airbus,Guiana Space Center,Soyuz 2.1b,Communications
OneWeb-0429 ,United Kingdom,Commercial,Communications,LEO,Polar,0.0,148,2021-12-27,OneWeb Satellites/Airbus,Baikonur Cosmodrome,Soyuz-2.1b,Communications
OneWeb-0430 ,United Kingdom,Commercial,Communications,LEO,Polar,0.0,148,2021-12-27,OneWeb Satellites/Airbus,Baikonur Cosmodrome,Soyuz-2.1b,Communications
OneWeb-0431,United Kingdom,Commercial,Communications,LEO,Polar,0.0,148,2022-02-10,OneWeb Satellites/Airbus,Guiana Space Center,Soyuz 2.1b,Communications
OneWeb-0432 ,United Kingdom,Commercial,Communications,LEO,Polar,0.0,148,2021-12-27,OneWeb Satellites/Airbus,Baikonur Cosmodrome,Soyuz-2.1b,Communications
OneWeb-0434,United Kingdom,Commercial,Communications,LEO,Polar,0.0,148,2022-02-10,OneWeb Satellites/Airbus,Guiana Space Center,Soyuz 2.1b,Communications
OneWeb-0435,United Kingdom,Commercial,Communications,LEO,Polar,0.0,148,2022-02-10,OneWeb Satellites/Airbus,Guiana Space Center,Soyuz 2.1b,Communications
OneWeb-0436,United Kingdom,Commercial,Communications,LEO,Polar,0.0,148,2022-02-10,OneWeb Satellites/Airbus,Guiana Space Center,Soyuz 2.1b,Communications
OneWeb-0438,United Kingdom,Commercial,Communications,LEO,Polar,0.0,148,2022-02-10,OneWeb Satellites/Airbus,Guiana Space Center,Soyuz 2.1b,Communications
OneWeb-0439,United Kingdom,Commercial,Communications,LEO,Polar,0.0,148,2022-02-10,OneWeb Satellites/Airbus,Guiana Space Center,Soyuz 2.1b,Communications
OneWeb-0440 ,United Kingdom,Commercial,Communications,LEO,Polar,0.0,148,2021-12-27,OneWeb Satellites/Airbus,Baikonur Cosmodrome,Soyuz-2.1b,Communications
OneWeb-0442,United Kingdom,Commercial,Communications,LEO,Polar,0.0,148,2022-02-10,OneWeb Satellites/Airbus,Guiana Space Center,Soyuz 2.1b,Communications
OneWeb-0443,United Kingdom,Commercial,Communications,LEO,Polar,0.0,148,2022-02-10,OneWeb Satellites/Airbus,Guiana Space Center,Soyuz 2.1b,Communications
OneWeb-0444,United Kingdom,Commercial,Communications,LEO,Polar,0.0,148,2022-02-10,OneWeb Satellites/Airbus,Guiana Space Center,Soyuz 2.1b,Communications
OneWeb-0445,United Kingdom,Commercial,Communications,LEO,Polar,0.0,148,2022-02-10,OneWeb Satellites/Airbus,Guiana Space Center,Soyuz 2.1b,Communications
OneWeb-0446,United Kingdom,Commercial,Communications,LEO,Polar,0.0,148,2022-02-10,OneWeb Satellites/Airbus,Guiana Space Center,Soyuz 2.1b,Communications
OneWeb-0448,United Kingdom,Commercial,Communications,LEO,Polar,0.0,148,2022-02-10,OneWeb Satellites/Airbus,Guiana Space Center,Soyuz 2.1b,Communications
OneWeb-0449,United Kingdom,Commercial,Communications,LEO,Polar,0.0,148,2022-02-10,OneWeb Satellites/Airbus,Guiana Space Center,Soyuz 2.1b,Communications
OneWeb-0450 ,United Kingdom,Commercial,Communications,LEO,Polar,0.0,148,2021-12-27,OneWeb Satellites/Airbus,Baikonur Cosmodrome,Soyuz-2.1b,Communications
OneWeb-0451,United Kingdom,Commercial,Communications,LEO,Polar,0.0,148,2022-02-10,OneWeb Satellites/Airbus,Guiana Space Center,Soyuz 2.1b,Communications
OneWeb-0452,United Kingdom,Commercial,Communications,LEO,Polar,0.0,148,2022-02-10,OneWeb Satellites/Airbus,Guiana Space Center,Soyuz 2.1b,Communications
OneWeb-0455,United Kingdom,Commercial,Communications,LEO,Polar,0.0,148,2022-02-10,OneWeb Satellites/Airbus,Guiana Space Center,Soyuz 2.1b,Communications
OneWeb-0456,United Kingdom,Commercial,Communications,LEO,Polar,0.0,148,2022-02-10,OneWeb Satellites/Airbus,Guiana Space Center,Soyuz 2.1b,Communications
OneWeb-0457,United Kingdom,Commercial,Communications,LEO,Polar,0.0,148,2022-02-10,OneWeb Satellites/Airbus,Guiana Space Center,Soyuz 2.1b,Communications
OneWeb-0458,United Kingdom,Commercial,Communications,LEO,Polar,0.0,148,2022-02-10,OneWeb Satellites/Airbus,Guiana Space Center,Soyuz 2.1b,Communications
OneWeb-0461,United Kingdom,Commercial,Communications,LEO,Polar,0.0,148,2022-02-10,OneWeb Satellites/Airbus,Guiana Space Center,Soyuz 2.1b,Communications
OneWeb-0463,United Kingdom,Commercial,Communications,LEO,Polar,0.0,148,2022-02-10,OneWeb Satellites/Airbus,Guiana Space Center,Soyuz 2.1b,Communications
OneWeb-0464,United Kingdom,Commercial,Communications,LEO,Polar,0.0,148,2022-02-10,OneWeb Satellites/Airbus,Guiana Space Center,Soyuz 2.1b,Communications
OneWeb-0468,United Kingdom,Commercial,Communications,LEO,Polar,0.0,148,2022-02-10,OneWeb Satellites/Airbus,Guiana Space Center,Soyuz 2.1b,Communications
OneWeb-0473,United Kingdom,Commercial,Communications,LEO,Polar,0.0,148,2022-02-10,OneWeb Satellites/Airbus,Guiana Space Center,Soyuz 2.1b,Communications
OneWeb-0474,United Kingdom,Commercial,Communications,LEO,Polar,0.0,148,2022-02-10,OneWeb Satellites/Airbus,Guiana Space Center,Soyuz 2.1b,Communications
OneWeb-0475,United Kingdom,Commercial,Communications,LEO,Polar,0.0,148,2022-02-10,OneWeb Satellites/Airbus,Guiana Space Center,Soyuz 2.1b,Communications
OneWeb-0490 ,United Kingdom,Commercial,Communications,LEO,Polar,0.0,148,2022-10-22,OneWeb Satellites/Airbus,Satish Dhawan Space Centre,PSLV,Communications
OneWeb-0492 ,United Kingdom,Commercial,Communications,LEO,Polar,0.0,148,2022-10-22,OneWeb Satellites/Airbus,Satish Dhawan Space Centre,PSLV,Communications
OneWeb-0495 ,United Kingdom,Commercial,Communications,LEO,Polar,0.0,148,2022-10-22,OneWeb Satellites/Airbus,Satish Dhawan Space Centre,PSLV,Communications
OneWeb-0497 ,United Kingdom,Commercial,Communications,LEO,Polar,0.0,148,2022-10-22,OneWeb Satellites/Airbus,Satish Dhawan Space Centre,PSLV,Communications
OneWeb-0499 ,United Kingdom,Commercial,Communications,LEO,Polar,0.0,148,2022-10-22,OneWeb Satellites/Airbus,Satish Dhawan Space Centre,PSLV,Communications
OneWeb-0500 ,United Kingdom,Commercial,Communications,LEO,Polar,0.0,148,2022-10-22,OneWeb Satellites/Airbus,Satish Dhawan Space Centre,PSLV,Communications
OneWeb-0501 ,United Kingdom,Commercial,Communications,LEO,Polar,0.0,148,2022-10-22,OneWeb Satellites/Airbus,Satish Dhawan Space Centre,PSLV,Communications
OneWeb-0502 ,United Kingdom,Commercial,Communications,LEO,Polar,0.0,148,2022-10-22,OneWeb Satellites/Airbus,Satish Dhawan Space Centre,PSLV,Communications
OneWeb-0503 ,United Kingdom,Commercial,Communications,LEO,Polar,0.0,148,2022-10-22,OneWeb Satellites/Airbus,Satish Dhawan Space Centre,PSLV,Communications
OneWeb-0504 ,United Kingdom,Commercial,Communications,LEO,Polar,0.0,148,2022-10-22,OneWeb Satellites/Airbus,Satish Dhawan Space Centre,PSLV,Communications
OneWeb-0505 ,United Kingdom,Commercial,Communications,LEO,Polar,0.0,148,2022-10-22,OneWeb Satellites/Airbus,Satish Dhawan Space Centre,PSLV,Communications
OneWeb-0506 ,United Kingdom,Commercial,Communications,LEO,Polar,0.0,148,2022-10-22,OneWeb Satellites/Airbus,Satish Dhawan Space Centre,PSLV,Communications
OneWeb-0507 ,United Kingdom,Commercial,Communications,LEO,Polar,0.0,148,2022-10-22,OneWeb Satellites/Airbus,Satish Dhawan Space Centre,PSLV,Communications
OneWeb-0508 ,United Kingdom,Commercial,Communications,LEO,Polar,0.0,148,2022-10-22,OneWeb Satellites/Airbus,Satish Dhawan Space Centre,PSLV,Communications
OneWeb-0509 ,United Kingdom,Commercial,Communications,LEO,Polar,0.0,148,2022-10-22,OneWeb Satellites/Airbus,Satish Dhawan Space Centre,PSLV,Communications
OneWeb-0510 ,United Kingdom,Commercial,Communications,LEO,Polar,0.0,148,2022-10-22,OneWeb Satellites/Airbus,Satish Dhawan Space Centre,PSLV,Communications
OneWeb-0511 ,United Kingdom,Commercial,Communications,LEO,Polar,0.0,148,2022-10-22,OneWeb Satellites/Airbus,Satish Dhawan Space Centre,PSLV,Communications
OneWeb-0512 ,United Kingdom,Commercial,Communications,LEO,Polar,0.0,148,2022-10-22,OneWeb Satellites/Airbus,Satish Dhawan Space Centre,PSLV,Communications
OneWeb-0513 ,United Kingdom,Commercial,Communications,LEO,Polar,0.0,148,2022-10-22,OneWeb Satellites/Airbus,Satish Dhawan Space Centre,PSLV,Communications
OneWeb-0514 ,United Kingdom,Commercial,Communications,LEO,Polar,0.0,148,2022-10-22,OneWeb Satellites/Airbus,Satish Dhawan Space Centre,PSLV,Communications
OneWeb-0515 ,United Kingdom,Commercial,Communications,LEO,Polar,0.0,148,2022-10-22,OneWeb Satellites/Airbus,Satish Dhawan Space Centre,PSLV,Communications
OneWeb-0516 ,United Kingdom,Commercial,Communications,LEO,Polar,0.0,148,2022-10-22,OneWeb Satellites/Airbus,Satish Dhawan Space Centre,PSLV,Communications
OneWeb-0517 ,United Kingdom,Commercial,Communications,LEO,Polar,0.0,148,2022-10-22,OneWeb Satellites/Airbus,Satish Dhawan Space Centre,PSLV,Communications
OneWeb-0518 ,United Kingdom,Commercial,Communications,LEO,Polar,0.0,148,2022-10-22,OneWeb Satellites/Airbus,Satish Dhawan Space Centre,PSLV,Communications
OneWeb-0519 ,United Kingdom,Commercial,Communications,LEO,Polar,0.0,148,2022-10-22,OneWeb Satellites/Airbus,Satish Dhawan Space Centre,PSLV,Communications
OneWeb-0520 ,United Kingdom,Commercial,Communications,LEO,Polar,0.0,148,2022-10-22,OneWeb Satellites/Airbus,Satish Dhawan Space Centre,PSLV,Communications
OneWeb-0521 ,United Kingdom,Commercial,Communications,LEO,Polar,0.0,148,2022-10-22,OneWeb Satellites/Airbus,Satish Dhawan Space Centre,PSLV,Communications
OneWeb-0522 ,United Kingdom,Commercial,Communications,LEO,Polar,0.0,148,2022-10-22,OneWeb Satellites/Airbus,Satish Dhawan Space Centre,PSLV,Communications
OneWeb-0523 ,United Kingdom,Commercial,Communications,LEO,Polar,0.0,148,2022-10-22,OneWeb Satellites/Airbus,Satish Dhawan Space Centre,PSLV,Communications
OneWeb-0524 ,United Kingdom,Commercial,Communications,LEO,Polar,0.0,148,2022-10-22,OneWeb Satellites/Airbus,Satish Dhawan Space Centre,PSLV,Communications
OneWeb-0525 ,United Kingdom,Commercial,Communications,LEO,Polar,0.0,148,2022-10-22,OneWeb Satellites/Airbus,Satish Dhawan Space Centre,PSLV,Communications
OneWeb-0526 ,United Kingdom,Commercial,Communications,LEO,Polar,0.0,148,2022-10-22,OneWeb Satellites/Airbus,Satish Dhawan Space Centre,PSLV,Communications
OneWeb-0527 ,United Kingdom,Commercial,Communications,LEO,Polar,0.0,148,2022-12-08,OneWeb Satellites/Airbus,Cape Canaveral,Falcon 9,Communications
OneWeb-0528 ,United Kingdom,Commercial,Communications,LEO,Polar,0.0,148,2022-12-08,OneWeb Satellites/Airbus,Cape Canaveral,Falcon 9,Communications
OneWeb-0529 ,United Kingdom,Commercial,Communications,LEO,Polar,0.0,148,2022-10-22,OneWeb Satellites/Airbus,Satish Dhawan Space Centre,PSLV,Communications
OneWeb-0531 ,United Kingdom,Commercial,Communications,LEO,Polar,0.0,148,2022-10-22,OneWeb Satellites/Airbus,Satish Dhawan Space Centre,PSLV,Communications
OneWeb-0532             ,United Kingdom,Commercial,Communications,LEO,Polar,0.0,148,2023-01-10,OneWeb Satellites,Cape Canaveral,Falcon 9,Communications
OneWeb-0533                ,United Kingdom,Commercial,Communications,LEO,Polar,0.0,148,2023-01-10,OneWeb Satellites,Cape Canaveral,Falcon 9,Communications
OneWeb-0535 ,United Kingdom,Commercial,Communications,LEO,Polar,0.0,148,2022-10-22,OneWeb Satellites/Airbus,Satish Dhawan Space Centre,PSLV,Communications
OneWeb-0536 ,United Kingdom,Commercial,Communications,LEO,Polar,0.0,148,2022-10-22,OneWeb Satellites/Airbus,Satish Dhawan Space Centre,PSLV,Communications
OneWeb-0539 ,United Kingdom,Commercial,Communications,LEO,Polar,0.0,148,2022-12-08,OneWeb Satellites/Airbus,Cape Canaveral,Falcon 9,Communications
OneWeb-0540 ,United Kingdom,Commercial,Communications,LEO,Polar,0.0,148,2022-12-08,OneWeb Satellites/Airbus,Cape Canaveral,Falcon 9,Communications
OneWeb-0541                ,United Kingdom,Commercial,Communications,LEO,Polar,0.0,148,2023-01-10,OneWeb Satellites,Cape Canaveral,Falcon 9,Communications
OneWeb-0542 ,United Kingdom,Commercial,Communications,LEO,Polar,0.0,148,2022-12-08,OneWeb Satellites/Airbus,Cape Canaveral,Falcon 9,Communications
OneWeb-0543                ,United Kingdom,Commercial,Communications,LEO,Polar,0.0,148,2023-01-10,OneWeb Satellites,Cape Canaveral,Falcon 9,Communications
OneWeb-0544                ,United Kingdom,Commercial,Communications,LEO,Polar,0.0,148,2023-01-10,OneWeb Satellites,Cape Canaveral,Falcon 9,Communications
OneWeb-0545 ,United Kingdom,Commercial,Communications,LEO,Polar,0.0,148,2022-12-08,OneWeb Satellites/Airbus,Cape Canaveral,Falcon 9,Communications
OneWeb-0553                ,United Kingdom,Commercial,Communications,LEO,Polar,0.0,148,2023-03-26,OneWeb Satellites,Satish Dhawan Space Center,LVM3,Communications
OneWeb-0554                ,United Kingdom,Commercial,Communications,LEO,Polar,0.0,148,2023-03-26,OneWeb Satellites,Satish Dhawan Space Center,LVM3,Communications
OneWeb-0555                ,United Kingdom,Commercial,Communications,LEO,Polar,0.0,148,2023-03-26,OneWeb Satellites,Satish Dhawan Space Center,LVM3,Communications
OneWeb-0557                ,United Kingdom,Commercial,Communications,LEO,Polar,0.0,148,2023-03-26,OneWeb Satellites,Satish Dhawan Space Center,LVM3,Communications
OneWeb-0558                ,United Kingdom,Commercial,Communications,LEO,Polar,0.0,148,2023-03-26,OneWeb Satellites,Satish Dhawan Space Center,LVM3,Communications
OneWeb-0559                ,United Kingdom,Commercial,Communications,LEO,Polar,0.0,148,2023-03-26,OneWeb Satellites,Satish Dhawan Space Center,LVM3,Communications
OneWeb-0560                ,United Kingdom,Commercial,Communications,LEO,Polar,0.0,148,2023-01-10,OneWeb Satellites,Cape Canaveral,Falcon 9,Communications
OneWeb-0564                ,United Kingdom,Commercial,Communications,LEO,Polar,0.0,148,2023-03-09,OneWeb Satellites,Cape Canaveral,Falcon 9,Communications
OneWeb-0565                ,United Kingdom,Commercial,Communications,LEO,Polar,0.0,148,2023-01-10,OneWeb Satellites,Cape Canaveral,Falcon 9,Communications
OneWeb-0566                ,United Kingdom,Commercial,Communications,LEO,Polar,0.0,148,2023-03-26,OneWeb Satellites,Satish Dhawan Space Center,LVM3,Communications
OneWeb-0567                ,United Kingdom,Commercial,Communications,LEO,Polar,0.0,148,2023-01-10,OneWeb Satellites,Cape Canaveral,Falcon 9,Communications
OneWeb-0568                ,United Kingdom,Commercial,Communications,LEO,Polar,0.0,148,2023-03-26,OneWeb Satellites,Satish Dhawan Space Center,LVM3,Communications
OneWeb-0569                ,United Kingdom,Commercial,Communications,LEO,Polar,0.0,148,2023-01-10,OneWeb Satellites,Cape Canaveral,Falcon 9,Communications
OneWeb-0570                ,United Kingdom,Commercial,Communications,LEO,Polar,0.0,148,2023-01-10,OneWeb Satellites,Cape Canaveral,Falcon 9,Communications
OneWeb-0571                ,United Kingdom,Commercial,Communications,LEO,Polar,0.0,148,2023-01-10,OneWeb Satellites,Cape Canaveral,Falcon 9,Communications
OneWeb-0572                ,United Kingdom,Commercial,Communications,LEO,Polar,0.0,148,2023-01-10,OneWeb Satellites,Cape Canaveral,Falcon 9,Communications
OneWeb-0573                ,United Kingdom,Commercial,Communications,LEO,Polar,0.0,148,2023-01-10,OneWeb Satellites,Cape Canaveral,Falcon 9,Communications
OneWeb-0574                ,United Kingdom,Commercial,Communications,LEO,Polar,0.0,148,2023-03-26,OneWeb Satellites,Satish Dhawan Space Center,LVM3,Communications
OneWeb-0575                ,United Kingdom,Commercial,Communications,LEO,Polar,0.0,148,2023-03-26,OneWeb Satellites,Satish Dhawan Space Center,LVM3,Communications
OneWeb-0576                ,United Kingdom,Commercial,Communications,LEO,Polar,0.0,148,2023-03-26,OneWeb Satellites,Satish Dhawan Space Center,LVM3,Communications
OneWeb-0577                ,United Kingdom,Commercial,Communications,LEO,Polar,0.0,148,2023-03-26,OneWeb Satellites,Satish Dhawan Space Center,LVM3,Communications
OneWeb-0578                ,United Kingdom,Commercial,Communications,LEO,Polar,0.0,148,2023-03-26,OneWeb Satellites,Satish Dhawan Space Center,LVM3,Communications
OneWeb-0579                ,United Kingdom,Commercial,Communications,LEO,Polar,0.0,148,2023-03-26,OneWeb Satellites,Satish Dhawan Space Center,LVM3,Communications
OneWeb-0580 ,United Kingdom,Commercial,Communications,LEO,Polar,0.0,148,2022-12-08,OneWeb Satellites/Airbus,Cape Canaveral,Falcon 9,Communications
OneWeb-0581                ,United Kingdom,Commercial,Communications,LEO,Polar,0.0,148,2023-03-26,OneWeb Satellites,Satish Dhawan Space Center,LVM3,Communications
OneWeb-0582 ,United Kingdom,Commercial,Communications,LEO,Polar,0.0,148,2022-12-08,OneWeb Satellites/Airbus,Cape Canaveral,Falcon 9,Communications
OneWeb-0583 ,United Kingdom,Commercial,Communications,LEO,Polar,0.0,148,2022-12-08,OneWeb Satellites/Airbus,Cape Canaveral,Falcon 9,Communications
OneWeb-0584 ,United Kingdom,Commercial,Communications,LEO,Polar,0.0,148,2022-12-08,OneWeb Satellites/Airbus,Cape Canaveral,Falcon 9,Communications
OneWeb-0585 ,United Kingdom,Commercial,Communications,LEO,Polar,0.0,148,2022-12-08,OneWeb Satellites/Airbus,Cape Canaveral,Falcon 9,Communications
OneWeb-0586 ,United Kingdom,Commercial,Communications,LEO,Polar,0.0,148,2022-12-08,OneWeb Satellites/Airbus,Cape Canaveral,Falcon 9,Communications
OneWeb-0587 ,United Kingdom,Commercial,Communications,LEO,Polar,0.0,148,2022-12-08,OneWeb Satellites/Airbus,Cape Canaveral,Falcon 9,Communications
OneWeb-0588                ,United Kingdom,Commercial,Communications,LEO,Polar,0.0,148,2023-01-10,OneWeb Satellites,Cape Canaveral,Falcon 9,Communications
OneWeb-0589 ,United Kingdom,Commercial,Communications,LEO,Polar,0.0,148,2022-12-08,OneWeb Satellites/Airbus,Cape Canaveral,Falcon 9,Communications
OneWeb-0590 ,United Kingdom,Commercial,Communications,LEO,Polar,0.0,148,2022-12-08,OneWeb Satellites/Airbus,Cape Canaveral,Falcon 9,Communications
OneWeb-0591 ,United Kingdom,Commercial,Communications,LEO,Polar,0.0,148,2022-12-08,OneWeb Satellites/Airbus,Cape Canaveral,Falcon 9,Communications
OneWeb-0592 ,United Kingdom,Commercial,Communications,LEO,Polar,0.0,148,2022-12-08,OneWeb Satellites/Airbus,Cape Canaveral,Falcon 9,Communications
OneWeb-0593 ,United Kingdom,Commercial,Communications,LEO,Polar,0.0,148,2022-12-08,OneWeb Satellites/Airbus,Cape Canaveral,Falcon 9,Communications
OneWeb-0594 ,United Kingdom,Commercial,Communications,LEO,Polar,0.0,148,2022-12-08,OneWeb Satellites/Airbus,Cape Canaveral,Falcon 9,Communications
OneWeb-0595 ,United Kingdom,Commercial,Communications,LEO,Polar,0.0,148,2022-12-08,OneWeb Satellites/Airbus,Cape Canaveral,Falcon 9,Communications
OneWeb-0596 ,United Kingdom,Commercial,Communications,LEO,Polar,0.0,148,2022-12-08,OneWeb Satellites/Airbus,Cape Canaveral,Falcon 9,Communications
OneWeb-0597 ,United Kingdom,Commercial,Communications,LEO,Polar,0.0,148,2022-12-08,OneWeb Satellites/Airbus,Cape Canaveral,Falcon 9,Communications
OneWeb-0598                ,United Kingdom,Commercial,Communications,LEO,Polar,0.0,148,2023-01-10,OneWeb Satellites,Cape Canaveral,Falcon 9,Communications
OneWeb-0599                ,United Kingdom,Commercial,Communications,LEO,Polar,0.0,148,2023-01-10,OneWeb Satellites,Cape Canaveral,Falcon 9,Communications
OneWeb-0600 ,United Kingdom,Commercial,Communications,LEO,Polar,0.0,148,2022-12-08,OneWeb Satellites/Airbus,Cape Canaveral,Falcon 9,Communications
OneWeb-0601 ,United Kingdom,Commercial,Communications,LEO,Polar,0.0,148,2022-12-08,OneWeb Satellites/Airbus,Cape Canaveral,Falcon 9,Communications
OneWeb-0602 ,United Kingdom,Commercial,Communications,LEO,Polar,0.0,148,2022-12-08,OneWeb Satellites/Airbus,Cape Canaveral,Falcon 9,Communications
OneWeb-0603 ,United Kingdom,Commercial,Communications,LEO,Polar,0.0,148,2022-12-08,OneWeb Satellites/Airbus,Cape Canaveral,Falcon 9,Communications
OneWeb-0604 ,United Kingdom,Commercial,Communications,LEO,Polar,0.0,148,2022-12-08,OneWeb Satellites/Airbus,Cape Canaveral,Falcon 9,Communications
OneWeb-0605 ,United Kingdom,Commercial,Communications,LEO,Polar,0.0,148,2022-12-08,OneWeb Satellites/Airbus,Cape Canaveral,Falcon 9,Communications
OneWeb-0606 ,United Kingdom,Commercial,Communications,LEO,Polar,0.0,148,2022-12-08,OneWeb Satellites/Airbus,Cape Canaveral,Falcon 9,Communications
OneWeb-0607 ,United Kingdom,Commercial,Communications,LEO,Polar,0.0,148,2022-12-08,OneWeb Satellites/Airbus,Cape Canaveral,Falcon 9,Communications
OneWeb-0608 ,United Kingdom,Commercial,Communications,LEO,Polar,0.0,148,2022-12-08,OneWeb Satellites/Airbus,Cape Canaveral,Falcon 9,Communications
OneWeb-0609                ,United Kingdom,Commercial,Communications,LEO,Polar,0.0,148,2023-03-26,OneWeb Satellites,Satish Dhawan Space Center,LVM3,Communications
OneWeb-0610 ,United Kingdom,Commercial,Communications,LEO,Polar,0.0,148,2022-12-08,OneWeb Satellites/Airbus,Cape Canaveral,Falcon 9,Communications
OneWeb-0611 ,United Kingdom,Commercial,Communications,LEO,Polar,0.0,148,2022-12-08,OneWeb Satellites/Airbus,Cape Canaveral,Falcon 9,Communications
OneWeb-0612 ,United Kingdom,Commercial,Communications,LEO,Polar,0.0,148,2022-12-08,OneWeb Satellites/Airbus,Cape Canaveral,Falcon 9,Communications
OneWeb-0613                ,United Kingdom,Commercial,Communications,LEO,Polar,0.0,148,2023-03-26,OneWeb Satellites,Satish Dhawan Space Center,LVM3,Communications
OneWeb-0614                ,United Kingdom,Commercial,Communications,LEO,Polar,0.0,148,2023-01-10,OneWeb Satellites,Cape Canaveral,Falcon 9,Communications
OneWeb-0615 ,United Kingdom,Commercial,Communications,LEO,Polar,0.0,148,2022-12-08,OneWeb Satellites/Airbus,Cape Canaveral,Falcon 9,Communications
OneWeb-0616                ,United Kingdom,Commercial,Communications,LEO,Polar,0.0,148,2023-01-10,OneWeb Satellites,Cape Canaveral,Falcon 9,Communications
OneWeb-0617                ,United Kingdom,Commercial,Communications,LEO,Polar,0.0,148,2023-01-10,OneWeb Satellites,Cape Canaveral,Falcon 9,Communications
OneWeb-0618                ,United Kingdom,Commercial,Communications,LEO,Polar,0.0,148,2023-01-10,OneWeb Satellites,Cape Canaveral,Falcon 9,Communications
OneWeb-0619                ,United Kingdom,Commercial,Communications,LEO,Polar,0.0,148,2023-01-10,OneWeb Satellites,Cape Canaveral,Falcon 9,Communications
OneWeb-0620                ,United Kingdom,Commercial,Communications,LEO,Polar,0.0,148,2023-01-10,OneWeb Satellites,Cape Canaveral,Falcon 9,Communications
OneWeb-0621                ,United Kingdom,Commercial,Communications,LEO,Polar,0.0,148,2023-01-10,OneWeb Satellites,Cape Canaveral,Falcon 9,Communications
OneWeb-0622                ,United Kingdom,Commercial,Communications,LEO,Polar,0.0,148,2023-01-10,OneWeb Satellites,Cape Canaveral,Falcon 9,Communications
OneWeb-0623                ,United Kingdom,Commercial,Communications,LEO,Polar,0.0,148,2023-01-10,OneWeb Satellites,Cape Canaveral,Falcon 9,Communications
OneWeb-0624                ,United Kingdom,Commercial,Communications,LEO,Polar,0.0,148,2023-01-10,OneWeb Satellites,Cape Canaveral,Falcon 9,Communications
OneWeb-0625                ,United Kingdom,Commercial,Communications,LEO,Polar,0.0,148,2023-01-10,OneWeb Satellites,Cape Canaveral,Falcon 9,Communications
OneWeb-0626                ,United Kingdom,Commercial,Communications,LEO,Polar,0.0,148,2023-01-10,OneWeb Satellites,Cape Canaveral,Falcon 9,Communications
OneWeb-0627                ,United Kingdom,Commercial,Communications,LEO,Polar,0.0,148,2023-01-10,OneWeb Satellites,Cape Canaveral,Falcon 9,Communications
OneWeb-0628                ,United Kingdom,Commercial,Communications,LEO,Polar,0.0,148,2023-01-10,OneWeb Satellites,Cape Canaveral,Falcon 9,Communications
OneWeb-0630                ,United Kingdom,Commercial,Communications,LEO,Polar,0.0,148,2023-03-26,OneWeb Satellites,Satish Dhawan Space Center,LVM3,Communications
OneWeb-0632                ,United Kingdom,Commercial,Communications,LEO,Polar,0.0,148,2023-03-26,OneWeb Satellites,Satish Dhawan Space Center,LVM3,Communications
OneWeb-0633                ,United Kingdom,Commercial,Communications,LEO,Polar,0.0,148,2023-03-26,OneWeb Satellites,Satish Dhawan Space Center,LVM3,Communications
OneWeb-0634                ,United Kingdom,Commercial,Communications,LEO,Polar,0.0,148,2023-03-26,OneWeb Satellites,Satish Dhawan Space Center,LVM3,Communications
OneWeb-0635                ,United Kingdom,Commercial,Communications,LEO,Polar,0.0,148,2023-03-26,OneWeb Satellites,Satish Dhawan Space Center,LVM3,Communications
OneWeb-0636                ,United Kingdom,Commercial,Communications,LEO,Polar,0.0,148,2023-03-26,OneWeb Satellites,Satish Dhawan Space Center,LVM3,Communications
OneWeb-0637                ,United Kingdom,Commercial,Communications,LEO,Polar,0.0,148,2023-03-26,OneWeb Satellites,Satish Dhawan Space Center,LVM3,Communications
OneWeb-0638                ,United Kingdom,Commercial,Communications,LEO,Polar,0.0,148,2023-03-09,OneWeb Satellites,Cape Canaveral,Falcon 9,Communications
OneWeb-0639                ,United Kingdom,Commercial,Communications,LEO,Polar,0.0,148,2023-03-09,OneWeb Satellites,Cape Canaveral,Falcon 9,Communications
OneWeb-0640                ,United Kingdom,Commercial,Communications,LEO,Polar,0.0,148,2023-03-09,OneWeb Satellites,Cape Canaveral,Falcon 9,Communications
OneWeb-0641                ,United Kingdom,Commercial,Communications,LEO,Polar,0.0,148,2023-03-09,OneWeb Satellites,Cape Canaveral,Falcon 9,Communications
OneWeb-0642                ,United Kingdom,Commercial,Communications,LEO,Polar,0.0,148,2023-03-09,OneWeb Satellites,Cape Canaveral,Falcon 9,Communications
OneWeb-0643                ,United Kingdom,Commercial,Communications,LEO,Polar,0.0,148,2023-03-09,OneWeb Satellites,Cape Canaveral,Falcon 9,Communications
OneWeb-0644                ,United Kingdom,Commercial,Communications,LEO,Polar,0.0,148,2023-03-09,OneWeb Satellites,Cape Canaveral,Falcon 9,Communications
OneWeb-0645                ,United Kingdom,Commercial,Communications,LEO,Polar,0.0,148,2023-03-09,OneWeb Satellites,Cape Canaveral,Falcon 9,Communications
OneWeb-0646                ,United Kingdom,Commercial,Communications,LEO,Polar,0.0,148,2023-03-09,OneWeb Satellites,Cape Canaveral,Falcon 9,Communications
OneWeb-0647                ,United Kingdom,Commercial,Communications,LEO,Polar,0.0,148,2023-03-26,OneWeb Satellites,Satish Dhawan Space Center,LVM3,Communications
OneWeb-0648                ,United Kingdom,Commercial,Communications,LEO,Polar,0.0,148,2023-03-09,OneWeb Satellites,Cape Canaveral,Falcon 9,Communications
OneWeb-0649                ,United Kingdom,Commercial,Communications,LEO,Polar,0.0,148,2023-03-09,OneWeb Satellites,Cape Canaveral,Falcon 9,Communications
OneWeb-0650                ,United Kingdom,Commercial,Communications,LEO,Polar,0.0,148,2023-03-09,OneWeb Satellites,Cape Canaveral,Falcon 9,Communications
OneWeb-0651                ,United Kingdom,Commercial,Communications,LEO,Polar,0.0,148,2023-03-26,OneWeb Satellites,Satish Dhawan Space Center,LVM3,Communications
OneWeb-0652                ,United Kingdom,Commercial,Communications,LEO,Polar,0.0,148,2023-03-09,OneWeb Satellites,Cape Canaveral,Falcon 9,Communications
OneWeb-0653                ,United Kingdom,Commercial,Communications,LEO,Polar,0.0,148,2023-03-09,OneWeb Satellites,Cape Canaveral,Falcon 9,Communications
OneWeb-0654                ,United Kingdom,Commercial,Communications,LEO,Polar,0.0,148,2023-03-09,OneWeb Satellites,Cape Canaveral,Falcon 9,Communications
OneWeb-0655 ,United Kingdom,Commercial,Communications,LEO,Polar,0.0,148,2022-12-08,OneWeb Satellites/Airbus,Cape Canaveral,Falcon 9,Communications
OneWeb-0656                ,United Kingdom,Commercial,Communications,LEO,Polar,0.0,148,2023-03-09,OneWeb Satellites,Cape Canaveral,Falcon 9,Communications
OneWeb-0657                ,United Kingdom,Commercial,Communications,LEO,Polar,0.0,148,2023-03-09,OneWeb Satellites,Cape Canaveral,Falcon 9,Communications
OneWeb-0658                ,United Kingdom,Commercial,Communications,LEO,Polar,0.0,148,2023-03-09,OneWeb Satellites,Cape Canaveral,Falcon 9,Communications
OneWeb-0659 ,United Kingdom,Commercial,Communications,LEO,Polar,0.0,148,2022-12-08,OneWeb Satellites/Airbus,Cape Canaveral,Falcon 9,Communications
OneWeb-0660                ,United Kingdom,Commercial,Communications,LEO,Polar,0.0,148,2023-03-09,OneWeb Satellites,Cape Canaveral,Falcon 9,Communications
OneWeb-0661                ,United Kingdom,Commercial,Communications,LEO,Polar,0.0,148,2023-03-09,OneWeb Satellites,Cape Canaveral,Falcon 9,Communications
OneWeb-0662                ,United Kingdom,Commercial,Communications,LEO,Polar,0.0,148,2023-03-09,OneWeb Satellites,Cape Canaveral,Falcon 9,Communications
OneWeb-0663                ,United Kingdom,Commercial,Communications,LEO,Polar,0.0,148,2023-03-09,OneWeb Satellites,Cape Canaveral,Falcon 9,Communications
OneWeb-0664                ,United Kingdom,Commercial,Communications,LEO,Polar,0.0,148,2023-03-09,OneWeb Satellites,Cape Canaveral,Falcon 9,Communications
OneWeb-0665                ,United Kingdom,Commercial,Communications,LEO,Polar,0.0,148,2023-03-09,OneWeb Satellites,Cape Canaveral,Falcon 9,Communications
OneWeb-0666                ,United Kingdom,Commercial,Communications,LEO,Polar,0.0,148,2023-03-09,OneWeb Satellites,Cape Canaveral,Falcon 9,Communications
OneWeb-0667                ,United Kingdom,Commercial,Communications,LEO,Polar,0.0,148,2023-03-09,OneWeb Satellites,Cape Canaveral,Falcon 9,Communications
OneWeb-0669                ,United Kingdom,Commercial,Communications,LEO,Polar,0.0,148,2023-03-09,OneWeb Satellites,Cape Canaveral,Falcon 9,Communications
OneWeb-0670                ,United Kingdom,Commercial,Communications,LEO,Polar,0.0,148,2023-03-09,OneWeb Satellites,Cape Canaveral,Falcon 9,Communications
OneWeb-0671                ,United Kingdom,Commercial,Communications,LEO,Polar,0.0,148,2023-03-09,OneWeb Satellites,Cape Canaveral,Falcon 9,Communications
OneWeb-0685 ,United Kingdom,Commercial,Communications,LEO,Polar,0.0,148,2022-12-08,OneWeb Satellites/Airbus,Cape Canaveral,Falcon 9,Communications
OneWeb-0712 ,United Kingdom,Commercial,Communications,LEO,Polar,0.0,148,2022-12-08,OneWeb Satellites/Airbus,Cape Canaveral,Falcon 9,Communications
OneWeb-0714 ,United Kingdom,Commercial,Communications,LEO,Polar,0.0,148,2022-12-08,OneWeb Satellites/Airbus,Cape Canaveral,Falcon 9,Communications
OneWeb-0718                ,United Kingdom,Commercial,Communications,LEO,Polar,0.0,148,2023-03-26,OneWeb Satellites,Satish Dhawan Space Center,LVM3,Communications
OPTOS,Spain,Government,Technology Development,LEO,Sun-Synchronous,0.0,3,2013-11-21,Instituto Nacional de Tecnica Aerospacial (INTA),Dombarovsky Air Base,Dnepr,Technology Development
Optsat-3000,Italy,Military,Earth Observation,LEO,Sun-Synchronous,0.0,368,2017-08-01,Israel Aerospace Industries (IAI),Guiana Space Center,Vega,Earth Observation
ORBCOMM FM-10,USA,Commercial,Communications,LEO,Non-Polar Inclined,0.0,45,1997-12-23,Orbital Sciences Corp.,Wallops Island Flight Facility,Pegasus,Communications
ORBCOMM FM-11,USA,Commercial,Communications,LEO,Non-Polar Inclined,0.0,45,1997-12-23,Orbital Sciences Corp.,Wallops Island Flight Facility,Pegasus,Communications
ORBCOMM FM-12,USA,Commercial,Communications,LEO,Non-Polar Inclined,0.0,45,1997-12-23,Orbital Sciences Corp.,Wallops Island Flight Facility,Pegasus,Communications
ORBCOMM FM-13,USA,Commercial,Communications,LEO,Non-Polar Inclined,0.0,45,1998-08-02,Orbital Sciences Corp.,Wallops Island Flight Facility,Pegasus XL,Communications
ORBCOMM FM-14,USA,Commercial,Communications,LEO,Non-Polar Inclined,0.0,45,1998-08-02,Orbital Sciences Corp.,Wallops Island Flight Facility,Pegasus XL,Communications
ORBCOMM FM-15,USA,Commercial,Communications,LEO,Non-Polar Inclined,0.0,45,1998-08-02,Orbital Sciences Corp.,Wallops Island Flight Facility,Pegasus XL,Communications
ORBCOMM FM-18,USA,Commercial,Communications,LEO,Non-Polar Inclined,0.0,45,1998-08-02,Orbital Sciences Corp.,Wallops Island Flight Facility,Pegasus XL,Communications
ORBCOMM FM-19,USA,Commercial,Communications,LEO,Non-Polar Inclined,0.0,45,1998-08-02,Orbital Sciences Corp.,Wallops Island Flight Facility,Pegasus XL,Communications
ORBCOMM FM-20,USA,Commercial,Communications,LEO,Non-Polar Inclined,0.0,45,1998-08-02,Orbital Sciences Corp.,Wallops Island Flight Facility,Pegasus XL,Communications
ORBCOMM FM-21,USA,Commercial,Communications,LEO,Non-Polar Inclined,0.0,45,1998-09-23,Orbital Sciences Corp.,Wallops Island Flight Facility,Pegasus,Communications
ORBCOMM FM-23,USA,Commercial,Communications,LEO,Non-Polar Inclined,0.0,45,1998-09-23,Orbital Sciences Corp.,Wallops Island Flight Facility,Pegasus,Communications
ORBCOMM FM-27,USA,Commercial,Communications,LEO,Non-Polar Inclined,0.0,45,1998-09-23,Orbital Sciences Corp.,Wallops Island Flight Facility,Pegasus,Communications
ORBCOMM FM-30,USA,Commercial,Communications,LEO,Non-Polar Inclined,0.0,45,1999-12-04,Orbital Sciences Corp.,Wallops Island Flight Facility,Pegasus XL,Communications
ORBCOMM FM-31,USA,Commercial,Communications,LEO,Non-Polar Inclined,0.0,45,1999-12-04,Orbital Sciences Corp.,Wallops Island Flight Facility,Pegasus XL,Communications
ORBCOMM FM-32,USA,Commercial,Communications,LEO,Non-Polar Inclined,0.0,45,1999-12-04,Orbital Sciences Corp.,Wallops Island Flight Facility,Pegasus XL,Communications
ORBCOMM FM-35,USA,Commercial,Communications,LEO,Non-Polar Inclined,0.0,45,1999-12-04,Orbital Sciences Corp.,Wallops Island Flight Facility,Pegasus XL,Communications
ORBCOMM FM-36,USA,Commercial,Communications,LEO,Non-Polar Inclined,0.0,45,1999-12-04,Orbital Sciences Corp.,Wallops Island Flight Facility,Pegasus XL,Communications
ORBCOMM FM-4,USA,Commercial,Communications,LEO,Polar,0.0,45,1998-02-10,Orbital Sciences Corp.,Vandenberg AFB,Taurus,Communications
ORBCOMM FM-5,USA,Commercial,Communications,LEO,Non-Polar Inclined,0.0,45,1997-12-23,Orbital Sciences Corp.,Wallops Island Flight Facility,Pegasus,Communications
ORBCOMM FM-6,USA,Commercial,Communications,LEO,Non-Polar Inclined,0.0,45,1997-12-23,Orbital Sciences Corp.,Wallops Island Flight Facility,Pegasus,Communications
ORBCOMM FM-7,USA,Commercial,Communications,LEO,Non-Polar Inclined,0.0,45,1997-12-23,Orbital Sciences Corp.,Wallops Island Flight Facility,Pegasus,Communications
ORBCOMM FM-8,USA,Commercial,Communications,LEO,Non-Polar Inclined,0.0,45,1997-12-23,Orbital Sciences Corp.,Wallops Island Flight Facility,Pegasus,Communications
ORBCOMM FM-9,USA,Commercial,Communications,LEO,Non-Polar Inclined,0.0,45,1997-12-23,Orbital Sciences Corp.,Wallops Island Flight Facility,Pegasus,Communications
ORBCOMM FM-103,USA,Commercial,Communications,LEO,Non-Polar Inclined,0.0,172,2014-07-14,Boeing Corp./Sierra Nevada Corp.,Cape Canaveral,Falcon 9,Communications
ORBCOMM FM-107,USA,Commercial,Communications,LEO,Non-Polar Inclined,0.0,172,2014-07-14,Boeing Corp./Sierra Nevada Corp.,Cape Canaveral,Falcon 9,Communications
ORBCOMM FM-108,USA,Commercial,Communications,LEO,Non-Polar Inclined,0.0,172,2015-12-22,Boeing Corp./Sierra Nevada Corp.,Cape Canaveral,Falcon 9,Communications
ORBCOMM FM-109,USA,Commercial,Communications,LEO,Non-Polar Inclined,0.0,172,2014-07-14,Boeing Corp./Sierra Nevada Corp.,Cape Canaveral,Falcon 9,Communications
ORBCOMM FM-110,USA,Commercial,Communications,LEO,Non-Polar Inclined,0.0,172,2015-12-22,Boeing Corp./Sierra Nevada Corp.,Cape Canaveral,Falcon 9,Communications
ORBCOMM FM-112,USA,Commercial,Communications,LEO,Non-Polar Inclined,0.0,172,2015-12-22,Boeing Corp./Sierra Nevada Corp.,Cape Canaveral,Falcon 9,Communications
ORBCOMM FM-113,USA,Commercial,Communications,LEO,Non-Polar Inclined,0.0,172,2015-12-22,Boeing Corp./Sierra Nevada Corp.,Cape Canaveral,Falcon 9,Communications
ORBCOMM FM-114,USA,Commercial,Communications,LEO,Non-Polar Inclined,0.0,172,2015-12-22,Boeing Corp./Sierra Nevada Corp.,Cape Canaveral,Falcon 9,Communications
ORBCOMM FM-115,USA,Commercial,Communications,LEO,Non-Polar Inclined,0.0,172,2015-12-22,Boeing Corp./Sierra Nevada Corp.,Cape Canaveral,Falcon 9,Communications
ORBCOMM FM-116,USA,Commercial,Communications,LEO,Non-Polar Inclined,0.0,172,2015-12-22,Boeing Corp./Sierra Nevada Corp.,Cape Canaveral,Falcon 9,Communications
ORBCOMM FM-117,USA,Commercial,Communications,LEO,Non-Polar Inclined,0.0,172,2015-12-22,Boeing Corp./Sierra Nevada Corp.,Cape Canaveral,Falcon 9,Communications
ORBCOMM FM-118,USA,Commercial,Communications,LEO,Non-Polar Inclined,0.0,172,2015-12-22,Boeing Corp./Sierra Nevada Corp.,Cape Canaveral,Falcon 9,Communications
ORCA-2,USA,Military,Technology Development,LEO,Non-Polar Inclined,0.0,9,2019-08-08,Blue Canyon,Cygnus,SEOPS Slingshot deployer ,Technology Development
ORCA-6,USA,Military,Technology Development,LEO,Non-Polar Inclined,0.0,9,2021-02-20,Blue Canyon,Cygnus,SEOPS Slingshot deployer ,Technology Development
ORCA-7,USA,Military,Technology Development,LEO,Non-Polar Inclined,0.0,9,2021-02-20,Blue Canyon,Cygnus,SEOPS Slingshot deployer ,Technology Development
OreSat0,USA,Civil,Technology Development,LEO,Sun-Synchronous,0.0,1,2022-03-15,Portland State University,Kodiak Island,Rocket 3.3,Technology Development
ORS-5,USA,Military,Technology Demonstration,LEO,Equatorial,0.0,140,2017-08-26,MIT Lincoln Laboratory,Cape Canaveral,Minotaur 4,Technology Demonstration
OTB-1,USA,Commercial,Technology Development,LEO,Sun-Synchronous,0.0,138,2019-06-25,Surrey Satellite Technology Ltd.,Cape Canaveral,Falcon Heavy,Technology Development
PACE-1,USA,Government,Technology Demonstration,LEO,Sun-Synchronous,0.0,10,2021-06-30,NASA Ames Research Center,Cape Canaveral,Falcon 9,Technology Demonstration
Painani-1,Mexico,Military,Earth Observation,LEO,Non-Polar Inclined,0.0,4,2019-06-29,AIVT by Mexican University of the Army and Air Force,Rocket Lab Launch Complex 1,Electron,Earth Observation
Painani-2,Mexico,Military,Earth Observation,LEO,Sun-Synchronous,0.0,4,2021-06-30,AIVT by Mexican University of the Army and Air Force,Cape Canaveral,Falcon 9,Earth Observation
PakTES-1a,Pakistan,Government,Earth Observation,LEO,Sun-Synchronous,0.0,285,2018-07-09,CAST/DFH Satellite Co. Ltd.,Jiuquan Satellite Launch Center,Long March 2C,Earth Observation
Palisade,USA,Commercial,Technology Demonstration,LEO,Polar,0.0,20,2019-10-17,Astro Digital,Rocket Lab Launch Complex 1,Electron,Technology Demonstration
PAN-A,USA,Government,Technology Development,LEO,Non-Polar Inclined,0.0,4,2022-01-13,NASA/Cornell University,Virgin Orbit,LauncherOne,Technology Development
PAN-B,USA,Government,Technology Development,LEO,Non-Polar Inclined,0.0,4,2022-01-13,NASA/Cornell University,Virgin Orbit,LauncherOne,Technology Development
ParkinsonSat-2,USA,Military,Technology Development,Elliptical,Sun-Synchronous,0.0,6,2019-06-25,US Naval Academy,Cape Canaveral,Falcon Heavy,Technology Development
Pathfinder II,USA,Commercial,Communications,LEO,Sun-Synchronous,0.0,20,2018-12-03,Astro Digital,Vandenberg AFB,Falcon 9,Communications
Pearl White 1,USA,Commercial,Technology Development,LEO,Non-Polar Inclined,0.0,8,2019-08-19,Tiger Innovations,Rocket Lab Launch Complex 1,Electron,Technology Development
Pearl White 2,USA,Commercial,Technology Development,LEO,Non-Polar Inclined,0.0,8,2019-08-19,Tiger Innovations,Rocket Lab Launch Complex 1,Electron,Technology Development
PEASSS,Netherlands,Government,Technology Development,LEO,Sun-Synchronous,0.0,10,2017-02-15,Netherlands Organization for Applied Scientific Research (NTO) consortium,Satish Dhawan Space Centre,PSLV XL,Technology Development
Perseus M1,Russia,Commercial,Communications,LEO,Sun-Synchronous,0.0,6,2014-06-19,Dauria Aerospace/Canopus Systems,Dombarovsky Air Base,Dnepr,Communications
Perseus M2,Russia,Commercial,Communications,LEO,Sun-Synchronous,0.0,6,2014-06-19,Dauria Aerospace/Canopus Systems,Dombarovsky Air Base,Dnepr,Communications
Pert-1,Peru,Government,Earth Observation,LEO,Sun-Synchronous,0.0,430,2016-09-16,Airbus Defense and Space,Guiana Space Center,Vega,Earth Observation
Photon Pathstone,New Zealand,Commercial,Technology Development,LEO,Non-Polar Inclined,0.0,20,2021-03-22,Rocket Labs,Rocket Lab Launch Complex 1,Electron,Technology Development
PICASSO,ESA,Government,Technology Development,LEO,Sun-Synchronous,0.0,4,2020-09-02,Clyde Space Ltd./Technical Research Centre of Finland/Centre Spatial of Liège,Guiana Space Center,Vega,Technology Development
PICS-1,USA,Government/Civil,Technology Development,LEO,Non-Polar Inclined,0.0,1,2021-01-17,Brigham Young University,FANTM-RAiL [Xtenti],LauncherOne,Technology Development
PICS-2,USA,Government/Civil,Technology Development,LEO,Non-Polar Inclined,0.0,1,2021-01-17,Brigham Young University,FANTM-RAiL [Xtenti],LauncherOne,Technology Development
PISAT,India,Government,Technology Development,LEO,Sun-Synchronous,0.0,6,2016-09-26,"PES University, Bengaluru",Satish Dhawan Space Centre,PSLV,Technology Development
PIXL-1,Germany,Government,Technology Development,LEO,Sun-Synchronous,0.0,5,2021-01-24,GomSpace,Cape Canaveral,Falcon 9,Technology Development
PlantSat,Chile,Civil/Government,Technology Development,LEO,Sun-Synchronous,0.0,4,2022-04-01,GomSpace,Cape Canaveral,Falcon 9,Technology Development
Pléiades HR1B ,France,Commercial,Earth Observation,LEO,Sun-Synchronous,0.0,970,2012-12-02,Astrium,Guiana Space Center,Soyuz STA/Fregat,Earth Observation
Pléiades Neo 3 ,France,Commercial,Earth Observation,LEO,Sun-Synchronous,0.0,920,2021-04-29,Airbus Defense and Space,Guiana Space Center,Vega,Earth Observation
Pléiades Neo 4,France,Commercial,Earth Observation,LEO,Sun-Synchronous,0.0,920,2021-08-17,Airbus Defense and Space,Guiana Space Center,Vega,Earth Observation
Pléiades Yearling,France,Commercial,Technology Development,LEO,Sun-Synchronous,0.0,1,2023-04-15,Airbus Defense and Space,Vandenberg AFB,Falcon 9,Technology Development
Polar Scout A,USA,Military,Communications,LEO,Sun-Synchronous,0.0,6,2018-12-03,Raytheon,Vandenberg AFB,Falcon 9,Communications
Polar Scout B,USA,Military,Communications,LEO,Sun-Synchronous,0.0,6,2018-12-03,Raytheon,Vandenberg AFB,Falcon 9,Communications
PolarCube,USA,Government/Civil,Earth Observation,LEO,Non-Polar Inclined,0.0,4,2021-01-17,"University of Colorado, Boulder",FANTM-RAiL (Xtenti),LauncherOne,Earth Observation
PolyITAN-1,Ukraine,Civil,Technology Development,LEO,Sun-Synchronous,0.0,1,2014-06-19,National Technical University,Dombarovsky Air Base,Dnepr,Technology Development
PolyITAN-HP-30,Ukraine,Civil,Technology Development,LEO,Sun-Synchronous,0.0,2,2023-01-03,National Technical University,Cape Canaveral,Falcon 9,Technology Development
Polytech Universe-1,Russia,Civil,Technology Development,LEO,Sun-Synchronous,0.0,5,2022-08-09,St. Petersburg Polytechnic University,Baikonur Cosmodrome,Soyuz,Technology Development
Polytech Universe-2,Russia,Civil,Technology Development,LEO,Sun-Synchronous,0.0,5,2022-08-09,St. Petersburg Polytechnic University,Baikonur Cosmodrome,Soyuz,Technology Development
PRISMA,Italy,Government,Earth Observation,LEO,Sun-Synchronous,0.0,550,2019-03-22,OHB Italia,Guiana Space Center,Vega,Earth Observation
Proba 1,ESA,Government,Technology Demonstration,LEO,Sun-Synchronous,0.0,100,2001-10-22,Verhaert Design and Development NV (leading a European consortium),Satish Dhawan Space Centre,PSLV C3,Technology Demonstration
Proba 2,ESA,Government,Technology Demonstration,LEO,Sun-Synchronous,0.0,130,2009-11-02,Verhaert Design and Development NV (leading a European consortium),Plesetsk Cosmodrome,Breeze KM,Technology Demonstration
Proba 5,ESA,Government,Earth Observation,LEO,Sun-Synchronous,0.0,140,2013-05-07,QinetiQ Space Belgium,Guiana Space Center,Vega,Earth Observation
Prometheus 2.1,USA,Military,Technology Development,LEO,Sun-Synchronous,0.0,1,2016-11-11,Los Alamos National Laboratory,Vandenberg AFB,Atlas 5,Technology Development
Prometheus 2.10,USA,Military,Technology Development,LEO,Sun-Synchronous,0.0,2,2021-01-24,Los Alamos National Laboratory,Cape Canaveral,Falcon 9,Technology Development
Prometheus 2.3,USA,Military,Technology Development,LEO,Equatorial,0.0,1,2017-08-26,Los Alamos National Laboratory,Cape Canaveral,Minotaur 4,Technology Development
PropCube-1,USA,Military,Space Science,LEO,Non-Polar Inclined,0.0,1,2015-10-08,Tyvak Nanosatellite Systems,Cape Canaveral,Atlas 5,Space Science
PropCube-3,USA,Military,Space Science,LEO,Non-Polar Inclined,0.0,1,2015-10-08,Tyvak Nanosatellite Systems,Cape Canaveral,Atlas 5,Space Science
Prox-1,USA,Civil,Technology Development,LEO,Sun-Synchronous,0.0,70,2019-06-25,Georgia Institute of Technology,Cape Canaveral,Falcon Heavy,Technology Development
Proxima-1,Australia,Commercial,Technology Development,LEO,Polar,0.0,1,2018-11-10,Fleet Space Technologies,Rocket Lab Launch Complex 1,Electron,Technology Development
Proxima-2,Australia,Commercial,Technology Development,LEO,Polar,0.0,1,2018-11-10,Fleet Space Technologies,Rocket Lab Launch Complex 1,Electron,Technology Development
PTD-1,USA,Government,Technology Development,LEO,Sun-Synchronous,0.0,9,2021-01-24,National Aeronautics and Space Administration (NASA),Cape Canaveral,Falcon 9,Technology Development
PUMBAA,South Korea,Civil,Space Science,LEO,Sun-Synchronous,0.0,3,2021-03-22,Astrodynamics and Control Laboratory of Yonsei University,Baikonur Cosmodrome,Soyuz-2.1a,Space Science
PVSAT,South Korea,Government,Technology Demonstration,LEO,Sun-Synchronous,0.0,163,2022-06-21,Korean Aerospace Research Institute (KARI),Naro Space Center,Nuri,Technology Demonstration
QARMAN,Belgium,Civil,Space Science,LEO,Non-Polar Inclined,0.0,5,2020-02-19,Von Karman Institiute (VKI),International Space Station,Nanorack Deployer,Space Science
Qiancheng-01,China,Commercial,Earth Observation,LEO,Sun-Synchronous,0.0,65,2019-08-17,Qiansheng Exploration Technology Co. Ltd.,Jiuquan Satellite Launch Center,Jielong 1,Earth Observation
Qilu 1,China,Government,Earth Observation,LEO,Sun-Synchronous,0.0,100,2021-04-27,Shandong Institutes of Industrial Technology,Taiyuan Launch Center,Long March 6,Earth Observation
Qilu 2,China,Government,Earth Observation,LEO,Sun-Synchronous,0.0,189,2023-01-15,Shandong Institutes of Industrial Technology,Taiyuan Launch Center,Long March 2D,Earth Observation
Qilu 3,China,Government,Earth Observation,LEO,Sun-Synchronous,0.0,186,2023-01-15,Shandong Institutes of Industrial Technology,Taiyuan Launch Center,Long March 2D,Earth Observation
Qilu 4,China,Government,Earth Observation,LEO,Sun-Synchronous,0.0,100,2021-04-27,Shandong Institutes of Industrial Technology,Taiyuan Launch Center,Long March 6,Earth Observation
Qimingxing-1,China,Civil,Earth Observation,LEO,Sun-Synchronous,0.0,19,2022-02-27,Wuhan University,Wenchang Satellite Launch Center,Long March 8,Earth Observation
QMR-KWT,Kuwait,Civil,Communications,LEO,Sun-Synchronous,0.0,1,2021-06-30,Orbital Space,Cape Canaveral,Falcon 9,Communications
QPS-SAR 1,Japan,Commercial,Earth Observation,LEO,Non-Polar Inclined,0.0,100,2019-12-11,iQPS,Satish Dhawan Space Centre,PSLV,Earth Observation
QPS-SAR 2,Japan,Commercial,Earth Observation,LEO,Sun-Synchronous,0.0,100,2021-01-24,iQPS,Cape Canaveral,Falcon 9/Sherpa FX,Earth Observation
Qsat-EOS,Japan,Civil,Earth Observation,LEO,Sun-Synchronous,0.0,49,2014-11-06,Kyushu University,Dombarovsky Air Base,Dnepr,Earth Observation
QSS,China,Government,Space Science,LEO,Sun-Synchronous,0.0,700,2016-08-15,Chinese Academy of Sciences/Austrian Academy of Sciences,Jiuquan Satellite Launch Center,Long March 2D,Space Science
RAAF M2 Pathfinder,Australia,Civil/Military,Technology Development,LEO,Sun-Synchronous,0.0,9,2020-06-13,University of New South Wales,Rocket Lab Launch Complex 1,Electron,Technology Development
RAAF MS-A,Australia,Civil/Military,Technology Development,LEO,Non-Polar Inclined,0.0,9,2021-03-22,University of New South Wales,Rocket Lab Launch Complex 1,Electron,Technology Development
RadCube,Hungary,Commercial,Technology Demonstration,LEO,Sun-Synchronous,0.0,4,2021-08-17,C3S,Guiana Space Center,Vega,Technology Demonstration
RadFxSat,USA,Civil,Technology Development,LEO,Sun-Synchronous,0.0,4,2017-11-18,Vanderbilt University/AMSAT,Vandenberg AFB,Delta 2,Technology Development
RAISE-2,Japan,Government,Technology Demonstration,LEO,Sun-Synchronous,0.0,110,2021-11-08,Mitsubishi Electric,Uchinoura Space Center,H2A,Technology Demonstration
RAMSAT,USA,Civil,Earth Observation,LEO,Non-Polar Inclined,0.0,3,2021-06-14,"Robertsville Middle School, Oak Ridge, Tennessee",International Space Station,Nanorack Deployer,Earth Observation
RANDEV,South Korea,Civil,Earth Observation,LEO,Sun-Synchronous,0.0,4,2022-06-21,Korea Advanced Institute of Science and Technology.,Naro Space Center,Nuri,Earth Observation
RANGE-A,USA,Civil,Technology Development,LEO,Sun-Synchronous,0.0,2,2018-12-03,Georgia Institute of Technology,Vandenberg AFB,Falcon 9,Technology Development
RANGE-B,USA,Civil,Technology Development,LEO,Sun-Synchronous,0.0,2,2018-12-03,Georgia Institute of Technology,Vandenberg AFB,Falcon 9,Technology Development
225,USA,Military,Technology Development,LEO,Polar,0.0,350,2011-02-06,National Reconnaissance Laboratory,Vandenberg AFB,Minotaur 4,Technology Development
RAPIS-1,Japan,Government,Technology Development,LEO,Sun-Synchronous,0.0,200,2019-01-17,Axelspace,Uchinoura Space Center,Epsilon,Technology Development
RASAT,Turkey,Government,Earth Observation,LEO,Sun-Synchronous,0.0,113,2011-08-17,Space Technologies Research Institute,Dombarovsky Air Base,Dnepr,Earth Observation
RAVAN,USA,Government,Technology Development,LEO,Sun-Synchronous,0.0,5,2016-11-11,Blue Canyon Technologies,Vandenberg AFB,Atlas 5,Technology Development
Reaktor Hello World,Finland,Commercial,Earth Observation,LEO,Sun-Synchronous,0.0,4,2018-11-29,Reaktor Space Labs,Satish Dhawan Space Centre,PSLV,Earth Observation
Reimei,Japan,Government,Technology Development,LEO,Sun-Synchronous,0.0,70,2005-08-23,Institute of Space and Astronautical Science (ISAS),Baikonur Cosmodrome,Dnepr,Technology Development
Relek,Russia,Government,Earth Observation,LEO,Sun-Synchronous,0.0,253,2014-07-08,NPO Lavochkin,Baikonur Cosmodrome,Soyuz-2.1b,Earth Observation
RISat-2B,India,Military,Earth Observation,LEO,Non-Polar Inclined,0.0,615,2019-05-22,Indian Space Research Organization (ISRO),Satish Dhawan Space Centre,PSLV,Earth Observation
RISat-2BR1,India,Military,Earth Observation,LEO,Non-Polar Inclined,0.0,628,2019-12-11,Indian Space Research Organization (ISRO),Satish Dhawan Space Centre,PSLV,Earth Observation
RISESAT,Japan,Civil,Earth Observation,LEO,Sun-Synchronous,0.0,59,2019-01-18,Tohoku University,Uchinoura Space Center,Epsilon,Earth Observation
Rising-2,Japan,Civil,Earth Observation,LEO,Sun-Synchronous,0.0,41,2014-05-24,Tohoku University/Hokkaido University,Tanegashima Space Center,H2A,Earth Observation
Robusta-1B,France,Civil,Earth Science,LEO,Sun-Synchronous,0.0,5,2017-06-23,University of Montpellier,Satish Dhawan Space Centre,PSLV,Earth Science
Cosmos 2416,Russia,Military,Communications,LEO,Polar,0.0,225,2005-12-21,NPO-PM,Plesetsk Cosmodrome,Kosmos 3M,Communications
Cosmos 2437,Russia,Military,Communications,LEO,Polar,0.0,280,2008-05-23,OAO ISS,Plesetsk Cosmodrome,Rokot,Communications
Cosmos 2438,Russia,Military,Communications,LEO,Polar,0.0,280,2008-05-23,OAO ISS,Plesetsk Cosmodrome,Rokot,Communications
Cosmos 2439,Russia,Military,Communications,LEO,Polar,0.0,280,2008-05-23,OAO ISS,Plesetsk Cosmodrome,Rokot,Communications
Cosmos 2451,Russia,Military,Communications,LEO,Polar,0.0,280,2009-07-06,OAO ISS,Plesetsk Cosmodrome,Rokot,Communications
Cosmos 2453,Russia,Military,Communications,LEO,Polar,0.0,280,2009-07-06,OAO ISS,Plesetsk Cosmodrome,Rokot,Communications
Cosmos 2467,Russia,Military,Communications,LEO,Polar,0.0,225,2010-09-08,OAO ISS,Plesetsk Cosmodrome,Rokot,Communications
Cosmos 2468,Russia,Military,Communications,LEO,Polar,0.0,225,2010-09-08,OAO ISS,Plesetsk Cosmodrome,Rokot,Communications
Cosmos 2481,Russia,Military,Communications,LEO,Polar,0.0,280,2012-07-28,OAO ISS,Plesetsk Cosmodrome,Rokot,Communications
Cosmos 2482,Russia,Military,Communications,LEO,Polar,0.0,250,2013-01-15,OAO ISS,Plesetsk Cosmodrome,Rokot,Communications
Cosmos 2483,Russia,Military,Communications,LEO,Polar,0.0,250,2013-01-15,OAO ISS,Plesetsk Cosmodrome,Rokot,Communications
Cosmos 2484,Russia,Military,Communications,LEO,Polar,0.0,250,2013-01-15,OAO ISS,Plesetsk Cosmodrome,Rokot,Communications
Cosmos 2488,Russia,Military,Communications,LEO,Polar,0.0,280,2013-12-25,OAO ISS,Plesetsk Cosmodrome,Rokot,Communications
Cosmos 2489,Russia,Military,Communications,LEO,Polar,0.0,280,2013-12-25,OAO ISS,Plesetsk Cosmodrome,Rokot,Communications
Cosmos 2490,Russia,Military,Communications,LEO,Polar,0.0,280,2013-12-25,OAO ISS,Plesetsk Cosmodrome,Rokot,Communications
Cosmos 2496,Russia,Military,Communications,LEO,Polar,0.0,280,2014-05-23,OAS ISS,Plesetsk Cosmodrome,Rokot,Communications
Cosmos 2497,Russia,Military,Communications,LEO,Polar,0.0,280,2014-05-23,OAS ISS,Plesetsk Cosmodrome,Rokot,Communications
Cosmos 2498,Russia,Military,Communications,LEO,Polar,0.0,280,2014-05-23,OAS ISS,Plesetsk Cosmodrome,Rokot,Communications
Cosmos 2507,Russia,Military,Communications,LEO,Polar,0.0,280,2015-09-23,OAS ISS,Plesetsk Cosmodrome,Rokot,Communications
Cosmos 2508,Russia,Military,Communications,LEO,Polar,0.0,280,2015-09-23,OAS ISS,Plesetsk Cosmodrome,Rokot,Communications
Cosmos 2509,Russia,Military,Communications,LEO,Polar,0.0,280,2015-09-23,OAS ISS,Plesetsk Cosmodrome,Rokot,Communications
Cosmos 2530,Russia,Military,Communications,LEO,Polar,0.0,280,2018-10-30,OAS ISS,Plesetsk Cosmodrome,Rokot,Communications
Cosmos 2531,Russia,Military,Communications,LEO,Polar,0.0,280,2018-10-30,OAS ISS,Plesetsk Cosmodrome,Rokot,Communications
Cosmos 2532,Russia,Military,Communications,LEO,Polar,0.0,280,2018-10-30,OAS ISS,Plesetsk Cosmodrome,Rokot,Communications
RoseyCubesat-1   ,Monaco,Civil,Technology Development,LEO,Sun-Synchronous,0.0,1,2023-04-15,Orbital Solutions Monaco/ISISPACE,Vandenberg AFB,Falcon 9,Technology Development
RSW-1 01,China,Commercial,Communications,LEO,Polar,0.0,300,2021-03-24,China Academy of SpaceTechnology (CAST),Jiuquan Satellite Launch Center,Long March 2C,Communications
RSW-1 02,China,Commercial,Communications,LEO,Polar,0.0,300,2021-03-24,China Academy of Space Technology (CAST),Jiuquan Satellite Launch Center,Long March 2C,Communications
S-Net-1,Germany,Civil,Technology Development,LEO,Sun-Synchronous,0.0,9,2018-01-31,Technical University Berlin,Vostochny Cosmodrome,Soyuz-2.1a,Technology Development
S-Net-2,Germany,Civil,Technology Development,LEO,Sun-Synchronous,0.0,9,2018-01-31,Technical University Berlin,Vostochny Cosmodrome,Soyuz-2.1a,Technology Development
S-Net-3,Germany,Civil,Technology Development,LEO,Sun-Synchronous,0.0,9,2018-01-31,Technical University Berlin,Vostochny Cosmodrome,Soyuz-2.1a,Technology Development
S-Net-4,Germany,Civil,Technology Development,LEO,Sun-Synchronous,0.0,9,2018-01-31,Technical University Berlin,Vostochny Cosmodrome,Soyuz-2.1a,Technology Development
SAI NanoConnect 2,Mexico,Civil,Technology Development,LEO,Sun-Synchronous,0.0,3,2021-02-28,National Autonomous University of Mexico,Satish Dhawan Space Centre,PSLV,Technology Development
SALSAT,Germany,Civil,Space Science,LEO,Sun-Synchronous,0.0,12,2020-09-28,Technical University Berlin,Plesetsk Cosmodrome,Soyuz-2.1b,Space Science
Sanosat-1,Nepal,Civil,Communications,LEO,Sun-Synchronous,0.0,1,2022-01-13,Orion Space,Cape Canaveral,Falcon 9,Communications
Sapling-2,USA,Civil,Earth Observation,LEO,Sun-Synchronous,0.0,1,2023-04-15,Stanford Student Space Initiative,Vandenberg AFB,Falcon 9,Earth Observation
Sapphire,Canada,Military,Space Observation,LEO,Non-Polar Inclined,0.0,148,2013-02-25,"Surrey Satellite Technology Ltd./MacDonald, Dettwiler and Associates",Satish Dhawan Space Centre,PSLV,Space Observation
SAR-Lupe 1,Germany,Military,Earth Observation,LEO,Non-Polar Inclined,0.0,770,2006-12-19,OHB System-AG,Plesetsk Cosmodrome,Kosmos 3M,Earth Observation
SAR-Lupe 2,Germany,Military,Earth Observation,LEO,Non-Polar Inclined,0.0,770,2007-07-02,OHB-System AG ,Plesetsk Cosmodrome,Kosmos 3M,Earth Observation
SAR-Lupe 3,Germany,Military,Earth Observation,LEO,Non-Polar Inclined,0.0,770,2007-11-01,OHB-System AG ,Plesetsk Cosmodrome,Kosmos 3M,Earth Observation
SAR-Lupe 4,Germany,Military,Earth Observation,LEO,Non-Polar Inclined,0.0,770,2008-03-27,OHB-System AG ,Plesetsk Cosmodrome,Kosmos 3M,Earth Observation
SAR-Lupe 5,Germany,Military,Earth Observation,LEO,Non-Polar Inclined,0.0,770,2008-07-22,OHB-System AG ,Plesetsk Cosmodrome,Kosmos 3M,Earth Observation
SARAL,India/France,Government,Earth Observation,LEO,Sun-Synchronous,0.0,407,2013-02-25,Indian Space Research Organization (ISRO),Satish Dhawan Space Centre,PSLV,Earth Observation
Sateliot Enxaneta,Spain,Commercial,Communications,LEO,Sun-Synchronous,0.0,4,2021-03-22,Open Cosmos,Baikonur Cosmodrome,Soyuz-2.1a,Communications
Sateliot-0,USA,Commercial,Communications,LEO,Sun-Synchronous,0.0,4,2023-04-15,EnduroSat,Vandenberg AFB,Falcon 9,Communications
SATTLA-2B,Israel,Civil,Technology Development,LEO,Sun-Synchronous,0.0,1,2022-01-13,"Department of Computer Science and the Faculty of Engineering, Ariel University",Cape Canaveral,Falcon 9,Technology Development
Saudicomsat-1,Saudi Arabia,Commercial,Technology Development,LEO,Sun-Synchronous,0.0,12,2004-06-29,"Space Research Institute, King Abdulaziz City for Science and Technology",Baikonur Cosmodrome,Dnepr,Technology Development
Saudicomsat-2 ,Saudi Arabia,Commercial,Technology Development,LEO,Sun-Synchronous,0.0,12,2004-06-29,"Space Research Institute, King Abdulaziz City for Science and Technology",Baikonur Cosmodrome,Dnepr,Technology Development
Saudicomsat-3,Saudi Arabia,Commercial,Communications,LEO,Sun-Synchronous,0.0,12,2007-04-17,"Space Research Institute, King Abdulaziz City for Science and Technology",Baikonur Cosmodrome,Dnepr,Communications
Saudicomsat-4,Saudi Arabia,Commercial,Communications,LEO,Sun-Synchronous,0.0,12,2007-04-17,"Space Research Institute, King Abdulaziz City for Science and Technology",Baikonur Cosmodrome,Dnepr,Communications
Saudicomsat-5,Saudi Arabia,Commercial,Communications,LEO,Sun-Synchronous,0.0,12,2007-04-17,"Space Research Institute, King Abdulaziz City for Science and Technology",Baikonur Cosmodrome,Dnepr,Communications
Saudicomsat-6,Saudi Arabia,Commercial,Communications,LEO,Sun-Synchronous,0.0,12,2007-04-17,"Space Research Institute, King Abdulaziz City for Science and Technology",Baikonur Cosmodrome,Dnepr,Communications
Saudicomsat-7,Saudi Arabia,Commercial,Communications,LEO,Sun-Synchronous,0.0,12,2007-04-17,"Space Research Institute, King Abdulaziz City for Science and Technology",Baikonur Cosmodrome,Dnepr,Communications
Saudisat 1C,Saudi Arabia,Government,Communications,LEO,Non-Polar Inclined,0.0,10,2002-12-20,"Space Research Institute, King Abdulaziz City for Science and Technology",Baikonur Cosmodrome,Dnepr,Communications
Saudisat-2 ,Saudi Arabia,Government,Earth Observation,LEO,Sun-Synchronous,0.0,35,2004-06-29,Riyadh Space Research Institute,Baikonur Cosmodrome,Dnepr,Earth Observation
Saudisat-3,Saudi Arabia,Government,Earth Observation,LEO,Sun-Synchronous,0.0,200,2007-04-17,King Abdulaziz City for Science and Technology,Baikonur Cosmodrome,Dnepr,Earth Observation
Saudisat-5A,Saudi Arabia,Government,Earth Observation,LEO,Sun-Synchronous,0.0,425,2018-12-07,King Abdulaziz City for Science and Technology,Jiuquan Satellite Launch Center,Long March 2D,Earth Observation
Saudisat-5B,Saudi Arabia,Government,Earth Observation,LEO,Sun-Synchronous,0.0,425,2018-12-07,King Abdulaziz City for Science and Technology,Jiuquan Satellite Launch Center,Long March 2D,Earth Observation
ScatSat-1,India,Government,Earth Observation,LEO,Sun-Synchronous,0.0,371,2016-09-26,Indian Space Research Organization (ISRO),Satish Dhawan Space Centre,PSLV,Earth Observation
SCD-1,Brazil,Government,Earth Observation,LEO,Non-Polar Inclined,0.0,110,1993-02-09,Instituto Nacional de Pesquisas Espaciais (INPE),Cape Canaveral,Pegasus,Earth Observation
SCD-2,Brazil,Government,Earth Observation,LEO,Non-Polar Inclined,0.0,110,1998-10-23,Instituto Nacional de Pesquisas Espaciais (INPE),Cape Canaveral,Pegasus,Earth Observation
Scisat-1,Canada,Government,Space Science,LEO,Polar,0.0,150,2003-08-12,Bristol Aerospace Ltd.,Vandenberg AFB,Pegasus XL,Space Science
SDGSAT 1,China,Government,Earth Observation,LEO,Sun-Synchronous,0.0,500,2021-11-05,USA,Taiyuan Launch Center,Long March 6,Earth Observation
SDS-4,Japan,Government,Technology Development,LEO,Sun-Synchronous,0.0,50,2012-05-17,Japan Aerospace Exploration Agency (JAXA),Tanegashima Space Center,H2A,Technology Development
Seahawk-1,USA,Civil,Earth Observation,LEO,Sun-Synchronous,0.0,4,2018-12-03,University of North Carolina/Clyde,Vandenberg AFB,Falcon 9,Earth Observation
SEEDS 2,Japan,Civil,Technology Development,LEO,Sun-Synchronous,0.0,3,2008-04-28,Nihon University,Satish Dhawan Space Centre,PSLV C9,Technology Development
SeeMe,USA,Military,Earth Observation,LEO,Sun-Synchronous,0.0,25,2018-12-03,Ratheon Corporation,Vandenberg AFB,Falcon 9,Earth Observation
Sentinel 5P,ESA,Government,Earth Observation,LEO,Sun-Synchronous,0.0,820,2017-10-13,Airbus Defense and Space,Plesetsk Cosmodrome,Rokot,Earth Observation
Shaonian Xing,China,Civil,Technology Development,LEO,Sun-Synchronous,0.0,3,2018-02-02,Teen Satellite Project,Jiuquan Satellite Launch Center,Long March 2D,Technology Development
SHFT,USA,Military,Space Science,LEO,Polar,0.0,5,2018-12-16,NASA Jet Propulsion Laboratory,Rocket Lab Launch Complex 1,Electron,Space Science
Shields 1,USA,Government,Technology Development,LEO,Polar,0.0,4,2018-12-16,NASA Langley Research Center,Rocket Lab Launch Complex 1,Electron,Technology Development
Shiyan 1,China,Government,Earth Observation,LEO,Sun-Synchronous,0.0,204,2004-04-18,Chinese Research Institute of Space Technology/Changchun Photomechanical Institute (CAS),Xichang Satellite Launch Center,Long March 2C,Earth Observation
Shiyan 11,China,Government,Technology Development,LEO,,0.0,200,2021-11-24,China Academy of Space Technology (CAST),Jiuquan Satellite Launch Center,Kuaizhou 1A ,Technology Development
Shiyan 13,China,Government,Technology Development,LEO,,0.0,500,2022-01-17,China Academy of Space Technology (CAST),Taiyuan Launch Center,Long March 2D,Technology Development
Shiyan 14,China,Government,Technology Development,LEO,Sun-Synchronous,0.0,100,2022-09-24,China Academy of Space Technology (CAST),Taiyuan Launch Center,Kuaizhou 1A ,Technology Development
Shiyan 15,China,Government,Technology Development,LEO,Sun-Synchronous,0.0,100,2022-09-24,China Academy of Space Technology (CAST),Taiyuan Launch Center,Kuaizhou 1A ,Technology Development
Shiyan 19,China,Government,Technology Development,LEO,Sun-Synchronous,0.0,100,2023-03-15,Chinese Academy of Space Technology (CAST),Jiuquan Satellite Launch Center,Long March 11,Technology Development
Shiyan 22A,China,Government,Technology Development,LEO,Non-Polar Inclined,0.0,100,2023-01-13,Chinese Academy of Space Technology (CAST),Jiuquan Satellite Launch Center,Long March 2D,Technology Development
Shiyan 22B,China,Government,Technology Development,LEO,Non-Polar Inclined,0.0,100,2023-01-13,Chinese Academy of Space Technology (CAST),Jiuquan Satellite Launch Center,Long March 2D,Technology Development
Shiyan 3,China,Government,Earth Observation,LEO,Sun-Synchronous,0.0,300,2008-11-05,Harbin Institute of Technology,Jiuquan Satellite Launch Center,Long March 2D,Earth Observation
Shiyan 4,China,Government,Earth Observation,LEO,Sun-Synchronous,0.0,300,2011-11-20,CAST/DFH Satellite Co. Ltd./HIT,Jiuquan Satellite Launch Center,Long March 2D,Earth Observation
Shiyan 5,China,Government,Earth Observation,LEO,Sun-Synchronous,0.0,204,2013-11-25,China Academy of Space Technology (CAST),Jiuquan Satellite Launch Center,Long March 2D,Earth Observation
Sich-2-1,Ukraine,Government,Earth Observation,LEO,Sun-Synchronous,0.0,170,2022-01-13,Yuzhnoye,Cape Canaveral,Falcon 9,Earth Observation
SIMBA,ESA,Government,Earth Science,LEO,Sun-Synchronous,0.0,6,2020-09-02,"Royal Meteorologial Institute, Belgium/ESA",Guiana Space Center,Vega,Earth Science
SINOD D-1,USA,Commercial,Technology Demonstration,LEO,Non-Polar Inclined,0.0,2,2015-10-08,SRI International,Cape Canaveral,Atlas 5,Technology Demonstration
SINOD D-3,USA,Commercial,Technology Demonstration,LEO,Non-Polar Inclined,0.0,2,2015-10-08,SRI International,Cape Canaveral,Atlas 5,Technology Demonstration
Siwei 01,China,Commercial,Earth Observation,LEO,,0.0,540,2022-04-29,China Academy of Space Technology (CAST),Jiuquan Satellite Launch Center,Long March 2C,Earth Observation
Siwei 02,China,Commercial,Earth Observation,LEO,,0.0,540,2022-04-29,China Academy of Space Technology (CAST),Jiuquan Satellite Launch Center,Long March 2C,Earth Observation
Siwei Gaojing 2-01 ,China,Commercial,Earth Observation,LEO,Sun-Synchronous,0.0,600,2022-07-15,China Academy of Space Technology (CAST),Taiyuan Launch Center,Long March 2C,Earth Observation
Siwei Gaojing 2-02 ,China,Commercial,Earth Observation,LEO,Sun-Synchronous,0.0,600,2022-07-15,China Academy of Space Technology (CAST),Taiyuan Launch Center,Long March 2C,Earth Observation
Skykraft 1A,Australia,Commercial,Technology Demonstration,LEO,Sun-Synchronous,0.0,50,2023-01-03,Skykraft,Cape Canaveral,Falcon 9,Technology Demonstration
Skykraft 1B,Australia,Commercial,Technology Demonstration,LEO,Sun-Synchronous,0.0,50,2023-01-03,Skykraft,Cape Canaveral,Falcon 9,Technology Demonstration
Skykraft 1C,Australia,Commercial,Technology Demonstration,LEO,Sun-Synchronous,0.0,50,2023-01-03,Skykraft,Cape Canaveral,Falcon 9,Technology Demonstration
Skykraft 1D,Australia,Commercial,Technology Demonstration,LEO,Sun-Synchronous,0.0,50,2023-01-03,Skykraft,Cape Canaveral,Falcon 9,Technology Demonstration
Skykraft Carrier 1,Australia,Commercial,Technology Demonstration,LEO,Sun-Synchronous,0.0,100,2023-01-03,Skycraft,Cape Canaveral,Falcon 9,Technology Demonstration
SkySat-10,USA,Commercial,Earth Observation,LEO,Sun-Synchronous,0.0,110,2017-10-31,Space Systems/Loral,Vandenberg AFB,Minotaur-C,Earth Observation
SkySat-11,USA,Commercial,Earth Observation,LEO,Sun-Synchronous,0.0,110,2017-10-31,Space Systems/Loral,Vandenberg AFB,Minotaur-C,Earth Observation
SkySat-12,USA,Commercial,Earth Observation,LEO,Sun-Synchronous,0.0,110,2017-10-31,Space Systems/Loral,Vandenberg AFB,Minotaur-C,Earth Observation
SkySat-13,USA,Commercial,Earth Observation,LEO,Sun-Synchronous,0.0,110,2017-10-31,Space Systems/Loral,Vandenberg AFB,Minotaur-C,Earth Observation
SkySat-14,USA,Commercial,Earth Observation,LEO,Sun-Synchronous,0.0,100,2018-12-03,Space Systems/Loral,Vandenberg AFB,Falcon 9,Earth Observation
SkySat-15,USA,Commercial,Earth Observation,LEO,Sun-Synchronous,0.0,100,2018-12-03,Space Systems/Loral,Vandenberg AFB,Falcon 9,Earth Observation
SkySat-16,USA,Commercial,Earth Observation,LEO,Non-Polar Inclined,0.0,100,2020-06-13,Space Systems/Loral,Cape Canaveral,Falcon 9,Earth Observation
SkySat-17,USA,Commercial,Earth Observation,LEO,Non-Polar Inclined,0.0,100,2020-06-13,Space Systems/Loral,Cape Canaveral,Falcon 9,Earth Observation
SkySat-18,USA,Commercial,Earth Observation,LEO,Non-Polar Inclined,0.0,100,2020-06-13,Space Systems/Loral,Cape Canaveral,Falcon 9,Earth Observation
SkySat-19,USA,Commercial,Earth Observation,LEO,Non-Polar Inclined,0.0,110,2020-08-18,Maxar ,Cape Canaveral,Falcon 9,Earth Observation
SkySat-2,USA,Commercial,Earth Observation,LEO,Sun-Synchronous,0.0,90,2014-07-08,Skybox Imaging,Baikonur Cosmodrome,Soyuz-2.1b,Earth Observation
SkySat-20,USA,Commercial,Earth Observation,LEO,Non-Polar Inclined,0.0,110,2020-08-18,Maxar ,Cape Canaveral,Falcon 9,Earth Observation
SkySat-21,USA,Commercial,Earth Observation,LEO,Non-Polar Inclined,0.0,110,2020-08-18,Maxar ,Cape Canaveral,Falcon 9,Earth Observation
SkySat-3,USA,Commercial,Earth Observation,LEO,Sun-Synchronous,0.0,110,2016-06-22,Space Systems/Loral,Satish Dhawan Space Centre,PSLV XL,Earth Observation
SkySat-4,USA,Commercial,Earth Observation,LEO,Sun-Synchronous,0.0,110,2016-09-16,Space Systems/Loral,Guiana Space Center,Vega,Earth Observation
SkySat-5,USA,Commercial,Earth Observation,LEO,Sun-Synchronous,0.0,110,2016-09-16,Space Systems/Loral,Guiana Space Center,Vega,Earth Observation
SkySat-6,USA,Commercial,Earth Observation,LEO,Sun-Synchronous,0.0,110,2016-09-16,Space Systems/Loral,Guiana Space Center,Vega,Earth Observation
SkySat-7,USA,Commercial,Earth Observation,LEO,Sun-Synchronous,0.0,110,2016-09-16,Space Systems/Loral,Guiana Space Center,Vega,Earth Observation
SkySat-8,USA,Commercial,Earth Observation,LEO,Sun-Synchronous,0.0,110,2017-10-31,Space Systems/Loral,Vandenberg AFB,Minotaur-C,Earth Observation
SkySat-9,USA,Commercial,Earth Observation,LEO,Sun-Synchronous,0.0,110,2017-10-31,Space Systems/Loral,Vandenberg AFB,Minotaur-C,Earth Observation
SMDC-ONE 1.1,USA,Military,Technology Development,LEO,Non-Polar Inclined,0.0,5,2012-09-13,Miltec,Vandenberg AFB,Atlas 5,Technology Development
SMDC-ONE 1.2,USA,Military,Technology Development,LEO,Non-Polar Inclined,0.0,3,2012-09-13,Miltec,Vandenberg AFB,Atlas 5,Technology Development
SMDC-ONE 2.3,USA,Military,Technology Development,LEO,Polar,0.0,5,2013-12-06,Miltec,Vandenberg AFB,Atlas 5,Technology Development
SMDC-ONE 2.4,USA,Military,Technology Development,LEO,Polar,0.0,5,2013-12-06,Miltec,Vandenberg AFB,Atlas 5,Technology Development
SMOS,ESA,Government,Earth Observation,LEO,Sun-Synchronous,0.0,658,2009-11-02,Thales Alenia Space,Plesetsk Cosmodrome,Breeze KM,Earth Observation
SNaP-3 Alice,USA,Military,Technology Development,LEO,Non-Polar Inclined,0.0,5,2015-10-08,US Army Space and Missile Defense Command,Cape Canaveral,Atlas 5,Technology Development
SNaP-3 Eddie,USA,Military,Technology Development,LEO,Non-Polar Inclined,0.0,5,2015-10-08,US Army Space and Missile Defense Command,Cape Canaveral,Atlas 5,Technology Development
SNaP-3 Jimi,USA,Military,Technology Development,LEO,Non-Polar Inclined,0.0,5,2015-10-08,US Army Space and Missile Defense Command,Cape Canaveral,Atlas 5,Technology Development
SNUGLITE 2,South Korea,Civil,Technology Demonstration,LEO,Sun-Synchronous,0.0,4,2022-06-21,Seoul National University,Naro Space Center,Nuri,Technology Demonstration
SOCRATES,Japan,Commercial,Technology Development,LEO,Sun-Synchronous,0.0,48,2014-05-24,"Advanced Engineering Services Company, Ltd.",Tanegashima Space Center,H2A,Technology Development
SOHLA 1,Japan,Civil,Technology Development,LEO,Sun-Synchronous,0.0,50,2009-01-23,Space Oriented Higashiosaka Leading Association,Tanegashima Space Center,H2A,Technology Development
SOKRAT,Russia,Civil,Space Science,LEO,Sun-Synchronous,0.0,4,2019-07-05,Moscow State University,Vostochny Cosmodrome,Soyuz-2.1b,Space Science
SOMP-2b,Germany,Civil,Space Science,LEO,Sun-Synchronous,0.0,3,2021-01-24,Technical University Dresden,Cape Canaveral,Falcon 9,Space Science
SONATE,Germany,Civil,Technology Development,LEO,Sun-Synchronous,0.0,1,2019-07-05,University of Würzburg,Vostochny Cosmodrome,Soyuz-2.1b,Technology Development
SOlar Radiation and Climate Experiment (SORCE),USA,Government/Civil,Space Science,LEO,Non-Polar Inclined,0.0,315,2003-01-25,Orbital Sciences Corp.,Cape Canaveral,Pegasus XL,Space Science
SORTIE,USA,Government,Space Science,LEO,Non-Polar Inclined,0.0,9,2020-02-19,COSMIAC and ASTRA LLC,International Space Station,Nanorack Deployer,Space Science
SpaceBEE NZ-15 ,USA,Commercial,Communications,LEO,Sun-Synchronous,0.0,2,2022-05-02,Swarm Technologies,Rocket Lab Launch Complex 1,Electron,Communications
SpaceBEE NZ-16 ,USA,Commercial,Communications,LEO,Sun-Synchronous,0.0,2,2022-05-02,Swarm Technologies,Rocket Lab Launch Complex 1,Electron,Communications
SpaceBEE NZ-17 ,USA,Commercial,Communications,LEO,Sun-Synchronous,0.0,2,2022-05-02,Swarm Technologies,Rocket Lab Launch Complex 1,Electron,Communications
SpaceBEE NZ-18 ,USA,Commercial,Communications,LEO,Sun-Synchronous,0.0,2,2022-05-02,Swarm Technologies,Rocket Lab Launch Complex 1,Electron,Communications
SpaceBEE NZ-19 ,USA,Commercial,Communications,LEO,Sun-Synchronous,0.0,2,2022-05-02,Swarm Technologies,Rocket Lab Launch Complex 1,Electron,Communications
SpaceBEE NZ-20,USA,Commercial,Communications,LEO,Sun-Synchronous,0.0,2,2022-05-02,Swarm Technologies,Rocket Lab Launch Complex 1,Electron,Communications
SpaceBEE NZ-21 ,USA,Commercial,Communications,LEO,Sun-Synchronous,0.0,2,2022-05-02,Swarm Technologies,Rocket Lab Launch Complex 1,Electron,Communications
SpaceBEE NZ-22,USA,Commercial,Communications,LEO,Sun-Synchronous,0.0,2,2022-05-02,Swarm Technologies,Rocket Lab Launch Complex 1,Electron,Communications
SpaceBEE-100,USA,Commercial,Communications,LEO,Sun-Synchronous,0.0,2,2021-06-30,Swarm Technologies,Cape Canaveral,Falcon 9,Communications
SpaceBEE-101,USA,Commercial,Communications,LEO,Sun-Synchronous,0.0,2,2021-06-30,Swarm Technologies,Cape Canaveral,Falcon 9,Communications
SpaceBEE-102,USA,Commercial,Communications,LEO,Sun-Synchronous,0.0,2,2021-06-30,Swarm Technologies,Cape Canaveral,Falcon 9,Communications
SpaceBEE-103,USA,Commercial,Communications,LEO,Sun-Synchronous,0.0,2,2021-06-30,Swarm Technologies,Cape Canaveral,Falcon 9,Communications
SpaceBEE-104,USA,Commercial,Communications,LEO,Sun-Synchronous,0.0,2,2021-06-30,Swarm Technologies,Cape Canaveral,Falcon 9,Communications
SpaceBEE-105,USA,Commercial,Communications,LEO,Sun-Synchronous,0.0,2,2021-06-30,Swarm Technologies,Cape Canaveral,Falcon 9,Communications
SpaceBEE-106,USA,Commercial,Communications,LEO,Sun-Synchronous,0.0,2,2021-06-30,Swarm Technologies,Cape Canaveral,Falcon 9,Communications
SpaceBEE-107,USA,Commercial,Communications,LEO,Sun-Synchronous,0.0,2,2021-06-30,Swarm Technologies,Cape Canaveral,Falcon 9,Communications
SpaceBEE-108,USA,Commercial,Communications,LEO,Sun-Synchronous,0.0,2,2021-06-30,Swarm Technologies,Cape Canaveral,Falcon 9,Communications
SpaceBEE-109,USA,Commercial,Communications,LEO,Sun-Synchronous,0.0,2,2021-06-30,Swarm Technologies,Cape Canaveral,Falcon 9,Communications
SpaceBEE-110,USA,Commercial,Communications,LEO,Sun-Synchronous,0.0,2,2021-06-30,Swarm Technologies,Cape Canaveral,Falcon 9,Communications
SpaceBEE-111,USA,Commercial,Communications,LEO,Sun-Synchronous,0.0,2,2021-06-30,Swarm Technologies,Cape Canaveral,Falcon 9,Communications
SpaceBEE-112 ,USA,Commercial,Communications,LEO,Sun-Synchronous,0.0,2,2022-03-15,Swarm Technologies,Kodiak Island,Rocket 3.3,Communications
SpaceBEE-113,USA,Commercial,Communications,LEO,Sun-Synchronous,0.0,2,2022-03-15,Swarm Technologies,Kodiak Island,Rocket 3.3,Communications
SpaceBEE-114,USA,Commercial,Communications,LEO,Sun-Synchronous,0.0,2,2022-03-15,Swarm Technologies,Kodiak Island,Rocket 3.3,Communications
SpaceBEE-115,USA,Commercial,Communications,LEO,Sun-Synchronous,0.0,2,2022-03-15,Swarm Technologies,Kodiak Island,Rocket 3.3,Communications
SpaceBEE-116,USA,Commercial,Communications,LEO,Sun-Synchronous,0.0,2,2022-03-15,Swarm Technologies,Kodiak Island,Rocket 3.3,Communications
SpaceBEE-117,USA,Commercial,Communications,LEO,Sun-Synchronous,0.0,2,2022-03-15,Swarm Technologies,Kodiak Island,Rocket 3.3,Communications
SpaceBEE-118,USA,Commercial,Communications,LEO,Sun-Synchronous,0.0,2,2022-03-15,Swarm Technologies,Kodiak Island,Rocket 3.3,Communications
SpaceBEE-119,USA,Commercial,Communications,LEO,Sun-Synchronous,0.0,2,2022-03-15,Swarm Technologies,Kodiak Island,Rocket 3.3,Communications
SpaceBEE-120,USA,Commercial,Communications,LEO,Sun-Synchronous,0.0,2,2022-03-15,Swarm Technologies,Kodiak Island,Rocket 3.3,Communications
SpaceBEE-121,USA,Commercial,Communications,LEO,Sun-Synchronous,0.0,2,2022-03-15,Swarm Technologies,Kodiak Island,Rocket 3.3,Communications
SpaceBEE-122,USA,Commercial,Communications,LEO,Sun-Synchronous,0.0,2,2022-03-15,Swarm Technologies,Kodiak Island,Rocket 3.3,Communications
SpaceBEE-123,USA,Commercial,Communications,LEO,Sun-Synchronous,0.0,2,2022-03-15,Swarm Technologies,Kodiak Island,Rocket 3.3,Communications
SpaceBEE-124,USA,Commercial,Communications,LEO,Sun-Synchronous,0.0,2,2022-03-15,Swarm Technologies,Kodiak Island,Rocket 3.3,Communications
SpaceBEE-125,USA,Commercial,Communications,LEO,Sun-Synchronous,0.0,2,2022-03-15,Swarm Technologies,Kodiak Island,Rocket 3.3,Communications
SpaceBEE-126,USA,Commercial,Communications,LEO,Sun-Synchronous,0.0,2,2022-03-15,Swarm Technologies,Kodiak Island,Rocket 3.3,Communications
SpaceBEE-127 ,USA,Commercial,Communications,LEO,Sun-Synchronous,0.0,2,2022-03-15,Swarm Technologies,Kodiak Island,Rocket 3.3,Communications
SpaceBEE-128,USA,Commercial,Communications,LEO,Sun-Synchronous,0.0,2,2022-04-01,Swarm Technologies,Cape Canaveral,Falcon 9,Communications
SpaceBEE-129,USA,Commercial,Communications,LEO,Sun-Synchronous,0.0,2,2022-04-01,Swarm Technologies,Cape Canaveral,Falcon 9,Communications
SpaceBEE-130,USA,Commercial,Communications,LEO,Sun-Synchronous,0.0,2,2022-04-01,Swarm Technologies,Cape Canaveral,Falcon 9,Communications
SpaceBEE-131,USA,Commercial,Communications,LEO,Sun-Synchronous,0.0,2,2022-04-01,Swarm Technologies,Cape Canaveral,Falcon 9,Communications
SpaceBEE-132,USA,Commercial,Communications,LEO,Sun-Synchronous,0.0,2,2022-04-01,Swarm Technologies,Cape Canaveral,Falcon 9,Communications
SpaceBEE-133,USA,Commercial,Communications,LEO,Sun-Synchronous,0.0,2,2022-04-01,Swarm Technologies,Cape Canaveral,Falcon 9,Communications
SpaceBEE-134,USA,Commercial,Communications,LEO,Sun-Synchronous,0.0,2,2022-04-01,Swarm Technologies,Cape Canaveral,Falcon 9,Communications
SpaceBEE-135,USA,Commercial,Communications,LEO,Sun-Synchronous,0.0,2,2022-04-01,Swarm Technologies,Cape Canaveral,Falcon 9,Communications
SpaceBEE-136,USA,Commercial,Communications,LEO,Sun-Synchronous,0.0,2,2022-04-01,Swarm Technologies,Cape Canaveral,Falcon 9,Communications
SpaceBEE-137,USA,Commercial,Communications,LEO,Sun-Synchronous,0.0,2,2022-04-01,Swarm Technologies,Cape Canaveral,Falcon 9,Communications
SpaceBEE-138,USA,Commercial,Communications,LEO,Sun-Synchronous,0.0,2,2022-04-01,Swarm Technologies,Cape Canaveral,Falcon 9,Communications
SpaceBEE-139,USA,Commercial,Communications,LEO,Sun-Synchronous,0.0,2,2022-04-01,Swarm Technologies,Cape Canaveral,Falcon 9,Communications
SpaceBEE-140 ,USA,Commercial,Communications,LEO,Sun-Synchronous,0.0,2,2022-05-02,Swarm Technologies,Rocket Lab Launch Complex 1,Electron,Communications
SpaceBEE-141 ,USA,Commercial,Communications,LEO,Sun-Synchronous,0.0,2,2022-05-02,Swarm Technologies,Rocket Lab Launch Complex 1,Electron,Communications
SpaceBEE-142 ,USA,Commercial,Communications,LEO,Sun-Synchronous,0.0,2,2022-05-02,Swarm Technologies,Rocket Lab Launch Complex 1,Electron,Communications
SpaceBEE-143,USA,Commercial,Communications,LEO,Sun-Synchronous,0.0,2,2022-05-02,Swarm Technologies,Rocket Lab Launch Complex 1,Electron,Communications
SpaceBEE-144,USA,Commercial,Communications,LEO,Sun-Synchronous,0.0,2,2022-05-02,Swarm Technologies,Rocket Lab Launch Complex 1,Electron,Communications
SpaceBEE-145,USA,Commercial,Communications,LEO,Sun-Synchronous,0.0,2,2022-05-02,Swarm Technologies,Rocket Lab Launch Complex 1,Electron,Communications
SpaceBEE-146 ,USA,Commercial,Communications,LEO,Sun-Synchronous,0.0,2,2022-05-02,Swarm Technologies,Rocket Lab Launch Complex 1,Electron,Communications
SpaceBEE-147 ,USA,Commercial,Communications,LEO,Sun-Synchronous,0.0,2,2022-05-02,Swarm Technologies,Rocket Lab Launch Complex 1,Electron,Communications
SpaceBEE-148 ,USA,Commercial,Communications,LEO,Sun-Synchronous,0.0,2,2022-05-02,Swarm Technologies,Rocket Lab Launch Complex 1,Electron,Communications
SpaceBEE-149,USA,Commercial,Communications,LEO,Sun-Synchronous,0.0,2,2022-05-02,Swarm Technologies,Rocket Lab Launch Complex 1,Electron,Communications
SpaceBEE-150 ,USA,Commercial,Communications,LEO,Sun-Synchronous,0.0,2,2022-05-02,Swarm Technologies,Rocket Lab Launch Complex 1,Electron,Communications
SpaceBEE-151 ,USA,Commercial,Communications,LEO,Sun-Synchronous,0.0,2,2022-05-02,Swarm Technologies,Rocket Lab Launch Complex 1,Electron,Communications
SpaceBEE-152 ,USA,Commercial,Communications,LEO,Sun-Synchronous,0.0,2,2022-05-02,Swarm Technologies,Rocket Lab Launch Complex 1,Electron,Communications
SpaceBEE-153,USA,Commercial,Communications,LEO,Sun-Synchronous,0.0,2,2022-05-02,Swarm Technologies,Rocket Lab Launch Complex 1,Electron,Communications
SpaceBEE-154 ,USA,Commercial,Communications,LEO,Sun-Synchronous,0.0,2,2022-05-02,Swarm Technologies,Rocket Lab Launch Complex 1,Electron,Communications
SpaceBEE-155 ,USA,Commercial,Communications,LEO,Sun-Synchronous,0.0,2,2022-05-02,Swarm Technologies,Rocket Lab Launch Complex 1,Electron,Communications
SpaceBEE-156,USA,Commercial,Communications,LEO,Sun-Synchronous,0.0,2,2023-01-03,Swarm Technologies,Cape Canaveral,Falcon 9,Communications
SpaceBEE-157,USA,Commercial,Communications,LEO,Sun-Synchronous,0.0,2,2023-01-03,Swarm Technologies,Cape Canaveral,Fa,Communications
SpaceBEE-158,USA,Commercial,Communications,LEO,Sun-Synchronous,0.0,2,2023-01-03,Swarm Technologies,Cape Canaveral,Falcon 9,Communications
SpaceBEE-159,USA,Commercial,Communications,LEO,Sun-Synchronous,0.0,2,2023-01-03,Swarm Technologies,Cape Canaveral,Falcon 9,Communications
SpaceBEE-160,USA,Commercial,Communications,LEO,Sun-Synchronous,0.0,2,2023-01-03,Swarm Technologies,Cape Canaveral,Falcon 9,Communications
SpaceBEE-161,USA,Commercial,Communications,LEO,Sun-Synchronous,0.0,2,2023-01-03,Swarm Technologies,Cape Canaveral,Falcon 9,Communications
SpaceBEE-162,USA,Commercial,Communications,LEO,Sun-Synchronous,0.0,2,2023-01-03,Swarm Technologies,Cape Canaveral,Falcon 9,Communications
SpaceBEE-163,USA,Commercial,Communications,LEO,Sun-Synchronous,0.0,2,2023-01-03,Swarm Technologies,Cape Canaveral,Falcon 9,Communications
SpaceBEE-164,USA,Commercial,Communications,LEO,Sun-Synchronous,0.0,2,2023-01-03,Swarm Technologies,Cape Canaveral,Falcon 9,Communications
SpaceBEE-165,USA,Commercial,Communications,LEO,Sun-Synchronous,0.0,2,2023-01-03,Swarm Technologies,Cape Canaveral,Falcon 9,Communications
SpaceBEE-166,USA,Commercial,Communications,LEO,Sun-Synchronous,0.0,2,2023-01-03,Swarm Technologies,Cape Canaveral,Falcon 9,Communications
SpaceBEE-167,USA,Commercial,Communications,LEO,Sun-Synchronous,0.0,2,2023-01-03,Swarm Technologies,Cape Canaveral,Falcon 9,Communications
SpaceBEE-5,USA,Commercial,Communications,LEO,Sun-Synchronous,0.0,2,2018-12-03,Swarm Technologies,Vandenberg AFB,Falcon 9,Communications
SpaceBEE-55 ,USA,Commercial,Communications,LEO,Sun-Synchronous,0.0,2,2021-01-24,Swarm Technologies,Cape Canaveral,Falcon 9,Communications
SpaceBEE-57 ,USA,Commercial,Communications,LEO,Sun-Synchronous,0.0,2,2021-01-24,Swarm Technologies,Cape Canaveral,Falcon 9,Communications
SpaceBEE-6,USA,Commercial,Communications,LEO,Sun-Synchronous,0.0,2,2018-12-03,Swarm Technologies,Vandenberg AFB,Falcon 9,Communications
SpaceBEE-62 ,USA,Commercial,Communications,LEO,Sun-Synchronous,0.0,2,2021-01-24,Swarm Technologies,Cape Canaveral,Falcon 9,Communications
SpaceBEE-7,USA,Commercial,Communications,LEO,Sun-Synchronous,0.0,2,2018-12-03,Swarm Technologies,Vandenberg AFB,Falcon 9,Communications
SpaceBEE-NS14,USA,Commercial,Communications,LEO,Sun-Synchronous,0.0,2,2022-03-15,Swarm Technologies,Kodiak Island,Rocket 3.3,Communications
SpaceBEE-NZ10,USA,Commercial,Communications,LEO,Sun-Synchronous,0.0,2,2021-06-30,Swarm Technologies,Cape Canaveral,Falcon 9,Communications
SpaceBEE-NZ11,USA,Commercial,Communications,LEO,Sun-Synchronous,0.0,2,2022-03-15,Swarm Technologies,Kodiak Island,Rocket 3.3,Communications
SpaceBEE-NZ12,USA,Commercial,Communications,LEO,Sun-Synchronous,0.0,2,2022-03-15,Swarm Technologies,Kodiak Island,Rocket 3.3,Communications
SpaceBEE-NZ13 ,USA,Commercial,Communications,LEO,Sun-Synchronous,0.0,2,2022-03-15,Swarm Technologies,Kodiak Island,Rocket 3.3,Communications
SpaceBEE-NZ7,USA,Commercial,Communications,LEO,Sun-Synchronous,0.0,2,2021-06-30,Swarm Technologies,Cape Canaveral,Falcon 9,Communications
SpaceBEE-NZ8,USA,Commercial,Communications,LEO,Sun-Synchronous,0.0,2,2021-06-30,Swarm Technologies,Cape Canaveral,Falcon 9,Communications
SpaceBEE-NZ9,USA,Commercial,Communications,LEO,Sun-Synchronous,0.0,2,2021-06-30,Swarm Technologies,Cape Canaveral,Falcon 9,Communications
SPARC-1,Sweden,Military,Technology Development,LEO,Non-Polar Inclined,0.0,8,2019-05-05,AAC Microtecs,Rocket Lab Launch Complex 1,Electron,Technology Development
Spark-1,China,Government,Earth Observation,LEO,Sun-Synchronous,0.0,50,2016-12-21,Shanghai Engineering Center for Microsatellites,Jiuquan Satellite Launch Center,Long March 2D,Earth Observation
Spark-1,USA,Commercial,Communications,LEO,Sun-Synchronous,0.0,20,2022-04-01,Thales Alenia Space,Cape Canaveral,Falcon 9,Communications
Spark-2,China,Government,Earth Observation,LEO,Sun-Synchronous,0.0,50,2016-12-21,Shanghai Engineering Center for Microsatellites,Jiuquan Satellite Launch Center,Long March 2D,Earth Observation
SPARTAN,Bulgaria,Commercial,Technology Development,LEO,Sun-Synchronous,0.0,10,2021-06-30,Endurosat,Cape Canaveral,Falcon 9,Technology Development
SPIRALE-A,France,Military,Technology Development,Elliptical,,0.0,117,2009-02-11,EADS Astrium,Guiana Space Center,Ariane 5 ECA,Technology Development
SPIRALE-B,France,Military,Technology Development,Elliptical,,0.0,117,2009-02-11,EADS Astrium,Guiana Space Center,Ariane 5 ECA,Technology Development
Spot 6,France/Belgium/Sweden,Commercial,Earth Observation,LEO,Sun-Synchronous,0.0,720,2012-09-09,EADS Astrium,Satish Dhawan Space Centre,PSLV,Earth Observation
Spot 7,France/Belgium/Sweden,Commercial,Earth Observation,LEO,Sun-Synchronous,0.0,714,2014-06-30,Airbus Defense and Space,Satish Dhawan Space Centre,PSLV-CA,Earth Observation
SPROUT,Japan,Civil,Technology Development,LEO,Sun-Synchronous,0.0,7,2014-05-24,Nihon University,Tanegashima Space Center,H2A,Technology Development
SRMSat,India,Civil,Technology Development,LEO,Non-Polar Inclined,0.0,11,2011-10-12,SRM University,Satish Dhawan Space Centre,PSLV,Technology Development
SRSS-1,Sudan,Government,Earth Observation,LEO,Sun-Synchronous,0.0,50,2019-11-03,Shenzhen Aerospace Oriental Red Sea Satellite Co.,Taiyuan Launch Center,Long March 4B,Earth Observation
SSOT,Chile,Government/Military,Earth Observation,LEO,Sun-Synchronous,0.0,117,2011-12-17,Astrium,Guiana Space Center,Soyuz-2/Fregat,Earth Observation
SSS-1,China,Civil,Technology Development,LEO,Sun-Synchronous,0.0,30,2021-10-14,Beihang University/APSCO,Taiyuan Launch Center,Long March 2D,Technology Development
SSS-2A,China,Commercial,Earth Observation,LEO,Sun-Synchronous,0.0,10,2021-10-14,"Beijing ZeroG Space Technology Co., Ltd.",Taiyuan Launch Center,Long March 2D,Earth Observation
SSS-2B,Multinational,Civil,Technology Development,LEO,Sun-Synchronous,0.0,4,2023-04-15,Asia-Pacific Space Cooperation Organization (APSCO),Vandenberg AFB,Falcon 9,Technology Development
SSTL-S1-4,United Kingdom,Commercial,Earth Observation,LEO,Sun-Synchronous,0.0,440,2018-09-16,Surrey Satellite Technology Ltd.,Satish Dhawan Space Centre,PSLV,Earth Observation
Sphere-1 EYE,Japan,Commercial,Space Science,LEO,Sun-Synchronous,0.0,10,2023-01-03,University of Tokyo,Cape Canaveral,Falcon 9,Space Science
STAR VIBE,USA/Poland,Commercial,Technology Demonstration,LEO,Sun-Synchronous,0.0,10,2023-01-03,Scanway/German Orbital Systems,Cape Canaveral,Falcon 9,Technology Demonstration
Starlink-1007,USA,Commercial,Communications,LEO,Non-Polar Inclined,0.0,227,2019-11-11,SpaceX,Cape Canaveral,Falcon 9,Communications
Starlink-1008,USA,Commercial,Communications,LEO,Non-Polar Inclined,0.0,227,2019-11-11,SpaceX,Cape Canaveral,Falcon 9,Communications
Starlink-1009,USA,Commercial,Communications,LEO,Non-Polar Inclined,0.0,227,2019-11-11,SpaceX,Cape Canaveral,Falcon 9,Communications
Starlink-1010,USA,Commercial,Communications,LEO,Non-Polar Inclined,0.0,227,2019-11-11,SpaceX,Cape Canaveral,Falcon 9,Communications
Starlink-1011,USA,Commercial,Communications,LEO,Non-Polar Inclined,0.0,227,2019-11-11,SpaceX,Cape Canaveral,Falcon 9,Communications
Starlink-1012,USA,Commercial,Communications,LEO,Non-Polar Inclined,0.0,227,2019-11-11,SpaceX,Cape Canaveral,Falcon 9,Communications
Starlink-1013,USA,Commercial,Communications,LEO,Non-Polar Inclined,0.0,227,2019-11-11,SpaceX,Cape Canaveral,Falcon 9,Communications
Starlink-1014,USA,Commercial,Communications,LEO,Non-Polar Inclined,0.0,227,2019-11-11,SpaceX,Cape Canaveral,Falcon 9,Communications
Starlink-1015,USA,Commercial,Communications,LEO,Non-Polar Inclined,0.0,227,2019-11-11,SpaceX,Cape Canaveral,Falcon 9,Communications
Starlink-1017,USA,Commercial,Communications,LEO,Non-Polar Inclined,0.0,227,2019-11-11,SpaceX,Cape Canaveral,Falcon 9,Communications
Starlink-1019,USA,Commercial,Communications,LEO,Non-Polar Inclined,0.0,227,2019-11-11,SpaceX,Cape Canaveral,Falcon 9,Communications
Starlink-1020,USA,Commercial,Communications,LEO,Non-Polar Inclined,0.0,227,2019-11-11,SpaceX,Cape Canaveral,Falcon 9,Communications
Starlink-1021,USA,Commercial,Communications,LEO,Non-Polar Inclined,0.0,227,2019-11-11,SpaceX,Cape Canaveral,Falcon 9,Communications
Starlink-1022,USA,Commercial,Communications,LEO,Non-Polar Inclined,0.0,227,2019-11-11,SpaceX,Cape Canaveral,Falcon 9,Communications
Starlink-1023,USA,Commercial,Communications,LEO,Non-Polar Inclined,0.0,227,2019-11-11,SpaceX,Cape Canaveral,Falcon 9,Communications
Starlink-1024,USA,Commercial,Communications,LEO,Non-Polar Inclined,0.0,227,2019-11-11,SpaceX,Cape Canaveral,Falcon 9,Communications
Starlink-1026,USA,Commercial,Communications,LEO,Non-Polar Inclined,0.0,227,2019-11-11,SpaceX,Cape Canaveral,Falcon 9,Communications
Starlink-1027,USA,Commercial,Communications,LEO,Non-Polar Inclined,0.0,227,2019-11-11,SpaceX,Cape Canaveral,Falcon 9,Communications
Starlink-1028,USA,Commercial,Communications,LEO,Non-Polar Inclined,0.0,227,2019-11-11,SpaceX,Cape Canaveral,Falcon 9,Communications
Starlink-1029,USA,Commercial,Communications,LEO,Non-Polar Inclined,0.0,227,2019-11-11,SpaceX,Cape Canaveral,Falcon 9,Communications
Starlink-1030,USA,Commercial,Communications,LEO,Non-Polar Inclined,0.0,227,2019-11-11,SpaceX,Cape Canaveral,Falcon 9,Communications
Starlink-1031,USA,Commercial,Communications,LEO,Non-Polar Inclined,0.0,227,2019-11-11,SpaceX,Cape Canaveral,Falcon 9,Communications
Starlink-1032,USA,Commercial,Communications,LEO,Non-Polar Inclined,0.0,227,2019-11-11,SpaceX,Cape Canaveral,Falcon 9,Communications
Starlink-1033,USA,Commercial,Communications,LEO,Non-Polar Inclined,0.0,227,2019-11-11,SpaceX,Cape Canaveral,Falcon 9,Communications
Starlink-1034,USA,Commercial,Communications,LEO,Non-Polar Inclined,0.0,227,2019-11-11,SpaceX,Cape Canaveral,Falcon 9,Communications
Starlink-1035,USA,Commercial,Communications,LEO,Non-Polar Inclined,0.0,227,2019-11-11,SpaceX,Cape Canaveral,Falcon 9,Communications
Starlink-1036,USA,Commercial,Communications,LEO,Non-Polar Inclined,0.0,227,2019-11-11,SpaceX,Cape Canaveral,Falcon 9,Communications
Starlink-1037,USA,Commercial,Communications,LEO,Non-Polar Inclined,0.0,227,2019-11-11,SpaceX,Cape Canaveral,Falcon 9,Communications
Starlink-1038,USA,Commercial,Communications,LEO,Non-Polar Inclined,0.0,227,2019-11-11,SpaceX,Cape Canaveral,Falcon 9,Communications
Starlink-1039,USA,Commercial,Communications,LEO,Non-Polar Inclined,0.0,227,2019-11-11,SpaceX,Cape Canaveral,Falcon 9,Communications
Starlink-1041,USA,Commercial,Communications,LEO,Non-Polar Inclined,0.0,227,2019-11-11,SpaceX,Cape Canaveral,Falcon 9,Communications
Starlink-1042,USA,Commercial,Communications,LEO,Non-Polar Inclined,0.0,227,2019-11-11,SpaceX,Cape Canaveral,Falcon 9,Communications
Starlink-1043,USA,Commercial,Communications,LEO,Non-Polar Inclined,0.0,227,2019-11-11,SpaceX,Cape Canaveral,Falcon 9,Communications
Starlink-1044,USA,Commercial,Communications,LEO,Non-Polar Inclined,0.0,227,2019-11-11,SpaceX,Cape Canaveral,Falcon 9,Communications
Starlink-1046,USA,Commercial,Communications,LEO,Non-Polar Inclined,0.0,227,2019-11-11,SpaceX,Cape Canaveral,Falcon 9,Communications
Starlink-1047,USA,Commercial,Communications,LEO,Non-Polar Inclined,0.0,227,2019-11-11,SpaceX,Cape Canaveral,Falcon 9,Communications
Starlink-1048,USA,Commercial,Communications,LEO,Non-Polar Inclined,0.0,227,2019-11-11,SpaceX,Cape Canaveral,Falcon 9,Communications
Starlink-1049,USA,Commercial,Communications,LEO,Non-Polar Inclined,0.0,227,2019-11-11,SpaceX,Cape Canaveral,Falcon 9,Communications
Starlink-1052,USA,Commercial,Communications,LEO,Non-Polar Inclined,0.0,227,2019-11-11,SpaceX,Cape Canaveral,Falcon 9,Communications
Starlink-1053,USA,Commercial,Communications,LEO,Non-Polar Inclined,0.0,227,2019-11-11,SpaceX,Cape Canaveral,Falcon 9,Communications
Starlink-1054,USA,Commercial,Communications,LEO,Non-Polar Inclined,0.0,227,2019-11-11,SpaceX,Cape Canaveral,Falcon 9,Communications
Starlink-1055,USA,Commercial,Communications,LEO,Non-Polar Inclined,0.0,227,2019-11-11,SpaceX,Cape Canaveral,Falcon 9,Communications
Starlink-1056,USA,Commercial,Communications,LEO,Non-Polar Inclined,0.0,227,2019-11-11,SpaceX,Cape Canaveral,Falcon 9,Communications
Starlink-1057,USA,Commercial,Communications,LEO,Non-Polar Inclined,0.0,227,2019-11-11,SpaceX,Cape Canaveral,Falcon 9,Communications
Starlink-1058,USA,Commercial,Communications,LEO,Non-Polar Inclined,0.0,227,2019-11-11,SpaceX,Cape Canaveral,Falcon 9,Communications
Starlink-1059,USA,Commercial,Communications,LEO,Non-Polar Inclined,0.0,227,2019-11-11,SpaceX,Cape Canaveral,Falcon 9,Communications
Starlink-1060,USA,Commercial,Communications,LEO,Non-Polar Inclined,0.0,227,2019-11-11,SpaceX,Cape Canaveral,Falcon 9,Communications
Starlink-1061,USA,Commercial,Communications,LEO,Non-Polar Inclined,0.0,227,2019-11-11,SpaceX,Cape Canaveral,Falcon 9,Communications
Starlink-1062,USA,Commercial,Communications,LEO,Non-Polar Inclined,0.0,227,2019-11-11,SpaceX,Cape Canaveral,Falcon 9,Communications
Starlink-1063,USA,Commercial,Communications,LEO,Non-Polar Inclined,0.0,227,2019-11-11,SpaceX,Cape Canaveral,Falcon 9,Communications
Starlink-1066,USA,Commercial,Communications,LEO,Non-Polar Inclined,0.0,227,2020-01-07,SpaceX,Cape Canaveral,Falcon 9,Communications
Starlink-1067,USA,Commercial,Communications,LEO,Non-Polar Inclined,0.0,227,2019-11-11,SpaceX,Cape Canaveral,Falcon 9,Communications
Starlink-1068,USA,Commercial,Communications,LEO,Non-Polar Inclined,0.0,227,2019-11-11,SpaceX,Cape Canaveral,Falcon 9,Communications
Starlink-1069,USA,Commercial,Communications,LEO,Non-Polar Inclined,0.0,227,2020-01-07,SpaceX,Cape Canaveral,Falcon 9,Communications
Starlink-1070,USA,Commercial,Communications,LEO,Non-Polar Inclined,0.0,227,2020-01-07,SpaceX,Cape Canaveral,Falcon 9,Communications
Starlink-1071,USA,Commercial,Communications,LEO,Non-Polar Inclined,0.0,227,2020-01-07,SpaceX,Cape Canaveral,Falcon 9,Communications
Starlink-1073,USA,Commercial,Communications,LEO,Non-Polar Inclined,0.0,227,2020-01-07,SpaceX,Cape Canaveral,Falcon 9,Communications
Starlink-1074,USA,Commercial,Communications,LEO,Non-Polar Inclined,0.0,227,2020-01-07,SpaceX,Cape Canaveral,Falcon 9,Communications
Starlink-1076,USA,Commercial,Communications,LEO,Non-Polar Inclined,0.0,227,2020-01-07,SpaceX,Cape Canaveral,Falcon 9,Communications
Starlink-1077,USA,Commercial,Communications,LEO,Non-Polar Inclined,0.0,227,2020-01-07,SpaceX,Cape Canaveral,Falcon 9,Communications
Starlink-1079,USA,Commercial,Communications,LEO,Non-Polar Inclined,0.0,227,2020-01-07,SpaceX,Cape Canaveral,Falcon 9,Communications
Starlink-1080,USA,Commercial,Communications,LEO,Non-Polar Inclined,0.0,227,2020-01-07,SpaceX,Cape Canaveral,Falcon 9,Communications
Starlink-1081,USA,Commercial,Communications,LEO,Non-Polar Inclined,0.0,227,2020-01-07,SpaceX,Cape Canaveral,Falcon 9,Communications
Starlink-1082,USA,Commercial,Communications,LEO,Non-Polar Inclined,0.0,227,2020-01-07,SpaceX,Cape Canaveral,Falcon 9,Communications
Starlink-1083,USA,Commercial,Communications,LEO,Non-Polar Inclined,0.0,227,2020-01-07,SpaceX,Cape Canaveral,Falcon 9,Communications
Starlink-1084,USA,Commercial,Communications,LEO,Non-Polar Inclined,0.0,227,2020-01-07,SpaceX,Cape Canaveral,Falcon 9,Communications
Starlink-1086,USA,Commercial,Communications,LEO,Non-Polar Inclined,0.0,227,2020-01-07,SpaceX,Cape Canaveral,Falcon 9,Communications
Starlink-1088,USA,Commercial,Communications,LEO,Non-Polar Inclined,0.0,227,2020-01-07,SpaceX,Cape Canaveral,Falcon 9,Communications
Starlink-1089,USA,Commercial,Communications,LEO,Non-Polar Inclined,0.0,227,2020-01-07,SpaceX,Cape Canaveral,Falcon 9,Communications
Starlink-1090,USA,Commercial,Communications,LEO,Non-Polar Inclined,0.0,227,2020-01-07,SpaceX,Cape Canaveral,Falcon 9,Communications
Starlink-1091,USA,Commercial,Communications,LEO,Non-Polar Inclined,0.0,227,2020-01-07,SpaceX,Cape Canaveral,Falcon 9,Communications
Starlink-1092,USA,Commercial,Communications,LEO,Non-Polar Inclined,0.0,227,2020-01-07,SpaceX,Cape Canaveral,Falcon 9,Communications
Starlink-1093,USA,Commercial,Communications,LEO,Non-Polar Inclined,0.0,227,2020-01-07,SpaceX,Cape Canaveral,Falcon 9,Communications
Starlink-1094,USA,Commercial,Communications,LEO,Non-Polar Inclined,0.0,227,2020-01-07,SpaceX,Cape Canaveral,Falcon 9,Communications
Starlink-1096,USA,Commercial,Communications,LEO,Non-Polar Inclined,0.0,227,2020-01-07,SpaceX,Cape Canaveral,Falcon 9,Communications
Starlink-1098,USA,Commercial,Communications,LEO,Non-Polar Inclined,0.0,227,2020-01-07,SpaceX,Cape Canaveral,Falcon 9,Communications
Starlink-1099,USA,Commercial,Communications,LEO,Non-Polar Inclined,0.0,227,2020-01-07,SpaceX,Cape Canaveral,Falcon 9,Communications
Starlink-1100,USA,Commercial,Communications,LEO,Non-Polar Inclined,0.0,227,2020-01-07,SpaceX,Cape Canaveral,Falcon 9,Communications
Starlink-1102,USA,Commercial,Communications,LEO,Non-Polar Inclined,0.0,227,2020-01-07,SpaceX,Cape Canaveral,Falcon 9,Communications
Starlink-1103,USA,Commercial,Communications,LEO,Non-Polar Inclined,0.0,227,2020-01-07,SpaceX,Cape Canaveral,Falcon 9,Communications
Starlink-1104,USA,Commercial,Communications,LEO,Non-Polar Inclined,0.0,227,2020-01-07,SpaceX,Cape Canaveral,Falcon 9,Communications
Starlink-1106,USA,Commercial,Communications,LEO,Non-Polar Inclined,0.0,227,2020-01-07,SpaceX,Cape Canaveral,Falcon 9,Communications
Starlink-1107,USA,Commercial,Communications,LEO,Non-Polar Inclined,0.0,227,2020-01-07,SpaceX,Cape Canaveral,Falcon 9,Communications
Starlink-1108,USA,Commercial,Communications,LEO,Non-Polar Inclined,0.0,227,2020-01-07,SpaceX,Cape Canaveral,Falcon 9,Communications
Starlink-1109,USA,Commercial,Communications,LEO,Non-Polar Inclined,0.0,227,2020-01-07,SpaceX,Cape Canaveral,Falcon 9,Communications
Starlink-1110,USA,Commercial,Communications,LEO,Non-Polar Inclined,0.0,227,2020-01-07,SpaceX,Cape Canaveral,Falcon 9,Communications
Starlink-1111,USA,Commercial,Communications,LEO,Non-Polar Inclined,0.0,227,2020-01-07,SpaceX,Cape Canaveral,Falcon 9,Communications
Starlink-1112,USA,Commercial,Communications,LEO,Non-Polar Inclined,0.0,227,2020-01-07,SpaceX,Cape Canaveral,Falcon 9,Communications
Starlink-1113,USA,Commercial,Communications,LEO,Non-Polar Inclined,0.0,227,2020-01-07,SpaceX,Cape Canaveral,Falcon 9,Communications
Starlink-1114,USA,Commercial,Communications,LEO,Non-Polar Inclined,0.0,227,2020-01-07,SpaceX,Cape Canaveral,Falcon 9,Communications
Starlink-1115,USA,Commercial,Communications,LEO,Non-Polar Inclined,0.0,227,2020-01-07,SpaceX,Cape Canaveral,Falcon 9,Communications
Starlink-1116,USA,Commercial,Communications,LEO,Non-Polar Inclined,0.0,227,2020-01-07,SpaceX,Cape Canaveral,Falcon 9,Communications
Starlink-1117,USA,Commercial,Communications,LEO,Non-Polar Inclined,0.0,227,2020-01-07,SpaceX,Cape Canaveral,Falcon 9,Communications
Starlink-1119,USA,Commercial,Communications,LEO,Non-Polar Inclined,0.0,227,2020-01-07,SpaceX,Cape Canaveral,Falcon 9,Communications
Starlink-1120,USA,Commercial,Communications,LEO,Non-Polar Inclined,0.0,227,2020-01-29,SpaceX,Cape Canaveral,Falcon 9,Communications
Starlink-1121,USA,Commercial,Communications,LEO,Non-Polar Inclined,0.0,227,2020-01-07,SpaceX,Cape Canaveral,Falcon 9,Communications
Starlink-1122,USA,Commercial,Communications,LEO,Non-Polar Inclined,0.0,227,2020-01-07,SpaceX,Cape Canaveral,Falcon 9,Communications
Starlink-1123,USA,Commercial,Communications,LEO,Non-Polar Inclined,0.0,227,2020-01-07,SpaceX,Cape Canaveral,Falcon 9,Communications
Starlink-1124,USA,Commercial,Communications,LEO,Non-Polar Inclined,0.0,227,2020-01-07,SpaceX,Cape Canaveral,Falcon 9,Communications
Starlink-1125,USA,Commercial,Communications,LEO,Non-Polar Inclined,0.0,227,2020-01-07,SpaceX,Cape Canaveral,Falcon 9,Communications
Starlink-1126,USA,Commercial,Communications,LEO,Non-Polar Inclined,0.0,227,2020-01-07,SpaceX,Cape Canaveral,Falcon 9,Communications
Starlink-1128,USA,Commercial,Communications,LEO,Non-Polar Inclined,0.0,227,2020-01-07,SpaceX,Cape Canaveral,Falcon 9,Communications
Starlink-1130,USA,Commercial,Communications,LEO,Non-Polar Inclined,0.0,227,2020-01-07,SpaceX,Cape Canaveral,Falcon 9,Communications
Starlink-1131,USA,Commercial,Communications,LEO,Non-Polar Inclined,0.0,227,2020-01-29,SpaceX,Cape Canaveral,Falcon 9,Communications
Starlink-1132,USA,Commercial,Communications,LEO,Non-Polar Inclined,0.0,227,2020-01-29,SpaceX,Cape Canaveral,Falcon 9,Communications
Starlink-1133,USA,Commercial,Communications,LEO,Non-Polar Inclined,0.0,227,2020-01-29,SpaceX,Cape Canaveral,Falcon 9,Communications
Starlink-1134,USA,Commercial,Communications,LEO,Non-Polar Inclined,0.0,227,2020-01-29,SpaceX,Cape Canaveral,Falcon 9,Communications
Starlink-1135,USA,Commercial,Communications,LEO,Non-Polar Inclined,0.0,227,2020-01-29,SpaceX,Cape Canaveral,Falcon 9,Communications
Starlink-1136,USA,Commercial,Communications,LEO,Non-Polar Inclined,0.0,227,2020-01-29,SpaceX,Cape Canaveral,Falcon 9,Communications
Starlink-1137,USA,Commercial,Communications,LEO,Non-Polar Inclined,0.0,227,2020-01-29,SpaceX,Cape Canaveral,Falcon 9,Communications
Starlink-1138,USA,Commercial,Communications,LEO,Non-Polar Inclined,0.0,227,2020-02-17,SpaceX,Cape Canaveral,Falcon 9,Communications
Starlink-1139,USA,Commercial,Communications,LEO,Non-Polar Inclined,0.0,227,2020-01-29,SpaceX,Cape Canaveral,Falcon 9,Communications
Starlink-1140,USA,Commercial,Communications,LEO,Non-Polar Inclined,0.0,227,2020-01-29,SpaceX,Cape Canaveral,Falcon 9,Communications
Starlink-1141,USA,Commercial,Communications,LEO,Non-Polar Inclined,0.0,227,2020-01-29,SpaceX,Cape Canaveral,Falcon 9,Communications
Starlink-1142,USA,Commercial,Communications,LEO,Non-Polar Inclined,0.0,227,2020-01-29,SpaceX,Cape Canaveral,Falcon 9,Communications
Starlink-1143,USA,Commercial,Communications,LEO,Non-Polar Inclined,0.0,227,2020-02-17,SpaceX,Cape Canaveral,Falcon 9,Communications
Starlink-1144,USA,Commercial,Communications,LEO,Non-Polar Inclined,0.0,227,2020-01-07,SpaceX,Cape Canaveral,Falcon 9,Communications
Starlink-1145,USA,Commercial,Communications,LEO,Non-Polar Inclined,0.0,227,2020-01-29,SpaceX,Cape Canaveral,Falcon 9,Communications
Starlink-1146,USA,Commercial,Communications,LEO,Non-Polar Inclined,0.0,227,2020-01-29,SpaceX,Cape Canaveral,Falcon 9,Communications
Starlink-1147,USA,Commercial,Communications,LEO,Non-Polar Inclined,0.0,227,2020-01-29,SpaceX,Cape Canaveral,Falcon 9,Communications
Starlink-1148,USA,Commercial,Communications,LEO,Non-Polar Inclined,0.0,227,2020-01-29,SpaceX,Cape Canaveral,Falcon 9,Communications
Starlink-1149,USA,Commercial,Communications,LEO,Non-Polar Inclined,0.0,227,2020-01-29,SpaceX,Cape Canaveral,Falcon 9,Communications
Starlink-1150,USA,Commercial,Communications,LEO,Non-Polar Inclined,0.0,227,2020-01-29,SpaceX,Cape Canaveral,Falcon 9,Communications
Starlink-1151,USA,Commercial,Communications,LEO,Non-Polar Inclined,0.0,227,2020-01-29,SpaceX,Cape Canaveral,Falcon 9,Communications
Starlink-1152,USA,Commercial,Communications,LEO,Non-Polar Inclined,0.0,227,2020-01-29,SpaceX,Cape Canaveral,Falcon 9,Communications
Starlink-1153,USA,Commercial,Communications,LEO,Non-Polar Inclined,0.0,227,2020-01-29,SpaceX,Cape Canaveral,Falcon 9,Communications
Starlink-1154,USA,Commercial,Communications,LEO,Non-Polar Inclined,0.0,227,2020-02-17,SpaceX,Cape Canaveral,Falcon 9,Communications
Starlink-1155,USA,Commercial,Communications,LEO,Non-Polar Inclined,0.0,227,2020-01-29,SpaceX,Cape Canaveral,Falcon 9,Communications
Starlink-1156,USA,Commercial,Communications,LEO,Non-Polar Inclined,0.0,227,2020-01-29,SpaceX,Cape Canaveral,Falcon 9,Communications
Starlink-1157,USA,Commercial,Communications,LEO,Non-Polar Inclined,0.0,227,2020-01-29,SpaceX,Cape Canaveral,Falcon 9,Communications
Starlink-1158,USA,Commercial,Communications,LEO,Non-Polar Inclined,0.0,227,2020-01-29,SpaceX,Cape Canaveral,Falcon 9,Communications
Starlink-1159,USA,Commercial,Communications,LEO,Non-Polar Inclined,0.0,227,2020-01-29,SpaceX,Cape Canaveral,Falcon 9,Communications
Starlink-1160,USA,Commercial,Communications,LEO,Non-Polar Inclined,0.0,227,2020-01-29,SpaceX,Cape Canaveral,Falcon 9,Communications
Starlink-1161,USA,Commercial,Communications,LEO,Non-Polar Inclined,0.0,227,2020-01-29,SpaceX,Cape Canaveral,Falcon 9,Communications
Starlink-1162,USA,Commercial,Communications,LEO,Non-Polar Inclined,0.0,227,2020-01-29,SpaceX,Cape Canaveral,Falcon 9,Communications
Starlink-1165,USA,Commercial,Communications,LEO,Non-Polar Inclined,0.0,227,2020-01-29,SpaceX,Cape Canaveral,Falcon 9,Communications
Starlink-1166,USA,Commercial,Communications,LEO,Non-Polar Inclined,0.0,227,2020-01-29,SpaceX,Cape Canaveral,Falcon 9,Communications
Starlink-1167,USA,Commercial,Communications,LEO,Non-Polar Inclined,0.0,227,2020-01-29,SpaceX,Cape Canaveral,Falcon 9,Communications
Starlink-1168,USA,Commercial,Communications,LEO,Non-Polar Inclined,0.0,227,2020-01-29,SpaceX,Cape Canaveral,Falcon 9,Communications
Starlink-1169,USA,Commercial,Communications,LEO,Non-Polar Inclined,0.0,227,2020-01-29,SpaceX,Cape Canaveral,Falcon 9,Communications
Starlink-1170,USA,Commercial,Communications,LEO,Non-Polar Inclined,0.0,227,2020-01-29,SpaceX,Cape Canaveral,Falcon 9,Communications
Starlink-1171,USA,Commercial,Communications,LEO,Non-Polar Inclined,0.0,227,2020-01-29,SpaceX,Cape Canaveral,Falcon 9,Communications
Starlink-1172,USA,Commercial,Communications,LEO,Non-Polar Inclined,0.0,227,2020-01-29,SpaceX,Cape Canaveral,Falcon 9,Communications
Starlink-1173,USA,Commercial,Communications,LEO,Non-Polar Inclined,0.0,227,2020-01-29,SpaceX,Cape Canaveral,Falcon 9,Communications
Starlink-1174,USA,Commercial,Communications,LEO,Non-Polar Inclined,0.0,227,2020-01-29,SpaceX,Cape Canaveral,Falcon 9,Communications
Starlink-1176,USA,Commercial,Communications,LEO,Non-Polar Inclined,0.0,227,2020-01-29,SpaceX,Cape Canaveral,Falcon 9,Communications
Starlink-1177,USA,Commercial,Communications,LEO,Non-Polar Inclined,0.0,227,2020-01-29,SpaceX,Cape Canaveral,Falcon 9,Communications
Starlink-1179,USA,Commercial,Communications,LEO,Non-Polar Inclined,0.0,227,2020-01-29,SpaceX,Cape Canaveral,Falcon 9,Communications
Starlink-1180,USA,Commercial,Communications,LEO,Non-Polar Inclined,0.0,227,2020-01-29,SpaceX,Cape Canaveral,Falcon 9,Communications
Starlink-1181,USA,Commercial,Communications,LEO,Non-Polar Inclined,0.0,227,2020-01-29,SpaceX,Cape Canaveral,Falcon 9,Communications
Starlink-1183,USA,Commercial,Communications,LEO,Non-Polar Inclined,0.0,227,2020-01-29,SpaceX,Cape Canaveral,Falcon 9,Communications
Starlink-1184,USA,Commercial,Communications,LEO,Non-Polar Inclined,0.0,227,2020-01-29,SpaceX,Cape Canaveral,Falcon 9,Communications
Starlink-1185,USA,Commercial,Communications,LEO,Non-Polar Inclined,0.0,227,2020-01-29,SpaceX,Cape Canaveral,Falcon 9,Communications
Starlink-1186,USA,Commercial,Communications,LEO,Non-Polar Inclined,0.0,227,2020-01-29,SpaceX,Cape Canaveral,Falcon 9,Communications
Starlink-1187,USA,Commercial,Communications,LEO,Non-Polar Inclined,0.0,227,2020-02-17,SpaceX,Cape Canaveral,Falcon 9,Communications
Starlink-1189,USA,Commercial,Communications,LEO,Non-Polar Inclined,0.0,227,2020-02-17,SpaceX,Cape Canaveral,Falcon 9,Communications
Starlink-1190,USA,Commercial,Communications,LEO,Non-Polar Inclined,0.0,227,2020-01-29,SpaceX,Cape Canaveral,Falcon 9,Communications
Starlink-1191,USA,Commercial,Communications,LEO,Non-Polar Inclined,0.0,227,2020-02-17,SpaceX,Cape Canaveral,Falcon 9,Communications
Starlink-1192,USA,Commercial,Communications,LEO,Non-Polar Inclined,0.0,227,2020-02-17,SpaceX,Cape Canaveral,Falcon 9,Communications
Starlink-1193,USA,Commercial,Communications,LEO,Non-Polar Inclined,0.0,227,2020-01-29,SpaceX,Cape Canaveral,Falcon 9,Communications
Starlink-1194,USA,Commercial,Communications,LEO,Non-Polar Inclined,0.0,227,2020-01-29,SpaceX,Cape Canaveral,Falcon 9,Communications
Starlink-1195,USA,Commercial,Communications,LEO,Non-Polar Inclined,0.0,227,2020-01-29,SpaceX,Cape Canaveral,Falcon 9,Communications
Starlink-1196,USA,Commercial,Communications,LEO,Non-Polar Inclined,0.0,227,2020-01-29,SpaceX,Cape Canaveral,Falcon 9,Communications
Starlink-1197,USA,Commercial,Communications,LEO,Non-Polar Inclined,0.0,227,2020-02-17,SpaceX,Cape Canaveral,Falcon 9,Communications
Starlink-1199,USA,Commercial,Communications,LEO,Non-Polar Inclined,0.0,227,2020-02-17,SpaceX,Cape Canaveral,Falcon 9,Communications
Starlink-1200,USA,Commercial,Communications,LEO,Non-Polar Inclined,0.0,227,2020-02-17,SpaceX,Cape Canaveral,Falcon 9,Communications
Starlink-1201,USA,Commercial,Communications,LEO,Non-Polar Inclined,0.0,227,2020-02-17,SpaceX,Cape Canaveral,Falcon 9,Communications
Starlink-1202,USA,Commercial,Communications,LEO,Non-Polar Inclined,0.0,227,2020-02-17,SpaceX,Cape Canaveral,Falcon 9,Communications
Starlink-1203,USA,Commercial,Communications,LEO,Non-Polar Inclined,0.0,227,2020-02-17,SpaceX,Cape Canaveral,Falcon 9,Communications
Starlink-1205,USA,Commercial,Communications,LEO,Non-Polar Inclined,0.0,227,2020-02-17,SpaceX,Cape Canaveral,Falcon 9,Communications
Starlink-1206,USA,Commercial,Communications,LEO,Non-Polar Inclined,0.0,227,2020-02-17,SpaceX,Cape Canaveral,Falcon 9,Communications
Starlink-1207,USA,Commercial,Communications,LEO,Non-Polar Inclined,0.0,227,2020-03-18,SpaceX,Cape Canaveral,Falcon 9,Communications
Starlink-1208,USA,Commercial,Communications,LEO,Non-Polar Inclined,0.0,227,2020-02-17,SpaceX,Cape Canaveral,Falcon 9,Communications
Starlink-1209,USA,Commercial,Communications,LEO,Non-Polar Inclined,0.0,227,2020-02-17,SpaceX,Cape Canaveral,Falcon 9,Communications
Starlink-1210,USA,Commercial,Communications,LEO,Non-Polar Inclined,0.0,227,2020-02-17,SpaceX,Cape Canaveral,Falcon 9,Communications
Starlink-1211,USA,Commercial,Communications,LEO,Non-Polar Inclined,0.0,227,2020-02-17,SpaceX,Cape Canaveral,Falcon 9,Communications
Starlink-1212,USA,Commercial,Communications,LEO,Non-Polar Inclined,0.0,227,2020-02-17,SpaceX,Cape Canaveral,Falcon 9,Communications
Starlink-1213,USA,Commercial,Communications,LEO,Non-Polar Inclined,0.0,227,2020-03-18,SpaceX,Cape Canaveral,Falcon 9,Communications
Starlink-1215,USA,Commercial,Communications,LEO,Non-Polar Inclined,0.0,227,2020-02-17,SpaceX,Cape Canaveral,Falcon 9,Communications
Starlink-1216,USA,Commercial,Communications,LEO,Non-Polar Inclined,0.0,227,2020-02-17,SpaceX,Cape Canaveral,Falcon 9,Communications
Starlink-1217,USA,Commercial,Communications,LEO,Non-Polar Inclined,0.0,227,2020-02-17,SpaceX,Cape Canaveral,Falcon 9,Communications
Starlink-1219,USA,Commercial,Communications,LEO,Non-Polar Inclined,0.0,227,2020-02-17,SpaceX,Cape Canaveral,Falcon 9,Communications
Starlink-1221,USA,Commercial,Communications,LEO,Non-Polar Inclined,0.0,227,2020-02-17,SpaceX,Cape Canaveral,Falcon 9,Communications
Starlink-1222,USA,Commercial,Communications,LEO,Non-Polar Inclined,0.0,227,2020-02-17,SpaceX,Cape Canaveral,Falcon 9,Communications
Starlink-1224,USA,Commercial,Communications,LEO,Non-Polar Inclined,0.0,227,2020-02-17,SpaceX,Cape Canaveral,Falcon 9,Communications
Starlink-1225,USA,Commercial,Communications,LEO,Non-Polar Inclined,0.0,227,2020-02-17,SpaceX,Cape Canaveral,Falcon 9,Communications
Starlink-1226,USA,Commercial,Communications,LEO,Non-Polar Inclined,0.0,227,2020-02-17,SpaceX,Cape Canaveral,Falcon 9,Communications
Starlink-1227,USA,Commercial,Communications,LEO,Non-Polar Inclined,0.0,227,2020-02-17,SpaceX,Cape Canaveral,Falcon 9,Communications
Starlink-1228,USA,Commercial,Communications,LEO,Non-Polar Inclined,0.0,227,2020-02-17,SpaceX,Cape Canaveral,Falcon 9,Communications
Starlink-1230,USA,Commercial,Communications,LEO,Non-Polar Inclined,0.0,227,2020-02-17,SpaceX,Cape Canaveral,Falcon 9,Communications
Starlink-1231,USA,Commercial,Communications,LEO,Non-Polar Inclined,0.0,227,2020-02-17,SpaceX,Cape Canaveral,Falcon 9,Communications
Starlink-1232,USA,Commercial,Communications,LEO,Non-Polar Inclined,0.0,227,2020-02-17,SpaceX,Cape Canaveral,Falcon 9,Communications
Starlink-1233,USA,Commercial,Communications,LEO,Non-Polar Inclined,0.0,227,2020-02-17,SpaceX,Cape Canaveral,Falcon 9,Communications
Starlink-1234,USA,Commercial,Communications,LEO,Non-Polar Inclined,0.0,227,2020-02-17,SpaceX,Cape Canaveral,Falcon 9,Communications
Starlink-1235,USA,Commercial,Communications,LEO,Non-Polar Inclined,0.0,227,2020-02-17,SpaceX,Cape Canaveral,Falcon 9,Communications
Starlink-1236,USA,Commercial,Communications,LEO,Non-Polar Inclined,0.0,227,2020-02-17,SpaceX,Cape Canaveral,Falcon 9,Communications
Starlink-1237,USA,Commercial,Communications,LEO,Non-Polar Inclined,0.0,227,2020-02-17,SpaceX,Cape Canaveral,Falcon 9,Communications
Starlink-1238,USA,Commercial,Communications,LEO,Non-Polar Inclined,0.0,227,2020-02-17,SpaceX,Cape Canaveral,Falcon 9,Communications
Starlink-1239,USA,Commercial,Communications,LEO,Non-Polar Inclined,0.0,227,2020-02-17,SpaceX,Cape Canaveral,Falcon 9,Communications
Starlink-1240,USA,Commercial,Communications,LEO,Non-Polar Inclined,0.0,227,2020-02-17,SpaceX,Cape Canaveral,Falcon 9,Communications
Starlink-1241,USA,Commercial,Communications,LEO,Non-Polar Inclined,0.0,227,2020-02-17,SpaceX,Cape Canaveral,Falcon 9,Communications
Starlink-1243,USA,Commercial,Communications,LEO,Non-Polar Inclined,0.0,227,2020-02-17,SpaceX,Cape Canaveral,Falcon 9,Communications
Starlink-1244,USA,Commercial,Communications,LEO,Non-Polar Inclined,0.0,227,2020-02-17,SpaceX,Cape Canaveral,Falcon 9,Communications
Starlink-1245,USA,Commercial,Communications,LEO,Non-Polar Inclined,0.0,227,2020-02-17,SpaceX,Cape Canaveral,Falcon 9,Communications
Starlink-1246,USA,Commercial,Communications,LEO,Non-Polar Inclined,0.0,227,2020-02-17,SpaceX,Cape Canaveral,Falcon 9,Communications
Starlink-1247,USA,Commercial,Communications,LEO,Non-Polar Inclined,0.0,227,2020-02-17,SpaceX,Cape Canaveral,Falcon 9,Communications
Starlink-1255,USA,Commercial,Communications,LEO,Non-Polar Inclined,0.0,227,2020-03-18,SpaceX,Cape Canaveral,Falcon 9,Communications
Starlink-1256,USA,Commercial,Communications,LEO,Non-Polar Inclined,0.0,227,2020-03-18,SpaceX,Cape Canaveral,Falcon 9,Communications
Starlink-1257,USA,Commercial,Communications,LEO,Non-Polar Inclined,0.0,227,2020-03-18,SpaceX,Cape Canaveral,Falcon 9,Communications
Starlink-1258,USA,Commercial,Communications,LEO,Non-Polar Inclined,0.0,227,2020-03-18,SpaceX,Cape Canaveral,Falcon 9,Communications
Starlink-1259,USA,Commercial,Communications,LEO,Non-Polar Inclined,0.0,227,2020-03-18,SpaceX,Cape Canaveral,Falcon 9,Communications
Starlink-1260,USA,Commercial,Communications,LEO,Non-Polar Inclined,0.0,227,2020-03-18,SpaceX,Cape Canaveral,Falcon 9,Communications
Starlink-1261,USA,Commercial,Communications,LEO,Non-Polar Inclined,0.0,227,2020-04-22,SpaceX,Cape Canaveral,Falcon 9,Communications
Starlink-1262,USA,Commercial,Communications,LEO,Non-Polar Inclined,0.0,227,2020-03-18,SpaceX,Cape Canaveral,Falcon 9,Communications
Starlink-1263,USA,Commercial,Communications,LEO,Non-Polar Inclined,0.0,227,2020-03-18,SpaceX,Cape Canaveral,Falcon 9,Communications
Starlink-1264,USA,Commercial,Communications,LEO,Non-Polar Inclined,0.0,227,2020-03-18,SpaceX,Cape Canaveral,Falcon 9,Communications
Starlink-1265,USA,Commercial,Communications,LEO,Non-Polar Inclined,0.0,227,2020-03-18,SpaceX,Cape Canaveral,Falcon 9,Communications
Starlink-1266,USA,Commercial,Communications,LEO,Non-Polar Inclined,0.0,227,2020-03-18,SpaceX,Cape Canaveral,Falcon 9,Communications
Starlink-1267,USA,Commercial,Communications,LEO,Non-Polar Inclined,0.0,227,2020-03-18,SpaceX,Cape Canaveral,Falcon 9,Communications
Starlink-1269,USA,Commercial,Communications,LEO,Non-Polar Inclined,0.0,227,2020-02-17,SpaceX,Cape Canaveral,Falcon 9,Communications
Starlink-1270,USA,Commercial,Communications,LEO,Non-Polar Inclined,0.0,227,2020-02-17,SpaceX,Cape Canaveral,Falcon 9,Communications
Starlink-1271,USA,Commercial,Communications,LEO,Non-Polar Inclined,0.0,227,2020-02-17,SpaceX,Cape Canaveral,Falcon 9,Communications
Starlink-1272,USA,Commercial,Communications,LEO,Non-Polar Inclined,0.0,227,2020-03-18,SpaceX,Cape Canaveral,Falcon 9,Communications
Starlink-1273,USA,Commercial,Communications,LEO,Non-Polar Inclined,0.0,227,2020-03-18,SpaceX,Cape Canaveral,Falcon 9,Communications
Starlink-1274,USA,Commercial,Communications,LEO,Non-Polar Inclined,0.0,227,2020-03-18,SpaceX,Cape Canaveral,Falcon 9,Communications
Starlink-1275,USA,Commercial,Communications,LEO,Non-Polar Inclined,0.0,227,2020-03-18,SpaceX,Cape Canaveral,Falcon 9,Communications
Starlink-1276,USA,Commercial,Communications,LEO,Non-Polar Inclined,0.0,227,2020-03-18,SpaceX,Cape Canaveral,Falcon 9,Communications
Starlink-1277,USA,Commercial,Communications,LEO,Non-Polar Inclined,0.0,227,2020-03-18,SpaceX,Cape Canaveral,Falcon 9,Communications
Starlink-1278,USA,Commercial,Communications,LEO,Non-Polar Inclined,0.0,227,2020-03-18,SpaceX,Cape Canaveral,Falcon 9,Communications
Starlink-1279,USA,Commercial,Communications,LEO,Non-Polar Inclined,0.0,227,2020-03-18,SpaceX,Cape Canaveral,Falcon 9,Communications
Starlink-1280,USA,Commercial,Communications,LEO,Non-Polar Inclined,0.0,227,2020-03-18,SpaceX,Cape Canaveral,Falcon 9,Communications
Starlink-1281,USA,Commercial,Communications,LEO,Non-Polar Inclined,0.0,227,2020-03-18,SpaceX,Cape Canaveral,Falcon 9,Communications
Starlink-1282,USA,Commercial,Communications,LEO,Non-Polar Inclined,0.0,227,2020-03-18,SpaceX,Cape Canaveral,Falcon 9,Communications
Starlink-1283,USA,Commercial,Communications,LEO,Non-Polar Inclined,0.0,227,2020-03-18,SpaceX,Cape Canaveral,Falcon 9,Communications
Starlink-1284,USA,Commercial,Communications,LEO,Non-Polar Inclined,0.0,227,2020-03-18,SpaceX,Cape Canaveral,Falcon 9,Communications
Starlink-1286,USA,Commercial,Communications,LEO,Non-Polar Inclined,0.0,227,2020-03-18,SpaceX,Cape Canaveral,Falcon 9,Communications
Starlink-1287,USA,Commercial,Communications,LEO,Non-Polar Inclined,0.0,227,2020-03-18,SpaceX,Cape Canaveral,Falcon 9,Communications
Starlink-1288,USA,Commercial,Communications,LEO,Non-Polar Inclined,0.0,227,2020-03-18,SpaceX,Cape Canaveral,Falcon 9,Communications
Starlink-1289,USA,Commercial,Communications,LEO,Non-Polar Inclined,0.0,227,2020-03-18,SpaceX,Cape Canaveral,Falcon 9,Communications
Starlink-1290,USA,Commercial,Communications,LEO,Non-Polar Inclined,0.0,227,2020-03-18,SpaceX,Cape Canaveral,Falcon 9,Communications
Starlink-1291,USA,Commercial,Communications,LEO,Non-Polar Inclined,0.0,227,2020-03-18,SpaceX,Cape Canaveral,Falcon 9,Communications
Starlink-1292,USA,Commercial,Communications,LEO,Non-Polar Inclined,0.0,227,2020-03-18,SpaceX,Cape Canaveral,Falcon 9,Communications
Starlink-1293,USA,Commercial,Communications,LEO,Non-Polar Inclined,0.0,227,2020-03-18,SpaceX,Cape Canaveral,Falcon 9,Communications
Starlink-1294,USA,Commercial,Communications,LEO,Non-Polar Inclined,0.0,227,2020-04-22,SpaceX,Cape Canaveral,Falcon 9,Communications
Starlink-1295,USA,Commercial,Communications,LEO,Non-Polar Inclined,0.0,227,2020-03-18,SpaceX,Cape Canaveral,Falcon 9,Communications
Starlink-1296,USA,Commercial,Communications,LEO,Non-Polar Inclined,0.0,227,2020-03-18,SpaceX,Cape Canaveral,Falcon 9,Communications
Starlink-1297,USA,Commercial,Communications,LEO,Non-Polar Inclined,0.0,227,2020-03-18,SpaceX,Cape Canaveral,Falcon 9,Communications
Starlink-1298,USA,Commercial,Communications,LEO,Non-Polar Inclined,0.0,227,2020-03-18,SpaceX,Cape Canaveral,Falcon 9,Communications
Starlink-1299,USA,Commercial,Communications,LEO,Non-Polar Inclined,0.0,227,2020-03-18,SpaceX,Cape Canaveral,Falcon 9,Communications
Starlink-1300,USA,Commercial,Communications,LEO,Non-Polar Inclined,0.0,227,2020-03-18,SpaceX,Cape Canaveral,Falcon 9,Communications
Starlink-1301,USA,Commercial,Communications,LEO,Non-Polar Inclined,0.0,227,2020-03-18,SpaceX,Cape Canaveral,Falcon 9,Communications
Starlink-1302,USA,Commercial,Communications,LEO,Non-Polar Inclined,0.0,227,2020-03-18,SpaceX,Cape Canaveral,Falcon 9,Communications
Starlink-1303,USA,Commercial,Communications,LEO,Non-Polar Inclined,0.0,227,2020-03-18,SpaceX,Cape Canaveral,Falcon 9,Communications
Starlink-1304,USA,Commercial,Communications,LEO,Non-Polar Inclined,0.0,227,2020-03-18,SpaceX,Cape Canaveral,Falcon 9,Communications
Starlink-1305,USA,Commercial,Communications,LEO,Non-Polar Inclined,0.0,227,2020-03-18,SpaceX,Cape Canaveral,Falcon 9,Communications
Starlink-1306,USA,Commercial,Communications,LEO,Non-Polar Inclined,0.0,227,2020-03-18,SpaceX,Cape Canaveral,Falcon 9,Communications
Starlink-1307,USA,Commercial,Communications,LEO,Non-Polar Inclined,0.0,227,2020-03-18,SpaceX,Cape Canaveral,Falcon 9,Communications
Starlink-1308,USA,Commercial,Communications,LEO,Non-Polar Inclined,0.0,227,2020-03-18,SpaceX,Cape Canaveral,Falcon 9,Communications
Starlink-1309,USA,Commercial,Communications,LEO,Non-Polar Inclined,0.0,227,2020-03-18,SpaceX,Cape Canaveral,Falcon 9,Communications
Starlink-1310,USA,Commercial,Communications,LEO,Non-Polar Inclined,0.0,227,2020-03-18,SpaceX,Cape Canaveral,Falcon 9,Communications
Starlink-1312,USA,Commercial,Communications,LEO,Non-Polar Inclined,0.0,227,2020-03-18,SpaceX,Cape Canaveral,Falcon 9,Communications
Starlink-1313,USA,Commercial,Communications,LEO,Non-Polar Inclined,0.0,227,2020-03-18,SpaceX,Cape Canaveral,Falcon 9,Communications
Starlink-1316,USA,Commercial,Communications,LEO,Non-Polar Inclined,0.0,227,2020-03-18,SpaceX,Cape Canaveral,Falcon 9,Communications
Starlink-1317,USA,Commercial,Communications,LEO,Non-Polar Inclined,0.0,227,2020-03-18,SpaceX,Cape Canaveral,Falcon 9,Communications
Starlink-1318,USA,Commercial,Communications,LEO,Non-Polar Inclined,0.0,227,2020-03-18,SpaceX,Cape Canaveral,Falcon 9,Communications
Starlink-1319,USA,Commercial,Communications,LEO,Non-Polar Inclined,0.0,227,2020-03-18,SpaceX,Cape Canaveral,Falcon 9,Communications
Starlink-1320,USA,Commercial,Communications,LEO,Non-Polar Inclined,0.0,227,2020-04-22,SpaceX,Cape Canaveral,Falcon 9,Communications
Starlink-1321,USA,Commercial,Communications,LEO,Non-Polar Inclined,0.0,227,2020-04-22,SpaceX,Cape Canaveral,Falcon 9,Communications
Starlink-1323,USA,Commercial,Communications,LEO,Non-Polar Inclined,0.0,227,2020-04-22,SpaceX,Cape Canaveral,Falcon 9,Communications
Starlink-1324,USA,Commercial,Communications,LEO,Non-Polar Inclined,0.0,227,2020-04-22,SpaceX,Cape Canaveral,Falcon 9,Communications
Starlink-1325,USA,Commercial,Communications,LEO,Non-Polar Inclined,0.0,227,2020-04-22,SpaceX,Cape Canaveral,Falcon 9,Communications
Starlink-1326,USA,Commercial,Communications,LEO,Non-Polar Inclined,0.0,227,2020-04-22,SpaceX,Cape Canaveral,Falcon 9,Communications
Starlink-1327,USA,Commercial,Communications,LEO,Non-Polar Inclined,0.0,227,2020-04-22,SpaceX,Cape Canaveral,Falcon 9,Communications
Starlink-1328,USA,Commercial,Communications,LEO,Non-Polar Inclined,0.0,227,2020-04-22,SpaceX,Cape Canaveral,Falcon 9,Communications
Starlink-1329,USA,Commercial,Communications,LEO,Non-Polar Inclined,0.0,227,2020-04-22,SpaceX,Cape Canaveral,Falcon 9,Communications
Starlink-1330,USA,Commercial,Communications,LEO,Non-Polar Inclined,0.0,227,2020-04-22,SpaceX,Cape Canaveral,Falcon 9,Communications
Starlink-1331,USA,Commercial,Communications,LEO,Non-Polar Inclined,0.0,227,2020-04-22,SpaceX,Cape Canaveral,Falcon 9,Communications
Starlink-1332,USA,Commercial,Communications,LEO,Non-Polar Inclined,0.0,227,2020-04-22,SpaceX,Cape Canaveral,Falcon 9,Communications
Starlink-1333,USA,Commercial,Communications,LEO,Non-Polar Inclined,0.0,227,2020-04-22,SpaceX,Cape Canaveral,Falcon 9,Communications
Starlink-1334,USA,Commercial,Communications,LEO,Non-Polar Inclined,0.0,227,2020-04-22,SpaceX,Cape Canaveral,Falcon 9,Communications
Starlink-1335,USA,Commercial,Communications,LEO,Non-Polar Inclined,0.0,227,2020-04-22,SpaceX,Cape Canaveral,Falcon 9,Communications
Starlink-1336,USA,Commercial,Communications,LEO,Non-Polar Inclined,0.0,227,2020-04-22,SpaceX,Cape Canaveral,Falcon 9,Communications
Starlink-1337,USA,Commercial,Communications,LEO,Non-Polar Inclined,0.0,227,2020-04-22,SpaceX,Cape Canaveral,Falcon 9,Communications
Starlink-1338,USA,Commercial,Communications,LEO,Non-Polar Inclined,0.0,227,2020-04-22,SpaceX,Cape Canaveral,Falcon 9,Communications
Starlink-1340,USA,Commercial,Communications,LEO,Non-Polar Inclined,0.0,227,2020-04-22,SpaceX,Cape Canaveral,Falcon 9,Communications
Starlink-1341,USA,Commercial,Communications,LEO,Non-Polar Inclined,0.0,227,2020-04-22,SpaceX,Cape Canaveral,Falcon 9,Communications
Starlink-1342,USA,Commercial,Communications,LEO,Non-Polar Inclined,0.0,227,2020-04-22,SpaceX,Cape Canaveral,Falcon 9,Communications
Starlink-1343,USA,Commercial,Communications,LEO,Non-Polar Inclined,0.0,227,2020-04-22,SpaceX,Cape Canaveral,Falcon 9,Communications
Starlink-1344,USA,Commercial,Communications,LEO,Non-Polar Inclined,0.0,227,2020-04-22,SpaceX,Cape Canaveral,Falcon 9,Communications
Starlink-1346,USA,Commercial,Communications,LEO,Non-Polar Inclined,0.0,227,2020-04-22,SpaceX,Cape Canaveral,Falcon 9,Communications
Starlink-1347,USA,Commercial,Communications,LEO,Non-Polar Inclined,0.0,227,2020-04-22,SpaceX,Cape Canaveral,Falcon 9,Communications
Starlink-1348,USA,Commercial,Communications,LEO,Non-Polar Inclined,0.0,227,2020-04-22,SpaceX,Cape Canaveral,Falcon 9,Communications
Starlink-1349,USA,Commercial,Communications,LEO,Non-Polar Inclined,0.0,227,2020-04-22,SpaceX,Cape Canaveral,Falcon 9,Communications
Starlink-1350,USA,Commercial,Communications,LEO,Non-Polar Inclined,0.0,227,2020-04-22,SpaceX,Cape Canaveral,Falcon 9,Communications
Starlink-1351 ,USA,Commercial,Communications,LEO,Non-Polar Inclined,0.0,227,2020-06-03,SpaceX,Cape Canaveral,Falcon 9,Communications
Starlink-1352,USA,Commercial,Communications,LEO,Non-Polar Inclined,0.0,227,2020-04-22,SpaceX,Cape Canaveral,Falcon 9,Communications
Starlink-1354,USA,Commercial,Communications,LEO,Non-Polar Inclined,0.0,227,2020-04-22,SpaceX,Cape Canaveral,Falcon 9,Communications
Starlink-1355,USA,Commercial,Communications,LEO,Non-Polar Inclined,0.0,227,2020-04-22,SpaceX,Cape Canaveral,Falcon 9,Communications
Starlink-1356,USA,Commercial,Communications,LEO,Non-Polar Inclined,0.0,227,2020-04-22,SpaceX,Cape Canaveral,Falcon 9,Communications
Starlink-1357,USA,Commercial,Communications,LEO,Non-Polar Inclined,0.0,227,2020-04-22,SpaceX,Cape Canaveral,Falcon 9,Communications
Starlink-1358,USA,Commercial,Communications,LEO,Non-Polar Inclined,0.0,227,2020-04-22,SpaceX,Cape Canaveral,Falcon 9,Communications
Starlink-1360,USA,Commercial,Communications,LEO,Non-Polar Inclined,0.0,227,2020-04-22,SpaceX,Cape Canaveral,Falcon 9,Communications
Starlink-1361,USA,Commercial,Communications,LEO,Non-Polar Inclined,0.0,227,2020-04-22,SpaceX,Cape Canaveral,Falcon 9,Communications
Starlink-1362,USA,Commercial,Communications,LEO,Non-Polar Inclined,0.0,227,2020-04-22,SpaceX,Cape Canaveral,Falcon 9,Communications
Starlink-1363,USA,Commercial,Communications,LEO,Non-Polar Inclined,0.0,227,2020-04-22,SpaceX,Cape Canaveral,Falcon 9,Communications
Starlink-1364,USA,Commercial,Communications,LEO,Non-Polar Inclined,0.0,227,2020-04-22,SpaceX,Cape Canaveral,Falcon 9,Communications
Starlink-1365,USA,Commercial,Communications,LEO,Non-Polar Inclined,0.0,227,2020-04-22,SpaceX,Cape Canaveral,Falcon 9,Communications
Starlink-1366,USA,Commercial,Communications,LEO,Non-Polar Inclined,0.0,227,2020-04-22,SpaceX,Cape Canaveral,Falcon 9,Communications
Starlink-1368,USA,Commercial,Communications,LEO,Non-Polar Inclined,0.0,227,2020-04-22,SpaceX,Cape Canaveral,Falcon 9,Communications
Starlink-1369,USA,Commercial,Communications,LEO,Non-Polar Inclined,0.0,227,2020-04-22,SpaceX,Cape Canaveral,Falcon 9,Communications
Starlink-1370,USA,Commercial,Communications,LEO,Non-Polar Inclined,0.0,227,2020-06-03,SpaceX,Cape Canaveral,Falcon 9,Communications
Starlink-1371,USA,Commercial,Communications,LEO,Non-Polar Inclined,0.0,227,2020-04-22,SpaceX,Cape Canaveral,Falcon 9,Communications
Starlink-1372,USA,Commercial,Communications,LEO,Non-Polar Inclined,0.0,227,2020-04-22,SpaceX,Cape Canaveral,Falcon 9,Communications
Starlink-1373,USA,Commercial,Communications,LEO,Non-Polar Inclined,0.0,227,2020-04-22,SpaceX,Cape Canaveral,Falcon 9,Communications
Starlink-1374,USA,Commercial,Communications,LEO,Non-Polar Inclined,0.0,227,2020-04-22,SpaceX,Cape Canaveral,Falcon 9,Communications
Starlink-1375,USA,Commercial,Communications,LEO,Non-Polar Inclined,0.0,227,2020-04-22,SpaceX,Cape Canaveral,Falcon 9,Communications
Starlink-1376,USA,Commercial,Communications,LEO,Non-Polar Inclined,0.0,227,2020-04-22,SpaceX,Cape Canaveral,Falcon 9,Communications
Starlink-1377,USA,Commercial,Communications,LEO,Non-Polar Inclined,0.0,227,2020-04-22,SpaceX,Cape Canaveral,Falcon 9,Communications
Starlink-1378,USA,Commercial,Communications,LEO,Non-Polar Inclined,0.0,227,2020-04-22,SpaceX,Cape Canaveral,Falcon 9,Communications
Starlink-1390,USA,Commercial,Communications,LEO,Non-Polar Inclined,0.0,227,2020-04-22,SpaceX,Cape Canaveral,Falcon 9,Communications
Starlink-1391 ,USA,Commercial,Communications,LEO,Non-Polar Inclined,0.0,227,2020-06-13,SpaceX,Cape Canaveral,Falcon 9,Communications
Starlink-1392,USA,Commercial,Communications,LEO,Non-Polar Inclined,0.0,227,2020-06-03,SpaceX,Cape Canaveral,Falcon 9,Communications
Starlink-1393,USA,Commercial,Communications,LEO,Non-Polar Inclined,0.0,227,2020-06-03,SpaceX,Cape Canaveral,Falcon 9,Communications
Starlink-1394 ,USA,Commercial,Communications,LEO,Non-Polar Inclined,0.0,227,2020-06-03,SpaceX,Cape Canaveral,Falcon 9,Communications
Starlink-1395,USA,Commercial,Communications,LEO,Non-Polar Inclined,0.0,227,2020-06-03,SpaceX,Cape Canaveral,Falcon 9,Communications
Starlink-1396,USA,Commercial,Communications,LEO,Non-Polar Inclined,0.0,227,2020-06-03,SpaceX,Cape Canaveral,Falcon 9,Communications
Starlink-1397,USA,Commercial,Communications,LEO,Non-Polar Inclined,0.0,227,2020-06-03,SpaceX,Cape Canaveral,Falcon 9,Communications
Starlink-1398,USA,Commercial,Communications,LEO,Non-Polar Inclined,0.0,227,2020-06-03,SpaceX,Cape Canaveral,Falcon 9,Communications
Starlink-1399 ,USA,Commercial,Communications,LEO,Non-Polar Inclined,0.0,227,2020-06-03,SpaceX,Cape Canaveral,Falcon 9,Communications
Starlink-1400,USA,Commercial,Communications,LEO,Non-Polar Inclined,0.0,227,2020-06-03,SpaceX,Cape Canaveral,Falcon 9,Communications
Starlink-1401,USA,Commercial,Communications,LEO,Non-Polar Inclined,0.0,227,2020-06-03,SpaceX,Cape Canaveral,Falcon 9,Communications
Starlink-1402,USA,Commercial,Communications,LEO,Non-Polar Inclined,0.0,227,2020-06-03,SpaceX,Cape Canaveral,Falcon 9,Communications
Starlink-1403,USA,Commercial,Communications,LEO,Non-Polar Inclined,0.0,227,2020-06-03,SpaceX,Cape Canaveral,Falcon 9,Communications
Starlink-1404,USA,Commercial,Communications,LEO,Non-Polar Inclined,0.0,227,2020-06-03,SpaceX,Cape Canaveral,Falcon 9,Communications
Starlink-1405,USA,Commercial,Communications,LEO,Non-Polar Inclined,0.0,227,2020-06-03,SpaceX,Cape Canaveral,Falcon 9,Communications
Starlink-1407,USA,Commercial,Communications,LEO,Non-Polar Inclined,0.0,227,2020-06-03,SpaceX,Cape Canaveral,Falcon 9,Communications
Starlink-1408,USA,Commercial,Communications,LEO,Non-Polar Inclined,0.0,227,2020-06-03,SpaceX,Cape Canaveral,Falcon 9,Communications
Starlink-1409,USA,Commercial,Communications,LEO,Non-Polar Inclined,0.0,227,2020-06-03,SpaceX,Cape Canaveral,Falcon 9,Communications
Starlink-1410,USA,Commercial,Communications,LEO,Non-Polar Inclined,0.0,227,2020-06-03,SpaceX,Cape Canaveral,Falcon 9,Communications
Starlink-1411,USA,Commercial,Communications,LEO,Non-Polar Inclined,0.0,227,2020-06-03,SpaceX,Cape Canaveral,Falcon 9,Communications
Starlink-1412,USA,Commercial,Communications,LEO,Non-Polar Inclined,0.0,227,2020-06-03,SpaceX,Cape Canaveral,Falcon 9,Communications
Starlink-1413,USA,Commercial,Communications,LEO,Non-Polar Inclined,0.0,227,2020-06-03,SpaceX,Cape Canaveral,Falcon 9,Communications
Starlink-1414 ,USA,Commercial,Communications,LEO,Non-Polar Inclined,0.0,227,2020-06-03,SpaceX,Cape Canaveral,Falcon 9,Communications
Starlink-1415,USA,Commercial,Communications,LEO,Non-Polar Inclined,0.0,227,2020-06-03,SpaceX,Cape Canaveral,Falcon 9,Communications
Starlink-1416,USA,Commercial,Communications,LEO,Non-Polar Inclined,0.0,227,2020-06-03,SpaceX,Cape Canaveral,Falcon 9,Communications
Starlink-1417,USA,Commercial,Communications,LEO,Non-Polar Inclined,0.0,227,2020-06-03,SpaceX,Cape Canaveral,Falcon 9,Communications
Starlink-1418,USA,Commercial,Communications,LEO,Non-Polar Inclined,0.0,227,2020-06-03,SpaceX,Cape Canaveral,Falcon 9,Communications
Starlink-1419,USA,Commercial,Communications,LEO,Non-Polar Inclined,0.0,227,2020-06-03,SpaceX,Cape Canaveral,Falcon 9,Communications
Starlink-1420,USA,Commercial,Communications,LEO,Non-Polar Inclined,0.0,227,2020-06-03,SpaceX,Cape Canaveral,Falcon 9,Communications
Starlink-1421 ,USA,Commercial,Communications,LEO,Non-Polar Inclined,0.0,227,2020-06-03,SpaceX,Cape Canaveral,Falcon 9,Communications
Starlink-1422 ,USA,Commercial,Communications,LEO,Non-Polar Inclined,0.0,227,2020-06-03,SpaceX,Cape Canaveral,Falcon 9,Communications
Starlink-1423 ,USA,Commercial,Communications,LEO,Non-Polar Inclined,0.0,227,2020-06-03,SpaceX,Cape Canaveral,Falcon 9,Communications
Starlink-1433 ,USA,Commercial,Communications,LEO,Non-Polar Inclined,0.0,227,2020-06-03,SpaceX,Cape Canaveral,Falcon 9,Communications
Starlink-1434 ,USA,Commercial,Communications,LEO,Non-Polar Inclined,0.0,227,2020-06-03,SpaceX,Cape Canaveral,Falcon 9,Communications
Starlink-1436 (VisorSat),USA,Commercial,Communications,LEO,Non-Polar Inclined,0.0,227,2020-06-03,SpaceX,Cape Canaveral,Falcon 9,Communications
Starlink-1437,USA,Commercial,Communications,LEO,Non-Polar Inclined,0.0,227,2020-06-03,SpaceX,Cape Canaveral,Falcon 9,Communications
Starlink-1438,USA,Commercial,Communications,LEO,Non-Polar Inclined,0.0,227,2020-06-03,SpaceX,Cape Canaveral,Falcon 9,Communications
Starlink-1441,USA,Commercial,Communications,LEO,Non-Polar Inclined,0.0,227,2020-06-03,SpaceX,Cape Canaveral,Falcon 9,Communications
Starlink-1442 ,USA,Commercial,Communications,LEO,Non-Polar Inclined,0.0,227,2020-06-03,SpaceX,Cape Canaveral,Falcon 9,Communications
Starlink-1443,USA,Commercial,Communications,LEO,Non-Polar Inclined,0.0,227,2020-06-03,SpaceX,Cape Canaveral,Falcon 9,Communications
Starlink-1444 ,USA,Commercial,Communications,LEO,Non-Polar Inclined,0.0,227,2020-06-03,SpaceX,Cape Canaveral,Falcon 9,Communications
Starlink-1445,USA,Commercial,Communications,LEO,Non-Polar Inclined,0.0,227,2020-06-03,SpaceX,Cape Canaveral,Falcon 9,Communications
Starlink-1446,USA,Commercial,Communications,LEO,Non-Polar Inclined,0.0,227,2020-06-03,SpaceX,Cape Canaveral,Falcon 9,Communications
Starlink-1448,USA,Commercial,Communications,LEO,Non-Polar Inclined,0.0,227,2020-06-03,SpaceX,Cape Canaveral,Falcon 9,Communications
Starlink-1449,USA,Commercial,Communications,LEO,Non-Polar Inclined,0.0,227,2020-06-03,SpaceX,Cape Canaveral,Falcon 9,Communications
Starlink-1450,USA,Commercial,Communications,LEO,Non-Polar Inclined,0.0,227,2020-06-03,SpaceX,Cape Canaveral,Falcon 9,Communications
Starlink-1451 ,USA,Commercial,Communications,LEO,Non-Polar Inclined,0.0,227,2020-06-03,SpaceX,Cape Canaveral,Falcon 9,Communications
Starlink-1452 ,USA,Commercial,Communications,LEO,Non-Polar Inclined,0.0,227,2020-06-03,SpaceX,Cape Canaveral,Falcon 9,Communications
Starlink-1453 ,USA,Commercial,Communications,LEO,Non-Polar Inclined,0.0,227,2020-06-03,SpaceX,Cape Canaveral,Falcon 9,Communications
Starlink-1454 ,USA,Commercial,Communications,LEO,Non-Polar Inclined,0.0,227,2020-06-03,SpaceX,Cape Canaveral,Falcon 9,Communications
Starlink-1455,USA,Commercial,Communications,LEO,Non-Polar Inclined,0.0,227,2020-06-03,SpaceX,Cape Canaveral,Falcon 9,Communications
Starlink-1456 ,USA,Commercial,Communications,LEO,Non-Polar Inclined,0.0,227,2020-06-03,SpaceX,Cape Canaveral,Falcon 9,Communications
Starlink-1457,USA,Commercial,Communications,LEO,Non-Polar Inclined,0.0,227,2020-06-03,SpaceX,Cape Canaveral,Falcon 9,Communications
Starlink-1458 ,USA,Commercial,Communications,LEO,Non-Polar Inclined,0.0,227,2020-06-03,SpaceX,Cape Canaveral,Falcon 9,Communications
Starlink-1459 ,USA,Commercial,Communications,LEO,Non-Polar Inclined,0.0,227,2020-06-13,SpaceX,Cape Canaveral,Falcon 9,Communications
Starlink-1460 ,USA,Commercial,Communications,LEO,Non-Polar Inclined,0.0,227,2020-06-03,SpaceX,Cape Canaveral,Falcon 9,Communications
Starlink-1461,USA,Commercial,Communications,LEO,Non-Polar Inclined,0.0,227,2020-06-13,SpaceX,Cape Canaveral,Falcon 9,Communications
Starlink-1462 ,USA,Commercial,Communications,LEO,Non-Polar Inclined,0.0,227,2020-06-13,SpaceX,Cape Canaveral,Falcon 9,Communications
Starlink-1463 ,USA,Commercial,Communications,LEO,Non-Polar Inclined,0.0,227,2020-06-13,SpaceX,Cape Canaveral,Falcon 9,Communications
Starlink-1464 ,USA,Commercial,Communications,LEO,Non-Polar Inclined,0.0,227,2020-06-13,SpaceX,Cape Canaveral,Falcon 9,Communications
Starlink-1465 ,USA,Commercial,Communications,LEO,Non-Polar Inclined,0.0,227,2020-06-13,SpaceX,Cape Canaveral,Falcon 9,Communications
Starlink-1466 ,USA,Commercial,Communications,LEO,Non-Polar Inclined,0.0,227,2020-06-13,SpaceX,Cape Canaveral,Falcon 9,Communications
Starlink-1467,USA,Commercial,Communications,LEO,Non-Polar Inclined,0.0,227,2020-06-13,SpaceX,Cape Canaveral,Falcon 9,Communications
Starlink-1468,USA,Commercial,Communications,LEO,Non-Polar Inclined,0.0,227,2020-06-13,SpaceX,Cape Canaveral,Falcon 9,Communications
Starlink-1470,USA,Commercial,Communications,LEO,Non-Polar Inclined,0.0,227,2020-06-13,SpaceX,Cape Canaveral,Falcon 9,Communications
Starlink-1471,USA,Commercial,Communications,LEO,Non-Polar Inclined,0.0,227,2020-06-13,SpaceX,Cape Canaveral,Falcon 9,Communications
Starlink-1472 ,USA,Commercial,Communications,LEO,Non-Polar Inclined,0.0,227,2020-06-13,SpaceX,Cape Canaveral,Falcon 9,Communications
Starlink-1474 ,USA,Commercial,Communications,LEO,Non-Polar Inclined,0.0,227,2020-06-13,SpaceX,Cape Canaveral,Falcon 9,Communications
Starlink-1475,USA,Commercial,Communications,LEO,Non-Polar Inclined,0.0,227,2020-06-13,SpaceX,Cape Canaveral,Falcon 9,Communications
Starlink-1476,USA,Commercial,Communications,LEO,Non-Polar Inclined,0.0,227,2020-06-13,SpaceX,Cape Canaveral,Falcon 9,Communications
Starlink-1477,USA,Commercial,Communications,LEO,Non-Polar Inclined,0.0,227,2020-06-13,SpaceX,Cape Canaveral,Falcon 9,Communications
Starlink-1478 ,USA,Commercial,Communications,LEO,Non-Polar Inclined,0.0,227,2020-06-13,SpaceX,Cape Canaveral,Falcon 9,Communications
Starlink-1479 ,USA,Commercial,Communications,LEO,Non-Polar Inclined,0.0,227,2020-06-13,SpaceX,Cape Canaveral,Falcon 9,Communications
Starlink-1480,USA,Commercial,Communications,LEO,Non-Polar Inclined,0.0,227,2020-06-13,SpaceX,Cape Canaveral,Falcon 9,Communications
Starlink-1481,USA,Commercial,Communications,LEO,Non-Polar Inclined,0.0,227,2020-06-13,SpaceX,Cape Canaveral,Falcon 9,Communications
Starlink-1482 ,USA,Commercial,Communications,LEO,Non-Polar Inclined,0.0,227,2020-06-13,SpaceX,Cape Canaveral,Falcon 9,Communications
Starlink-1483 ,USA,Commercial,Communications,LEO,Non-Polar Inclined,0.0,227,2020-06-13,SpaceX,Cape Canaveral,Falcon 9,Communications
Starlink-1484,USA,Commercial,Communications,LEO,Non-Polar Inclined,0.0,227,2020-06-13,SpaceX,Cape Canaveral,Falcon 9,Communications
Starlink-1485 ,USA,Commercial,Communications,LEO,Non-Polar Inclined,0.0,227,2020-06-13,SpaceX,Cape Canaveral,Falcon 9,Communications
Starlink-1486,USA,Commercial,Communications,LEO,Non-Polar Inclined,0.0,227,2020-06-13,SpaceX,Cape Canaveral,Falcon 9,Communications
Starlink-1487 ,USA,Commercial,Communications,LEO,Non-Polar Inclined,0.0,227,2020-06-13,SpaceX,Cape Canaveral,Falcon 9,Communications
Starlink-1488 ,USA,Commercial,Communications,LEO,Non-Polar Inclined,0.0,227,2020-06-13,SpaceX,Cape Canaveral,Falcon 9,Communications
Starlink-1489 ,USA,Commercial,Communications,LEO,Non-Polar Inclined,0.0,227,2020-06-13,SpaceX,Cape Canaveral,Falcon 9,Communications
Starlink-1490 ,USA,Commercial,Communications,LEO,Non-Polar Inclined,0.0,227,2020-06-13,SpaceX,Cape Canaveral,Falcon 9,Communications
Starlink-1491,USA,Commercial,Communications,LEO,Non-Polar Inclined,0.0,227,2020-06-13,SpaceX,Cape Canaveral,Falcon 9,Communications
Starlink-1492 ,USA,Commercial,Communications,LEO,Non-Polar Inclined,0.0,227,2020-06-13,SpaceX,Cape Canaveral,Falcon 9,Communications
Starlink-1493 ,USA,Commercial,Communications,LEO,Non-Polar Inclined,0.0,227,2020-06-13,SpaceX,Cape Canaveral,Falcon 9,Communications
Starlink-1494,USA,Commercial,Communications,LEO,Non-Polar Inclined,0.0,227,2020-06-13,SpaceX,Cape Canaveral,Falcon 9,Communications
Starlink-1496,USA,Commercial,Communications,LEO,Non-Polar Inclined,0.0,227,2020-06-13,SpaceX,Cape Canaveral,Falcon 9,Communications
Starlink-1497 ,USA,Commercial,Communications,LEO,Non-Polar Inclined,0.0,227,2020-06-13,SpaceX,Cape Canaveral,Falcon 9,Communications
Starlink-1498,USA,Commercial,Communications,LEO,Non-Polar Inclined,0.0,227,2020-06-13,SpaceX,Cape Canaveral,Falcon 9,Communications
Starlink-1499,USA,Commercial,Communications,LEO,Non-Polar Inclined,0.0,227,2020-06-13,SpaceX,Cape Canaveral,Falcon 9,Communications
Starlink-1500,USA,Commercial,Communications,LEO,Non-Polar Inclined,0.0,227,2020-06-13,SpaceX,Cape Canaveral,Falcon 9,Communications
Starlink-1502,USA,Commercial,Communications,LEO,Non-Polar Inclined,0.0,227,2020-06-13,SpaceX,Cape Canaveral,Falcon 9,Communications
Starlink-1503 ,USA,Commercial,Communications,LEO,Non-Polar Inclined,0.0,227,2020-06-13,SpaceX,Cape Canaveral,Falcon 9,Communications
Starlink-1504,USA,Commercial,Communications,LEO,Non-Polar Inclined,0.0,227,2020-06-13,SpaceX,Cape Canaveral,Falcon 9,Communications
Starlink-1505 ,USA,Commercial,Communications,LEO,Non-Polar Inclined,0.0,227,2020-06-13,SpaceX,Cape Canaveral,Falcon 9,Communications
Starlink-1506 ,USA,Commercial,Communications,LEO,Non-Polar Inclined,0.0,227,2020-06-13,SpaceX,Cape Canaveral,Falcon 9,Communications
Starlink-1507 ,USA,Commercial,Communications,LEO,Non-Polar Inclined,0.0,227,2020-06-13,SpaceX,Cape Canaveral,Falcon 9,Communications
Starlink-1509 ,USA,Commercial,Communications,LEO,Non-Polar Inclined,0.0,227,2020-06-13,SpaceX,Cape Canaveral,Falcon 9,Communications
Starlink-1510 ,USA,Commercial,Communications,LEO,Non-Polar Inclined,0.0,227,2020-06-13,SpaceX,Cape Canaveral,Falcon 9,Communications
Starlink-1511 ,USA,Commercial,Communications,LEO,Non-Polar Inclined,0.0,227,2020-06-13,SpaceX,Cape Canaveral,Falcon 9,Communications
Starlink-1512,USA,Commercial,Communications,LEO,Non-Polar Inclined,0.0,227,2020-06-13,SpaceX,Cape Canaveral,Falcon 9,Communications
Starlink-1513 ,USA,Commercial,Communications,LEO,Non-Polar Inclined,0.0,227,2020-06-13,SpaceX,Cape Canaveral,Falcon 9,Communications
Starlink-1515 ,USA,Commercial,Communications,LEO,Non-Polar Inclined,0.0,260,2020-08-07,SpaceX,Cape Canaveral,Falcon 9,Communications
Starlink-1517 ,USA,Commercial,Communications,LEO,Non-Polar Inclined,0.0,227,2020-06-13,SpaceX,Cape Canaveral,Falcon 9,Communications
Starlink-1521 ,USA,Commercial,Communications,LEO,Non-Polar Inclined,0.0,227,2020-06-13,SpaceX,Cape Canaveral,Falcon 9,Communications
Starlink-1522 ,USA,Commercial,Communications,LEO,Non-Polar Inclined,0.0,260,2020-08-07,SpaceX,Cape Canaveral,Falcon 9,Communications
Starlink-1523 ,USA,Commercial,Communications,LEO,Non-Polar Inclined,0.0,260,2020-08-07,SpaceX,Cape Canaveral,Falcon 9,Communications
Starlink-1524 ,USA,Commercial,Communications,LEO,Non-Polar Inclined,0.0,260,2020-08-07,SpaceX,Cape Canaveral,Falcon 9,Communications
Starlink-1525 ,USA,Commercial,Communications,LEO,Non-Polar Inclined,0.0,260,2020-08-07,SpaceX,Cape Canaveral,Falcon 9,Communications
Starlink-1526 ,USA,Commercial,Communications,LEO,Non-Polar Inclined,0.0,260,2020-08-07,SpaceX,Cape Canaveral,Falcon 9,Communications
Starlink-1527 ,USA,Commercial,Communications,LEO,Non-Polar Inclined,0.0,260,2020-08-07,SpaceX,Cape Canaveral,Falcon 9,Communications
Starlink-1528 ,USA,Commercial,Communications,LEO,Non-Polar Inclined,0.0,260,2021-02-15,SpaceX,Cape Canaveral,Falcon 9,Communications
Starlink-1529 ,USA,Commercial,Communications,LEO,Non-Polar Inclined,0.0,260,2020-08-07,SpaceX,Cape Canaveral,Falcon 9,Communications
Starlink-1530 ,USA,Commercial,Communications,LEO,Non-Polar Inclined,0.0,260,2020-08-07,SpaceX,Cape Canaveral,Falcon 9,Communications
Starlink-1531 ,USA,Commercial,Communications,LEO,Non-Polar Inclined,0.0,260,2020-10-06,SpaceX,Cape Canaveral,Falcon 9,Communications
Starlink-1532 ,USA,Commercial,Communications,LEO,Non-Polar Inclined,0.0,260,2020-08-07,SpaceX,Cape Canaveral,Falcon 9,Communications
Starlink-1533 ,USA,Commercial,Communications,LEO,Non-Polar Inclined,0.0,260,2020-08-07,SpaceX,Cape Canaveral,Falcon 9,Communications
Starlink-1534 ,USA,Commercial,Communications,LEO,Non-Polar Inclined,0.0,260,2020-08-07,SpaceX,Cape Canaveral,Falcon 9,Communications
Starlink-1536,USA,Commercial,Communications,LEO,Non-Polar Inclined,0.0,260,2020-08-07,SpaceX,Cape Canaveral,Falcon 9,Communications
Starlink-1538 ,USA,Commercial,Communications,LEO,Non-Polar Inclined,0.0,260,2020-08-07,SpaceX,Cape Canaveral,Falcon 9,Communications
Starlink-1539 ,USA,Commercial,Communications,LEO,Non-Polar Inclined,0.0,260,2020-08-07,SpaceX,Cape Canaveral,Falcon 9,Communications
Starlink-1540 ,USA,Commercial,Communications,LEO,Non-Polar Inclined,0.0,260,2020-08-07,SpaceX,Cape Canaveral,Falcon 9,Communications
Starlink-1541 ,USA,Commercial,Communications,LEO,Non-Polar Inclined,0.0,260,2020-08-07,SpaceX,Cape Canaveral,Falcon 9,Communications
Starlink-1542 ,USA,Commercial,Communications,LEO,Non-Polar Inclined,0.0,260,2020-08-07,SpaceX,Cape Canaveral,Falcon 9,Communications
Starlink-1543 ,USA,Commercial,Communications,LEO,Non-Polar Inclined,0.0,260,2020-08-07,SpaceX,Cape Canaveral,Falcon 9,Communications
Starlink-1544 ,USA,Commercial,Communications,LEO,Non-Polar Inclined,0.0,260,2020-08-07,SpaceX,Cape Canaveral,Falcon 9,Communications
Starlink-1545 ,USA,Commercial,Communications,LEO,Non-Polar Inclined,0.0,260,2020-08-18,SpaceX,Cape Canaveral,Falcon 9,Communications
Starlink-1546,USA,Commercial,Communications,LEO,Non-Polar Inclined,0.0,260,2020-09-03,SpaceX,Cape Canaveral,Falcon 9,Communications
Starlink-1547,USA,Commercial,Communications,LEO,Non-Polar Inclined,0.0,260,2020-09-03,SpaceX,Cape Canaveral,Falcon 9,Communications
Starlink-1548 ,USA,Commercial,Communications,LEO,Non-Polar Inclined,0.0,260,2020-08-07,SpaceX,Cape Canaveral,Falcon 9,Communications
Starlink-1549 ,USA,Commercial,Communications,LEO,Non-Polar Inclined,0.0,260,2020-08-07,SpaceX,Cape Canaveral,Falcon 9,Communications
Starlink-1550,USA,Commercial,Communications,LEO,Non-Polar Inclined,0.0,260,2020-09-03,SpaceX,Cape Canaveral,Falcon 9,Communications
Starlink-1551 ,USA,Commercial,Communications,LEO,Non-Polar Inclined,0.0,260,2020-08-07,SpaceX,Cape Canaveral,Falcon 9,Communications
Starlink-1552 ,USA,Commercial,Communications,LEO,Non-Polar Inclined,0.0,260,2020-08-07,SpaceX,Cape Canaveral,Falcon 9,Communications
Starlink-1553,USA,Commercial,Communications,LEO,Non-Polar Inclined,0.0,260,2020-09-03,SpaceX,Cape Canaveral,Falcon 9,Communications
Starlink-1554 ,USA,Commercial,Communications,LEO,Non-Polar Inclined,0.0,260,2020-08-07,SpaceX,Cape Canaveral,Falcon 9,Communications
Starlink-1555 ,USA,Commercial,Communications,LEO,Non-Polar Inclined,0.0,260,2020-08-07,SpaceX,Cape Canaveral,Falcon 9,Communications
Starlink-1556 ,USA,Commercial,Communications,LEO,Non-Polar Inclined,0.0,260,2020-08-07,SpaceX,Cape Canaveral,Falcon 9,Communications
Starlink-1557 ,USA,Commercial,Communications,LEO,Non-Polar Inclined,0.0,260,2020-08-07,SpaceX,Cape Canaveral,Falcon 9,Communications
Starlink-1558 ,USA,Commercial,Communications,LEO,Non-Polar Inclined,0.0,260,2020-08-07,SpaceX,Cape Canaveral,Falcon 9,Communications
Starlink-1559 ,USA,Commercial,Communications,LEO,Non-Polar Inclined,0.0,260,2020-08-07,SpaceX,Cape Canaveral,Falcon 9,Communications
Starlink-1560 ,USA,Commercial,Communications,LEO,Non-Polar Inclined,0.0,260,2020-08-07,SpaceX,Cape Canaveral,Falcon 9,Communications
Starlink-1561 ,USA,Commercial,Communications,LEO,Non-Polar Inclined,0.0,260,2020-08-07,SpaceX,Cape Canaveral,Falcon 9,Communications
Starlink-1562 ,USA,Commercial,Communications,LEO,Non-Polar Inclined,0.0,260,2020-08-07,SpaceX,Cape Canaveral,Falcon 9,Communications
Starlink-1563 ,USA,Commercial,Communications,LEO,Non-Polar Inclined,0.0,260,2020-08-07,SpaceX,Cape Canaveral,Falcon 9,Communications
Starlink-1564 ,USA,Commercial,Communications,LEO,Non-Polar Inclined,0.0,260,2020-08-07,SpaceX,Cape Canaveral,Falcon 9,Communications
Starlink-1565 ,USA,Commercial,Communications,LEO,Non-Polar Inclined,0.0,260,2020-08-07,SpaceX,Cape Canaveral,Falcon 9,Communications
Starlink-1566 ,USA,Commercial,Communications,LEO,Non-Polar Inclined,0.0,260,2020-08-07,SpaceX,Cape Canaveral,Falcon 9,Communications
Starlink-1567 ,USA,Commercial,Communications,LEO,Non-Polar Inclined,0.0,260,2020-08-07,SpaceX,Cape Canaveral,Falcon 9,Communications
Starlink-1568 ,USA,Commercial,Communications,LEO,Non-Polar Inclined,0.0,260,2020-08-07,SpaceX,Cape Canaveral,Falcon 9,Communications
Starlink-1569 ,USA,Commercial,Communications,LEO,Non-Polar Inclined,0.0,260,2020-08-07,SpaceX,Cape Canaveral,Falcon 9,Communications
Starlink-1570 ,USA,Commercial,Communications,LEO,Non-Polar Inclined,0.0,260,2020-08-07,SpaceX,Cape Canaveral,Falcon 9,Communications
Starlink-1571 ,USA,Commercial,Communications,LEO,Non-Polar Inclined,0.0,260,2020-08-07,SpaceX,Cape Canaveral,Falcon 9,Communications
Starlink-1572 ,USA,Commercial,Communications,LEO,Non-Polar Inclined,0.0,260,2020-08-07,SpaceX,Cape Canaveral,Falcon 9,Communications
Starlink-1573 ,USA,Commercial,Communications,LEO,Non-Polar Inclined,0.0,260,2020-08-07,SpaceX,Cape Canaveral,Falcon 9,Communications
Starlink-1574 ,USA,Commercial,Communications,LEO,Non-Polar Inclined,0.0,260,2020-08-07,SpaceX,Cape Canaveral,Falcon 9,Communications
Starlink-1575,USA,Commercial,Communications,LEO,Non-Polar Inclined,0.0,260,2020-09-03,SpaceX,Cape Canaveral,Falcon 9,Communications
Starlink-1576 ,USA,Commercial,Communications,LEO,Non-Polar Inclined,0.0,260,2020-08-07,SpaceX,Cape Canaveral,Falcon 9,Communications
Starlink-1577 ,USA,Commercial,Communications,LEO,Non-Polar Inclined,0.0,260,2020-08-07,SpaceX,Cape Canaveral,Falcon 9,Communications
Starlink-1578 ,USA,Commercial,Communications,LEO,Non-Polar Inclined,0.0,260,2020-08-07,SpaceX,Cape Canaveral,Falcon 9,Communications
Starlink-1579 ,USA,Commercial,Communications,LEO,Non-Polar Inclined,0.0,260,2020-08-07,SpaceX,Cape Canaveral,Falcon 9,Communications
Starlink-1580 ,USA,Commercial,Communications,LEO,Non-Polar Inclined,0.0,260,2020-08-07,SpaceX,Cape Canaveral,Falcon 9,Communications
Starlink-1581 ,USA,Commercial,Communications,LEO,Non-Polar Inclined,0.0,260,2020-08-07,SpaceX,Cape Canaveral,Falcon 9,Communications
Starlink-1582 ,USA,Commercial,Communications,LEO,Non-Polar Inclined,0.0,260,2020-08-07,SpaceX,Cape Canaveral,Falcon 9,Communications
Starlink-1583 ,USA,Commercial,Communications,LEO,Non-Polar Inclined,0.0,260,2020-08-07,SpaceX,Cape Canaveral,Falcon 9,Communications
Starlink-1584 ,USA,Commercial,Communications,LEO,Non-Polar Inclined,0.0,260,2020-08-07,SpaceX,Cape Canaveral,Falcon 9,Communications
Starlink-1585 ,USA,Commercial,Communications,LEO,Non-Polar Inclined,0.0,260,2020-08-18,SpaceX,Cape Canaveral,Falcon 9,Communications
Starlink-1586 ,USA,Commercial,Communications,LEO,Non-Polar Inclined,0.0,260,2020-08-18,SpaceX,Cape Canaveral,Falcon 9,Communications
Starlink-1587 ,USA,Commercial,Communications,LEO,Non-Polar Inclined,0.0,260,2020-08-18,SpaceX,Cape Canaveral,Falcon 9,Communications
Starlink-1588 ,USA,Commercial,Communications,LEO,Non-Polar Inclined,0.0,260,2020-08-18,SpaceX,Cape Canaveral,Falcon 9,Communications
Starlink-1589 ,USA,Commercial,Communications,LEO,Non-Polar Inclined,0.0,260,2020-08-18,SpaceX,Cape Canaveral,Falcon 9,Communications
Starlink-1590 ,USA,Commercial,Communications,LEO,Non-Polar Inclined,0.0,260,2020-08-18,SpaceX,Cape Canaveral,Falcon 9,Communications
Starlink-1591 ,USA,Commercial,Communications,LEO,Non-Polar Inclined,0.0,260,2020-08-07,SpaceX,Cape Canaveral,Falcon 9,Communications
Starlink-1593 ,USA,Commercial,Communications,LEO,Non-Polar Inclined,0.0,260,2020-08-18,SpaceX,Cape Canaveral,Falcon 9,Communications
Starlink-1594 ,USA,Commercial,Communications,LEO,Non-Polar Inclined,0.0,260,2020-08-18,SpaceX,Cape Canaveral,Falcon 9,Communications
Starlink-1595 ,USA,Commercial,Communications,LEO,Non-Polar Inclined,0.0,260,2020-08-18,SpaceX,Cape Canaveral,Falcon 9,Communications
Starlink-1596 ,USA,Commercial,Communications,LEO,Non-Polar Inclined,0.0,260,2020-08-18,SpaceX,Cape Canaveral,Falcon 9,Communications
Starlink-1597 ,USA,Commercial,Communications,LEO,Non-Polar Inclined,0.0,260,2020-08-18,SpaceX,Cape Canaveral,Falcon 9,Communications
Starlink-1598 ,USA,Commercial,Communications,LEO,Non-Polar Inclined,0.0,260,2020-08-18,SpaceX,Cape Canaveral,Falcon 9,Communications
Starlink-1600 ,USA,Commercial,Communications,LEO,Non-Polar Inclined,0.0,260,2020-08-18,SpaceX,Cape Canaveral,Falcon 9,Communications
Starlink-1601 ,USA,Commercial,Communications,LEO,Non-Polar Inclined,0.0,260,2020-08-18,SpaceX,Cape Canaveral,Falcon 9,Communications
Starlink-1602 ,USA,Commercial,Communications,LEO,Non-Polar Inclined,0.0,260,2020-08-18,SpaceX,Cape Canaveral,Falcon 9,Communications
Starlink-1603 ,USA,Commercial,Communications,LEO,Non-Polar Inclined,0.0,260,2020-08-18,SpaceX,Cape Canaveral,Falcon 9,Communications
Starlink-1604 ,USA,Commercial,Communications,LEO,Non-Polar Inclined,0.0,260,2020-08-18,SpaceX,Cape Canaveral,Falcon 9,Communications
Starlink-1605 ,USA,Commercial,Communications,LEO,Non-Polar Inclined,0.0,260,2020-08-18,SpaceX,Cape Canaveral,Falcon 9,Communications
Starlink-1606 ,USA,Commercial,Communications,LEO,Non-Polar Inclined,0.0,260,2020-08-18,SpaceX,Cape Canaveral,Falcon 9,Communications
Starlink-1607 ,USA,Commercial,Communications,LEO,Non-Polar Inclined,0.0,260,2020-08-18,SpaceX,Cape Canaveral,Falcon 9,Communications
Starlink-1608 ,USA,Commercial,Communications,LEO,Non-Polar Inclined,0.0,260,2020-08-18,SpaceX,Cape Canaveral,Falcon 9,Communications
Starlink-1609 ,USA,Commercial,Communications,LEO,Non-Polar Inclined,0.0,260,2021-02-15,SpaceX,Cape Canaveral,Falcon 9,Communications
Starlink-1610 ,USA,Commercial,Communications,LEO,Non-Polar Inclined,0.0,260,2020-08-18,SpaceX,Cape Canaveral,Falcon 9,Communications
Starlink-1611 ,USA,Commercial,Communications,LEO,Non-Polar Inclined,0.0,260,2020-08-18,SpaceX,Cape Canaveral,Falcon 9,Communications
Starlink-1612 ,USA,Commercial,Communications,LEO,Non-Polar Inclined,0.0,260,2020-08-18,SpaceX,Cape Canaveral,Falcon 9,Communications
Starlink-1613 ,USA,Commercial,Communications,LEO,Non-Polar Inclined,0.0,260,2020-08-18,SpaceX,Cape Canaveral,Falcon 9,Communications
Starlink-1614 ,USA,Commercial,Communications,LEO,Non-Polar Inclined,0.0,260,2020-08-18,SpaceX,Cape Canaveral,Falcon 9,Communications
Starlink-1615 ,USA,Commercial,Communications,LEO,Non-Polar Inclined,0.0,260,2020-08-18,SpaceX,Cape Canaveral,Falcon 9,Communications
Starlink-1616 ,USA,Commercial,Communications,LEO,Non-Polar Inclined,0.0,260,2020-08-18,SpaceX,Cape Canaveral,Falcon 9,Communications
Starlink-1617 ,USA,Commercial,Communications,LEO,Non-Polar Inclined,0.0,260,2020-09-03,SpaceX,Cape Canaveral,Falcon 9,Communications
Starlink-1618 ,USA,Commercial,Communications,LEO,Non-Polar Inclined,0.0,260,2020-08-18,SpaceX,Cape Canaveral,Falcon 9,Communications
Starlink-1619 ,USA,Commercial,Communications,LEO,Non-Polar Inclined,0.0,260,2020-08-18,SpaceX,Cape Canaveral,Falcon 9,Communications
Starlink-1620 ,USA,Commercial,Communications,LEO,Non-Polar Inclined,0.0,260,2020-08-18,SpaceX,Cape Canaveral,Falcon 9,Communications
Starlink-1621 ,USA,Commercial,Communications,LEO,Non-Polar Inclined,0.0,260,2020-08-18,SpaceX,Cape Canaveral,Falcon 9,Communications
Starlink-1622 ,USA,Commercial,Communications,LEO,Non-Polar Inclined,0.0,260,2020-08-18,SpaceX,Cape Canaveral,Falcon 9,Communications
Starlink-1623 ,USA,Commercial,Communications,LEO,Non-Polar Inclined,0.0,260,2020-08-18,SpaceX,Cape Canaveral,Falcon 9,Communications
Starlink-1624 ,USA,Commercial,Communications,LEO,Non-Polar Inclined,0.0,260,2020-08-18,SpaceX,Cape Canaveral,Falcon 9,Communications
Starlink-1625 ,USA,Commercial,Communications,LEO,Non-Polar Inclined,0.0,260,2020-08-18,SpaceX,Cape Canaveral,Falcon 9,Communications
Starlink-1626 ,USA,Commercial,Communications,LEO,Non-Polar Inclined,0.0,260,2020-08-18,SpaceX,Cape Canaveral,Falcon 9,Communications
Starlink-1627 ,USA,Commercial,Communications,LEO,Non-Polar Inclined,0.0,260,2020-08-18,SpaceX,Cape Canaveral,Falcon 9,Communications
Starlink-1628 ,USA,Commercial,Communications,LEO,Non-Polar Inclined,0.0,260,2020-08-18,SpaceX,Cape Canaveral,Falcon 9,Communications
Starlink-1629 ,USA,Commercial,Communications,LEO,Non-Polar Inclined,0.0,260,2020-08-18,SpaceX,Cape Canaveral,Falcon 9,Communications
Starlink-1630 ,USA,Commercial,Communications,LEO,Non-Polar Inclined,0.0,260,2020-08-18,SpaceX,Cape Canaveral,Falcon 9,Communications
Starlink-1631 ,USA,Commercial,Communications,LEO,Non-Polar Inclined,0.0,260,2020-08-18,SpaceX,Cape Canaveral,Falcon 9,Communications
Starlink-1633 ,USA,Commercial,Communications,LEO,Non-Polar Inclined,0.0,260,2020-08-18,SpaceX,Cape Canaveral,Falcon 9,Communications
Starlink-1634 ,USA,Commercial,Communications,LEO,Non-Polar Inclined,0.0,260,2020-08-18,SpaceX,Cape Canaveral,Falcon 9,Communications
Starlink-1635 ,USA,Commercial,Communications,LEO,Non-Polar Inclined,0.0,260,2020-08-18,SpaceX,Cape Canaveral,Falcon 9,Communications
Starlink-1636 ,USA,Commercial,Communications,LEO,Non-Polar Inclined,0.0,260,2020-08-18,SpaceX,Cape Canaveral,Falcon 9,Communications
Starlink-1637 ,USA,Commercial,Communications,LEO,Non-Polar Inclined,0.0,260,2020-08-18,SpaceX,Cape Canaveral,Falcon 9,Communications
Starlink-1638 ,USA,Commercial,Communications,LEO,Non-Polar Inclined,0.0,260,2020-08-18,SpaceX,Cape Canaveral,Falcon 9,Communications
Starlink-1639 ,USA,Commercial,Communications,LEO,Non-Polar Inclined,0.0,260,2020-08-18,SpaceX,Cape Canaveral,Falcon 9,Communications
Starlink-1640 ,USA,Commercial,Communications,LEO,Non-Polar Inclined,0.0,260,2020-08-18,SpaceX,Cape Canaveral,Falcon 9,Communications
Starlink-1641 ,USA,Commercial,Communications,LEO,Non-Polar Inclined,0.0,260,2020-08-18,SpaceX,Cape Canaveral,Falcon 9,Communications
Starlink-1642 ,USA,Commercial,Communications,LEO,Non-Polar Inclined,0.0,260,2020-08-18,SpaceX,Cape Canaveral,Falcon 9,Communications
Starlink-1643 ,USA,Commercial,Communications,LEO,Non-Polar Inclined,0.0,260,2020-08-18,SpaceX,Cape Canaveral,Falcon 9,Communications
Starlink-1644 ,USA,Commercial,Communications,LEO,Non-Polar Inclined,0.0,260,2020-10-06,SpaceX,Cape Canaveral,Falcon 9,Communications
Starlink-1645 ,USA,Commercial,Communications,LEO,Non-Polar Inclined,0.0,260,2021-02-15,SpaceX,Cape Canaveral,Falcon 9,Communications
Starlink-1646,USA,Commercial,Communications,LEO,Non-Polar Inclined,0.0,260,2020-09-03,SpaceX,Cape Canaveral,Falcon 9,Communications
Starlink-1647 ,USA,Commercial,Communications,LEO,Non-Polar Inclined,0.0,260,2021-03-24,SpaceX,Cape Canaveral,Falcon 9,Communications
Starlink-1648 ,USA,Commercial,Communications,LEO,Non-Polar Inclined,0.0,260,2020-10-06,SpaceX,Cape Canaveral,Falcon 9,Communications
Starlink-1650 ,USA,Commercial,Communications,LEO,Non-Polar Inclined,0.0,260,2020-10-06,SpaceX,Cape Canaveral,Falcon 9,Communications
Starlink-1651,USA,Commercial,Communications,LEO,Non-Polar Inclined,0.0,260,2020-09-03,SpaceX,Cape Canaveral,Falcon 9,Communications
Starlink-1653,USA,Commercial,Communications,LEO,Non-Polar Inclined,0.0,260,2020-09-03,SpaceX,Cape Canaveral,Falcon 9,Communications
Starlink-1654 ,USA,Commercial,Communications,LEO,Non-Polar Inclined,0.0,260,2020-09-03,SpaceX,Cape Canaveral,Falcon 9,Communications
Starlink-1655 ,USA,Commercial,Communications,LEO,Non-Polar Inclined,0.0,260,2021-02-15,SpaceX,Cape Canaveral,Falcon 9,Communications
Starlink-1656,USA,Commercial,Communications,LEO,Non-Polar Inclined,0.0,260,2020-09-03,SpaceX,Cape Canaveral,Falcon 9,Communications
Starlink-1657,USA,Commercial,Communications,LEO,Non-Polar Inclined,0.0,260,2020-09-03,SpaceX,Cape Canaveral,Falcon 9,Communications
Starlink-1658,USA,Commercial,Communications,LEO,Non-Polar Inclined,0.0,260,2020-09-03,SpaceX,Cape Canaveral,Falcon 9,Communications
Starlink-1659 ,USA,Commercial,Communications,LEO,Non-Polar Inclined,0.0,260,2020-10-06,SpaceX,Cape Canaveral,Falcon 9,Communications
Starlink-1660 ,USA,Commercial,Communications,LEO,Non-Polar Inclined,0.0,260,2020-10-06,SpaceX,Cape Canaveral,Falcon 9,Communications
Starlink-1661,USA,Commercial,Communications,LEO,Non-Polar Inclined,0.0,260,2020-09-03,SpaceX,Cape Canaveral,Falcon 9,Communications
Starlink-1663 ,USA,Commercial,Communications,LEO,Non-Polar Inclined,0.0,260,2020-10-06,SpaceX,Cape Canaveral,Falcon 9,Communications
Starlink-1664 ,USA,Commercial,Communications,LEO,Non-Polar Inclined,0.0,260,2020-10-06,SpaceX,Cape Canaveral,Falcon 9,Communications
Starlink-1665,USA,Commercial,Communications,LEO,Non-Polar Inclined,0.0,260,2020-09-03,SpaceX,Cape Canaveral,Falcon 9,Communications
Starlink-1666,USA,Commercial,Communications,LEO,Non-Polar Inclined,0.0,260,2020-09-03,SpaceX,Cape Canaveral,Falcon 9,Communications
Starlink-1667 ,USA,Commercial,Communications,LEO,Non-Polar Inclined,0.0,260,2020-08-18,SpaceX,Cape Canaveral,Falcon 9,Communications
Starlink-1669 ,USA,Commercial,Communications,LEO,Non-Polar Inclined,0.0,260,2021-02-15,SpaceX,Cape Canaveral,Falcon 9,Communications
Starlink-1670,USA,Commercial,Communications,LEO,Non-Polar Inclined,0.0,260,2020-09-03,SpaceX,Cape Canaveral,Falcon 9,Communications
Starlink-1671 ,USA,Commercial,Communications,LEO,Non-Polar Inclined,0.0,260,2020-10-06,SpaceX,Cape Canaveral,Falcon 9,Communications
Starlink-1672 ,USA,Commercial,Communications,LEO,Non-Polar Inclined,0.0,260,2020-10-06,SpaceX,Cape Canaveral,Falcon 9,Communications
Starlink-1673,USA,Commercial,Communications,LEO,Non-Polar Inclined,0.0,260,2020-09-03,SpaceX,Cape Canaveral,Falcon 9,Communications
Starlink-1675 ,USA,Commercial,Communications,LEO,Non-Polar Inclined,0.0,260,2020-10-06,SpaceX,Cape Canaveral,Falcon 9,Communications
Starlink-1676 ,USA,Commercial,Communications,LEO,Non-Polar Inclined,0.0,260,2020-10-06,SpaceX,Cape Canaveral,Falcon 9,Communications
Starlink-1677 ,USA,Commercial,Communications,LEO,Non-Polar Inclined,0.0,260,2020-10-06,SpaceX,Cape Canaveral,Falcon 9,Communications
Starlink-1678 ,USA,Commercial,Communications,LEO,Non-Polar Inclined,0.0,260,2020-10-06,SpaceX,Cape Canaveral,Falcon 9,Communications
Starlink-1679 ,USA,Commercial,Communications,LEO,Non-Polar Inclined,0.0,260,2020-10-06,SpaceX,Cape Canaveral,Falcon 9,Communications
Starlink-1680 ,USA,Commercial,Communications,LEO,Non-Polar Inclined,0.0,260,2020-10-06,SpaceX,Cape Canaveral,Falcon 9,Communications
Starlink-1681 ,USA,Commercial,Communications,LEO,Non-Polar Inclined,0.0,260,2020-10-06,SpaceX,Cape Canaveral,Falcon 9,Communications
Starlink-1682 ,USA,Commercial,Communications,LEO,Non-Polar Inclined,0.0,260,2020-10-06,SpaceX,Cape Canaveral,Falcon 9,Communications
Starlink-1683 ,USA,Commercial,Communications,LEO,Non-Polar Inclined,0.0,260,2020-10-06,SpaceX,Cape Canaveral,Falcon 9,Communications
Starlink-1686,USA,Commercial,Communications,LEO,Non-Polar Inclined,0.0,260,2020-09-03,SpaceX,Cape Canaveral,Falcon 9,Communications
Starlink-1687 ,USA,Commercial,Communications,LEO,Non-Polar Inclined,0.0,260,2020-10-06,SpaceX,Cape Canaveral,Falcon 9,Communications
Starlink-1688,USA,Commercial,Communications,LEO,Non-Polar Inclined,0.0,260,2020-09-03,SpaceX,Cape Canaveral,Falcon 9,Communications
Starlink-1689,USA,Commercial,Communications,LEO,Non-Polar Inclined,0.0,260,2020-09-03,SpaceX,Cape Canaveral,Falcon 9,Communications
Starlink-1690,USA,Commercial,Communications,LEO,Non-Polar Inclined,0.0,260,2020-09-03,SpaceX,Cape Canaveral,Falcon 9,Communications
Starlink-1692 ,USA,Commercial,Communications,LEO,Non-Polar Inclined,0.0,260,2020-10-06,SpaceX,Cape Canaveral,Falcon 9,Communications
Starlink-1693 ,USA,Commercial,Communications,LEO,Non-Polar Inclined,0.0,260,2020-10-06,SpaceX,Cape Canaveral,Falcon 9,Communications
Starlink-1694 ,USA,Commercial,Communications,LEO,Non-Polar Inclined,0.0,260,2020-10-06,SpaceX,Cape Canaveral,Falcon 9,Communications
Starlink-1695,USA,Commercial,Communications,LEO,Non-Polar Inclined,0.0,260,2020-09-03,SpaceX,Cape Canaveral,Falcon 9,Communications
Starlink-1696 ,USA,Commercial,Communications,LEO,Non-Polar Inclined,0.0,260,2020-10-06,SpaceX,Cape Canaveral,Falcon 9,Communications
Starlink-1697 ,USA,Commercial,Communications,LEO,Non-Polar Inclined,0.0,260,2020-10-06,SpaceX,Cape Canaveral,Falcon 9,Communications
Starlink-1698 ,USA,Commercial,Communications,LEO,Non-Polar Inclined,0.0,260,2020-10-06,SpaceX,Cape Canaveral,Falcon 9,Communications
Starlink-1699 ,USA,Commercial,Communications,LEO,Non-Polar Inclined,0.0,260,2020-10-06,SpaceX,Cape Canaveral,Falcon 9,Communications
Starlink-1700 ,USA,Commercial,Communications,LEO,Non-Polar Inclined,0.0,260,2020-10-06,SpaceX,Cape Canaveral,Falcon 9,Communications
Starlink-1701 ,USA,Commercial,Communications,LEO,Non-Polar Inclined,0.0,260,2020-10-06,SpaceX,Cape Canaveral,Falcon 9,Communications
Starlink-1704 ,USA,Commercial,Communications,LEO,Non-Polar Inclined,0.0,260,2021-02-15,SpaceX,Cape Canaveral,Falcon 9,Communications
Starlink-1705 ,USA,Commercial,Communications,LEO,Non-Polar Inclined,0.0,260,2020-10-06,SpaceX,Cape Canaveral,Falcon 9,Communications
Starlink-1706 ,USA,Commercial,Communications,LEO,Non-Polar Inclined,0.0,260,2020-10-06,SpaceX,Cape Canaveral,Falcon 9,Communications
Starlink-1707,USA,Commercial,Communications,LEO,Non-Polar Inclined,0.0,260,2020-09-03,SpaceX,Cape Canaveral,Falcon 9,Communications
Starlink-1708 ,USA,Commercial,Communications,LEO,Non-Polar Inclined,0.0,260,2020-10-06,SpaceX,Cape Canaveral,Falcon 9,Communications
Starlink-1709 ,USA,Commercial,Communications,LEO,Non-Polar Inclined,0.0,260,2020-10-06,SpaceX,Cape Canaveral,Falcon 9,Communications
Starlink-1710,USA,Commercial,Communications,LEO,Non-Polar Inclined,0.0,260,2020-09-03,SpaceX,Cape Canaveral,Falcon 9,Communications
Starlink-1711,USA,Commercial,Communications,LEO,Non-Polar Inclined,0.0,260,2020-09-03,SpaceX,Cape Canaveral,Falcon 9,Communications
Starlink-1712 ,USA,Commercial,Communications,LEO,Non-Polar Inclined,0.0,260,2020-10-06,SpaceX,Cape Canaveral,Falcon 9,Communications
Starlink-1713,USA,Commercial,Communications,LEO,Non-Polar Inclined,0.0,260,2020-09-03,SpaceX,Cape Canaveral,Falcon 9,Communications
Starlink-1714 ,USA,Commercial,Communications,LEO,Non-Polar Inclined,0.0,260,2020-10-06,SpaceX,Cape Canaveral,Falcon 9,Communications
Starlink-1715 ,USA,Commercial,Communications,LEO,Non-Polar Inclined,0.0,260,2020-10-18,SpaceX,Cape Canaveral,Falcon 9,Communications
Starlink-1716 ,USA,Commercial,Communications,LEO,Non-Polar Inclined,0.0,260,2020-10-18,SpaceX,Cape Canaveral,Falcon 9,Communications
Starlink-1717 ,USA,Commercial,Communications,LEO,Non-Polar Inclined,0.0,260,2020-10-18,SpaceX,Cape Canaveral,Falcon 9,Communications
Starlink-1718 ,USA,Commercial,Communications,LEO,Non-Polar Inclined,0.0,260,2020-10-18,SpaceX,Cape Canaveral,Falcon 9,Communications
Starlink-1719 ,USA,Commercial,Communications,LEO,Non-Polar Inclined,0.0,260,2020-09-03,SpaceX,Cape Canaveral,Falcon 9,Communications
Starlink-1720 ,USA,Commercial,Communications,LEO,Non-Polar Inclined,0.0,260,2020-10-18,SpaceX,Cape Canaveral,Falcon 9,Communications
Starlink-1721,USA,Commercial,Communications,LEO,Non-Polar Inclined,0.0,260,2020-09-03,SpaceX,Cape Canaveral,Falcon 9,Communications
Starlink-1722,USA,Commercial,Communications,LEO,Non-Polar Inclined,0.0,260,2020-09-03,SpaceX,Cape Canaveral,Falcon 9,Communications
Starlink-1723,USA,Commercial,Communications,LEO,Non-Polar Inclined,0.0,260,2020-09-03,SpaceX,Cape Canaveral,Falcon 9,Communications
Starlink-1724,USA,Commercial,Communications,LEO,Non-Polar Inclined,0.0,260,2020-09-03,SpaceX,Cape Canaveral,Falcon 9,Communications
Starlink-1725,USA,Commercial,Communications,LEO,Non-Polar Inclined,0.0,260,2020-09-03,SpaceX,Cape Canaveral,Falcon 9,Communications
Starlink-1726 ,USA,Commercial,Communications,LEO,Non-Polar Inclined,0.0,260,2020-09-03,SpaceX,Cape Canaveral,Falcon 9,Communications
Starlink-1727,USA,Commercial,Communications,LEO,Non-Polar Inclined,0.0,260,2020-09-03,SpaceX,Cape Canaveral,Falcon 9,Communications
Starlink-1728 ,USA,Commercial,Communications,LEO,Non-Polar Inclined,0.0,260,2020-10-06,SpaceX,Cape Canaveral,Falcon 9,Communications
Starlink-1729 ,USA,Commercial,Communications,LEO,Non-Polar Inclined,0.0,260,2020-10-06,SpaceX,Cape Canaveral,Falcon 9,Communications
Starlink-1730 ,USA,Commercial,Communications,LEO,Non-Polar Inclined,0.0,260,2020-10-06,SpaceX,Cape Canaveral,Falcon 9,Communications
Starlink-1732 ,USA,Commercial,Communications,LEO,Non-Polar Inclined,0.0,260,2020-10-06,SpaceX,Cape Canaveral,Falcon 9,Communications
Starlink-1733 ,USA,Commercial,Communications,LEO,Non-Polar Inclined,0.0,260,2020-10-06,SpaceX,Cape Canaveral,Falcon 9,Communications
Starlink-1734,USA,Commercial,Communications,LEO,Non-Polar Inclined,0.0,260,2020-09-03,SpaceX,Cape Canaveral,Falcon 9,Communications
Starlink-1735 ,USA,Commercial,Communications,LEO,Non-Polar Inclined,0.0,260,2020-10-06,SpaceX,Cape Canaveral,Falcon 9,Communications
Starlink-1736 ,USA,Commercial,Communications,LEO,Non-Polar Inclined,0.0,260,2020-10-06,SpaceX,Cape Canaveral,Falcon 9,Communications
Starlink-1737 ,USA,Commercial,Communications,LEO,Non-Polar Inclined,0.0,260,2020-10-06,SpaceX,Cape Canaveral,Falcon 9,Communications
Starlink-1738 ,USA,Commercial,Communications,LEO,Non-Polar Inclined,0.0,260,2020-09-03,SpaceX,Cape Canaveral,Falcon 9,Communications
Starlink-1739,USA,Commercial,Communications,LEO,Non-Polar Inclined,0.0,260,2020-09-03,SpaceX,Cape Canaveral,Falcon 9,Communications
Starlink-1740 ,USA,Commercial,Communications,LEO,Non-Polar Inclined,0.0,260,2020-10-06,SpaceX,Cape Canaveral,Falcon 9,Communications
Starlink-1741 ,USA,Commercial,Communications,LEO,Non-Polar Inclined,0.0,260,2020-10-06,SpaceX,Cape Canaveral,Falcon 9,Communications
Starlink-1742,USA,Commercial,Communications,LEO,Non-Polar Inclined,0.0,260,2020-09-03,SpaceX,Cape Canaveral,Falcon 9,Communications
Starlink-1746 ,USA,Commercial,Communications,LEO,Non-Polar Inclined,0.0,260,2020-10-06,SpaceX,Cape Canaveral,Falcon 9,Communications
Starlink-1747 ,USA,Commercial,Communications,LEO,Non-Polar Inclined,0.0,260,2020-10-06,SpaceX,Cape Canaveral,Falcon 9,Communications
Starlink-1748 ,USA,Commercial,Communications,LEO,Non-Polar Inclined,0.0,260,2020-10-06,SpaceX,Cape Canaveral,Falcon 9,Communications
Starlink-1749 ,USA,Commercial,Communications,LEO,Non-Polar Inclined,0.0,260,2020-10-06,SpaceX,Cape Canaveral,Falcon 9,Communications
Starlink-1750,USA,Commercial,Communications,LEO,Non-Polar Inclined,0.0,260,2020-09-03,SpaceX,Cape Canaveral,Falcon 9,Communications
Starlink-1752,USA,Commercial,Communications,LEO,Non-Polar Inclined,0.0,260,2020-09-03,SpaceX,Cape Canaveral,Falcon 9,Communications
Starlink-1755 ,USA,Commercial,Communications,LEO,Non-Polar Inclined,0.0,260,2020-10-06,SpaceX,Cape Canaveral,Falcon 9,Communications
Starlink-1758,USA,Commercial,Communications,LEO,Non-Polar Inclined,0.0,260,2020-09-03,SpaceX,Cape Canaveral,Falcon 9,Communications
Starlink-1759,USA,Commercial,Communications,LEO,Non-Polar Inclined,0.0,260,2020-09-03,SpaceX,Cape Canaveral,Falcon 9,Communications
Starlink-1760 ,USA,Commercial,Communications,LEO,Non-Polar Inclined,0.0,260,2020-09-03,SpaceX,Cape Canaveral,Falcon 9,Communications
Starlink-1761 ,USA,Commercial,Communications,LEO,Non-Polar Inclined,0.0,260,2021-02-15,SpaceX,Cape Canaveral,Falcon 9,Communications
Starlink-1762,USA,Commercial,Communications,LEO,Non-Polar Inclined,0.0,260,2020-09-03,SpaceX,Cape Canaveral,Falcon 9,Communications
Starlink-1763,USA,Commercial,Communications,LEO,Non-Polar Inclined,0.0,260,2020-09-03,SpaceX,Cape Canaveral,Falcon 9,Communications
Starlink-1764,USA,Commercial,Communications,LEO,Non-Polar Inclined,0.0,260,2020-09-03,SpaceX,Cape Canaveral,Falcon 9,Communications
Starlink-1765,USA,Commercial,Communications,LEO,Non-Polar Inclined,0.0,260,2020-09-03,SpaceX,Cape Canaveral,Falcon 9,Communications
Starlink-1766 ,USA,Commercial,Communications,LEO,Non-Polar Inclined,0.0,260,2020-10-18,SpaceX,Cape Canaveral,Falcon 9,Communications
Starlink-1767,USA,Commercial,Communications,LEO,Non-Polar Inclined,0.0,260,2020-09-03,SpaceX,Cape Canaveral,Falcon 9,Communications
Starlink-1769,USA,Commercial,Communications,LEO,Non-Polar Inclined,0.0,260,2020-09-03,SpaceX,Cape Canaveral,Falcon 9,Communications
Starlink-1770 ,USA,Commercial,Communications,LEO,Non-Polar Inclined,0.0,260,2020-09-03,SpaceX,Cape Canaveral,Falcon 9,Communications
Starlink-1771,USA,Commercial,Communications,LEO,Non-Polar Inclined,0.0,260,2020-09-03,SpaceX,Cape Canaveral,Falcon 9,Communications
Starlink-1773 ,USA,Commercial,Communications,LEO,Non-Polar Inclined,0.0,260,2020-10-18,SpaceX,Cape Canaveral,Falcon 9,Communications
Starlink-1774 ,USA,Commercial,Communications,LEO,Non-Polar Inclined,0.0,260,2020-10-18,SpaceX,Cape Canaveral,Falcon 9,Communications
Starlink-1775 ,USA,Commercial,Communications,LEO,Non-Polar Inclined,0.0,260,2020-10-18,SpaceX,Cape Canaveral,Falcon 9,Communications
Starlink-1776 ,USA,Commercial,Communications,LEO,Non-Polar Inclined,0.0,260,2020-10-18,SpaceX,Cape Canaveral,Falcon 9,Communications
Starlink-1777 ,USA,Commercial,Communications,LEO,Non-Polar Inclined,0.0,260,2020-11-24,SpaceX,Cape Canaveral,Falcon 9,Communications
Starlink-1780 ,USA,Commercial,Communications,LEO,Non-Polar Inclined,0.0,260,2020-10-18,SpaceX,Cape Canaveral,Falcon 9,Communications
Starlink-1781 ,USA,Commercial,Communications,LEO,Non-Polar Inclined,0.0,260,2020-10-18,SpaceX,Cape Canaveral,Falcon 9,Communications
Starlink-1782,USA,Commercial,Communications,LEO,Non-Polar Inclined,0.0,260,2021-02-04,SpaceX,Cape Canaveral,Falcon 9,Communications
Starlink-1783 ,USA,Commercial,Communications,LEO,Non-Polar Inclined,0.0,260,2020-10-18,SpaceX,Cape Canaveral,Falcon 9,Communications
Starlink-1784 ,USA,Commercial,Communications,LEO,Non-Polar Inclined,0.0,260,2020-10-18,SpaceX,Cape Canaveral,Falcon 9,Communications
Starlink-1785 ,USA,Commercial,Communications,LEO,Non-Polar Inclined,0.0,260,2020-11-24,SpaceX,Cape Canaveral,Falcon 9,Communications
Starlink-1788 ,USA,Commercial,Communications,LEO,Non-Polar Inclined,0.0,260,2020-10-18,SpaceX,Cape Canaveral,Falcon 9,Communications
Starlink-1789 ,USA,Commercial,Communications,LEO,Non-Polar Inclined,0.0,260,2020-10-18,SpaceX,Cape Canaveral,Falcon 9,Communications
Starlink-1790 ,USA,Commercial,Communications,LEO,Non-Polar Inclined,0.0,260,2020-10-18,SpaceX,Cape Canaveral,Falcon 9,Communications
Starlink-1791 ,USA,Commercial,Communications,LEO,Non-Polar Inclined,0.0,260,2020-10-18,SpaceX,Cape Canaveral,Falcon 9,Communications
Starlink-1792 ,USA,Commercial,Communications,LEO,Non-Polar Inclined,0.0,260,2020-10-18,SpaceX,Cape Canaveral,Falcon 9,Communications
Starlink-1793 ,USA,Commercial,Communications,LEO,Non-Polar Inclined,0.0,260,2020-10-18,SpaceX,Cape Canaveral,Falcon 9,Communications
Starlink-1794 ,USA,Commercial,Communications,LEO,Non-Polar Inclined,0.0,260,2020-10-18,SpaceX,Cape Canaveral,Falcon 9,Communications
Starlink-1795 ,USA,Commercial,Communications,LEO,Non-Polar Inclined,0.0,260,2020-10-18,SpaceX,Cape Canaveral,Falcon 9,Communications
Starlink-1797 ,USA,Commercial,Communications,LEO,Non-Polar Inclined,0.0,260,2020-10-18,SpaceX,Cape Canaveral,Falcon 9,Communications
Starlink-1798 ,USA,Commercial,Communications,LEO,Non-Polar Inclined,0.0,260,2020-10-24,SpaceX,Cape Canaveral,Falcon 9,Communications
Starlink-1799 ,USA,Commercial,Communications,LEO,Non-Polar Inclined,0.0,260,2020-10-18,SpaceX,Cape Canaveral,Falcon 9,Communications
Starlink-1800 ,USA,Commercial,Communications,LEO,Non-Polar Inclined,0.0,260,2020-10-18,SpaceX,Cape Canaveral,Falcon 9,Communications
Starlink-1801 ,USA,Commercial,Communications,LEO,Non-Polar Inclined,0.0,260,2020-10-18,SpaceX,Cape Canaveral,Falcon 9,Communications
Starlink-1802 ,USA,Commercial,Communications,LEO,Non-Polar Inclined,0.0,260,2020-10-18,SpaceX,Cape Canaveral,Falcon 9,Communications
Starlink-1803 ,USA,Commercial,Communications,LEO,Non-Polar Inclined,0.0,260,2020-10-18,SpaceX,Cape Canaveral,Falcon 9,Communications
Starlink-1804 ,USA,Commercial,Communications,LEO,Non-Polar Inclined,0.0,260,2020-10-18,SpaceX,Cape Canaveral,Falcon 9,Communications
Starlink-1805 ,USA,Commercial,Communications,LEO,Non-Polar Inclined,0.0,260,2020-10-18,SpaceX,Cape Canaveral,Falcon 9,Communications
Starlink-1806 ,USA,Commercial,Communications,LEO,Non-Polar Inclined,0.0,260,2021-02-04,SpaceX,Cape Canaveral,Falcon 9,Communications
Starlink-1807 ,USA,Commercial,Communications,LEO,Non-Polar Inclined,0.0,260,2020-10-18,SpaceX,Cape Canaveral,Falcon 9,Communications
Starlink-1808 ,USA,Commercial,Communications,LEO,Non-Polar Inclined,0.0,260,2020-10-18,SpaceX,Cape Canaveral,Falcon 9,Communications
Starlink-1810 ,USA,Commercial,Communications,LEO,Non-Polar Inclined,0.0,260,2020-10-18,SpaceX,Cape Canaveral,Falcon 9,Communications
Starlink-1811 ,USA,Commercial,Communications,LEO,Non-Polar Inclined,0.0,260,2020-10-18,SpaceX,Cape Canaveral,Falcon 9,Communications
Starlink-1812 ,USA,Commercial,Communications,LEO,Non-Polar Inclined,0.0,260,2020-11-24,SpaceX,Cape Canaveral,Falcon 9,Communications
Starlink-1813 ,USA,Commercial,Communications,LEO,Non-Polar Inclined,0.0,260,2020-10-18,SpaceX,Cape Canaveral,Falcon 9,Communications
Starlink-1814 ,USA,Commercial,Communications,LEO,Non-Polar Inclined,0.0,260,2020-10-18,SpaceX,Cape Canaveral,Falcon 9,Communications
Starlink-1815 ,USA,Commercial,Communications,LEO,Non-Polar Inclined,0.0,260,2020-10-18,SpaceX,Cape Canaveral,Falcon 9,Communications
Starlink-1816 ,USA,Commercial,Communications,LEO,Non-Polar Inclined,0.0,260,2020-10-18,SpaceX,Cape Canaveral,Falcon 9,Communications
Starlink-1817 ,USA,Commercial,Communications,LEO,Non-Polar Inclined,0.0,260,2020-10-18,SpaceX,Cape Canaveral,Falcon 9,Communications
Starlink-1818 ,USA,Commercial,Communications,LEO,Non-Polar Inclined,0.0,260,2020-10-18,SpaceX,Cape Canaveral,Falcon 9,Communications
Starlink-1820 ,USA,Commercial,Communications,LEO,Non-Polar Inclined,0.0,260,2020-10-18,SpaceX,Cape Canaveral,Falcon 9,Communications
Starlink-1821 ,USA,Commercial,Communications,LEO,Non-Polar Inclined,0.0,260,2020-10-18,SpaceX,Cape Canaveral,Falcon 9,Communications
Starlink-1822 ,USA,Commercial,Communications,LEO,Non-Polar Inclined,0.0,260,2020-10-18,SpaceX,Cape Canaveral,Falcon 9,Communications
Starlink-1825 ,USA,Commercial,Communications,LEO,Non-Polar Inclined,0.0,260,2020-10-18,SpaceX,Cape Canaveral,Falcon 9,Communications
Starlink-1826 ,USA,Commercial,Communications,LEO,Non-Polar Inclined,0.0,260,2020-10-18,SpaceX,Cape Canaveral,Falcon 9,Communications
Starlink-1828 ,USA,Commercial,Communications,LEO,Non-Polar Inclined,0.0,260,2020-10-18,SpaceX,Cape Canaveral,Falcon 9,Communications
Starlink-1829 ,USA,Commercial,Communications,LEO,Non-Polar Inclined,0.0,260,2020-10-18,SpaceX,Cape Canaveral,Falcon 9,Communications
Starlink-1830 ,USA,Commercial,Communications,LEO,Non-Polar Inclined,0.0,260,2020-10-18,SpaceX,Cape Canaveral,Falcon 9,Communications
Starlink-1832 ,USA,Commercial,Communications,LEO,Non-Polar Inclined,0.0,260,2020-10-24,SpaceX,Cape Canaveral,Falcon 9,Communications
Starlink-1833 ,USA,Commercial,Communications,LEO,Non-Polar Inclined,0.0,260,2020-10-24,SpaceX,Cape Canaveral,Falcon 9,Communications
Starlink-1834 ,USA,Commercial,Communications,LEO,Non-Polar Inclined,0.0,260,2020-10-24,SpaceX,Cape Canaveral,Falcon 9,Communications
Starlink-1835 ,USA,Commercial,Communications,LEO,Non-Polar Inclined,0.0,260,2020-10-24,SpaceX,Cape Canaveral,Falcon 9,Communications
Starlink-1837 ,USA,Commercial,Communications,LEO,Non-Polar Inclined,0.0,260,2020-11-24,SpaceX,Cape Canaveral,Falcon 9,Communications
Starlink-1838 ,USA,Commercial,Communications,LEO,Non-Polar Inclined,0.0,260,2020-11-24,SpaceX,Cape Canaveral,Falcon 9,Communications
Starlink-1839 ,USA,Commercial,Communications,LEO,Non-Polar Inclined,0.0,260,2020-11-24,SpaceX,Cape Canaveral,Falcon 9,Communications
Starlink-1842 ,USA,Commercial,Communications,LEO,Non-Polar Inclined,0.0,260,2020-11-24,SpaceX,Cape Canaveral,Falcon 9,Communications
Starlink-1843 ,USA,Commercial,Communications,LEO,Non-Polar Inclined,0.0,260,2020-11-24,SpaceX,Cape Canaveral,Falcon 9,Communications
Starlink-1844 ,USA,Commercial,Communications,LEO,Non-Polar Inclined,0.0,260,2020-11-24,SpaceX,Cape Canaveral,Falcon 9,Communications
Starlink-1845 ,USA,Commercial,Communications,LEO,Non-Polar Inclined,0.0,260,2020-11-24,SpaceX,Cape Canaveral,Falcon 9,Communications
Starlink-1846 ,USA,Commercial,Communications,LEO,Non-Polar Inclined,0.0,260,2020-11-24,SpaceX,Cape Canaveral,Falcon 9,Communications
Starlink-1848 ,USA,Commercial,Communications,LEO,Non-Polar Inclined,0.0,260,2020-10-24,SpaceX,Cape Canaveral,Falcon 9,Communications
Starlink-1849 ,USA,Commercial,Communications,LEO,Non-Polar Inclined,0.0,260,2020-11-24,SpaceX,Cape Canaveral,Falcon 9,Communications
Starlink-1850 ,USA,Commercial,Communications,LEO,Non-Polar Inclined,0.0,260,2020-11-24,SpaceX,Cape Canaveral,Falcon 9,Communications
Starlink-1851 ,USA,Commercial,Communications,LEO,Non-Polar Inclined,0.0,260,2020-10-24,SpaceX,Cape Canaveral,Falcon 9,Communications
Starlink-1852 ,USA,Commercial,Communications,LEO,Non-Polar Inclined,0.0,260,2020-11-24,SpaceX,Cape Canaveral,Falcon 9,Communications
Starlink-1854 ,USA,Commercial,Communications,LEO,Non-Polar Inclined,0.0,260,2020-11-24,SpaceX,Cape Canaveral,Falcon 9,Communications
Starlink-1856 ,USA,Commercial,Communications,LEO,Non-Polar Inclined,0.0,260,2020-11-24,SpaceX,Cape Canaveral,Falcon 9,Communications
Starlink-1857 ,USA,Commercial,Communications,LEO,Non-Polar Inclined,0.0,260,2020-11-24,SpaceX,Cape Canaveral,Falcon 9,Communications
Starlink-1860 ,USA,Commercial,Communications,LEO,Non-Polar Inclined,0.0,260,2020-11-24,SpaceX,Cape Canaveral,Falcon 9,Communications
Starlink-1861 ,USA,Commercial,Communications,LEO,Non-Polar Inclined,0.0,260,2020-11-24,SpaceX,Cape Canaveral,Falcon 9,Communications
Starlink-1862 ,USA,Commercial,Communications,LEO,Non-Polar Inclined,0.0,260,2020-11-24,SpaceX,Cape Canaveral,Falcon 9,Communications
Starlink-1863 ,USA,Commercial,Communications,LEO,Non-Polar Inclined,0.0,260,2020-11-24,SpaceX,Cape Canaveral,Falcon 9,Communications
Starlink-1864 ,USA,Commercial,Communications,LEO,Non-Polar Inclined,0.0,260,2020-11-24,SpaceX,Cape Canaveral,Falcon 9,Communications
Starlink-1865 ,USA,Commercial,Communications,LEO,Non-Polar Inclined,0.0,260,2020-10-24,SpaceX,Cape Canaveral,Falcon 9,Communications
Starlink-1866 ,USA,Commercial,Communications,LEO,Non-Polar Inclined,0.0,260,2020-11-24,SpaceX,Cape Canaveral,Falcon 9,Communications
Starlink-1867 ,USA,Commercial,Communications,LEO,Non-Polar Inclined,0.0,260,2020-11-24,SpaceX,Cape Canaveral,Falcon 9,Communications
Starlink-1868 ,USA,Commercial,Communications,LEO,Non-Polar Inclined,0.0,260,2020-11-24,SpaceX,Cape Canaveral,Falcon 9,Communications
Starlink-1869 ,USA,Commercial,Communications,LEO,Non-Polar Inclined,0.0,260,2020-11-24,SpaceX,Cape Canaveral,Falcon 9,Communications
Starlink-1871 ,USA,Commercial,Communications,LEO,Non-Polar Inclined,0.0,260,2020-11-24,SpaceX,Cape Canaveral,Falcon 9,Communications
Starlink-1873 ,USA,Commercial,Communications,LEO,Non-Polar Inclined,0.0,260,2020-11-24,SpaceX,Cape Canaveral,Falcon 9,Communications
Starlink-1876 ,USA,Commercial,Communications,LEO,Non-Polar Inclined,0.0,260,2020-11-24,SpaceX,Cape Canaveral,Falcon 9,Communications
Starlink-1877 ,USA,Commercial,Communications,LEO,Non-Polar Inclined,0.0,260,2020-11-24,SpaceX,Cape Canaveral,Falcon 9,Communications
Starlink-1878 ,USA,Commercial,Communications,LEO,Non-Polar Inclined,0.0,260,2020-11-24,SpaceX,Cape Canaveral,Falcon 9,Communications
Starlink-1879 ,USA,Commercial,Communications,LEO,Non-Polar Inclined,0.0,260,2020-11-24,SpaceX,Cape Canaveral,Falcon 9,Communications
Starlink-1880 ,USA,Commercial,Communications,LEO,Non-Polar Inclined,0.0,260,2020-11-24,SpaceX,Cape Canaveral,Falcon 9,Communications
Starlink-1882 ,USA,Commercial,Communications,LEO,Non-Polar Inclined,0.0,260,2020-10-24,SpaceX,Cape Canaveral,Falcon 9,Communications
Starlink-1883 ,USA,Commercial,Communications,LEO,Non-Polar Inclined,0.0,260,2020-10-24,SpaceX,Cape Canaveral,Falcon 9,Communications
Starlink-1884 ,USA,Commercial,Communications,LEO,Non-Polar Inclined,0.0,260,2020-11-24,SpaceX,Cape Canaveral,Falcon 9,Communications
Starlink-1887 ,USA,Commercial,Communications,LEO,Non-Polar Inclined,0.0,260,2020-11-24,SpaceX,Cape Canaveral,Falcon 9,Communications
Starlink-1888 ,USA,Commercial,Communications,LEO,Non-Polar Inclined,0.0,260,2020-11-24,SpaceX,Cape Canaveral,Falcon 9,Communications
Starlink-1890 ,USA,Commercial,Communications,LEO,Non-Polar Inclined,0.0,260,2020-11-24,SpaceX,Cape Canaveral,Falcon 9,Communications
Starlink-1891 ,USA,Commercial,Communications,LEO,Non-Polar Inclined,0.0,260,2020-11-24,SpaceX,Cape Canaveral,Falcon 9,Communications
Starlink-1892 ,USA,Commercial,Communications,LEO,Non-Polar Inclined,0.0,260,2020-10-24,SpaceX,Cape Canaveral,Falcon 9,Communications
Starlink-1893 ,USA,Commercial,Communications,LEO,Non-Polar Inclined,0.0,260,2020-10-24,SpaceX,Cape Canaveral,Falcon 9,Communications
Starlink-1894 ,USA,Commercial,Communications,LEO,Non-Polar Inclined,0.0,260,2020-10-24,SpaceX,Cape Canaveral,Falcon 9,Communications
Starlink-1895 ,USA,Commercial,Communications,LEO,Non-Polar Inclined,0.0,260,2020-11-24,SpaceX,Cape Canaveral,Falcon 9,Communications
Starlink-1896 ,USA,Commercial,Communications,LEO,Non-Polar Inclined,0.0,260,2020-10-24,SpaceX,Cape Canaveral,Falcon 9,Communications
Starlink-1899 ,USA,Commercial,Communications,LEO,Non-Polar Inclined,0.0,260,2020-10-24,SpaceX,Cape Canaveral,Falcon 9,Communications
Starlink-1903 ,USA,Commercial,Communications,LEO,Non-Polar Inclined,0.0,260,2020-10-24,SpaceX,Cape Canaveral,Falcon 9,Communications
Starlink-1904,USA,Commercial,Communications,LEO,Non-Polar Inclined,0.0,260,2021-05-04,SpaceX,Cape Canaveral,Falcon 9,Communications
Starlink-1905 ,USA,Commercial,Communications,LEO,Non-Polar Inclined,0.0,260,2020-10-24,SpaceX,Cape Canaveral,Falcon 9,Communications
Starlink-1906 ,USA,Commercial,Communications,LEO,Non-Polar Inclined,0.0,260,2020-10-24,SpaceX,Cape Canaveral,Falcon 9,Communications
Starlink-1907 ,USA,Commercial,Communications,LEO,Non-Polar Inclined,0.0,260,2020-11-24,SpaceX,Cape Canaveral,Falcon 9,Communications
Starlink-1908 ,USA,Commercial,Communications,LEO,Non-Polar Inclined,0.0,260,2020-10-24,SpaceX,Cape Canaveral,Falcon 9,Communications
Starlink-1909 ,USA,Commercial,Communications,LEO,Non-Polar Inclined,0.0,260,2021-02-04,SpaceX,Cape Canaveral,Falcon 9,Communications
Starlink-1910 ,USA,Commercial,Communications,LEO,Non-Polar Inclined,0.0,260,2020-10-24,SpaceX,Cape Canaveral,Falcon 9,Communications
Starlink-1911 ,USA,Commercial,Communications,LEO,Non-Polar Inclined,0.0,260,2020-10-24,SpaceX,Cape Canaveral,Falcon 9,Communications
Starlink-1912 ,USA,Commercial,Communications,LEO,Non-Polar Inclined,0.0,260,2020-11-24,SpaceX,Cape Canaveral,Falcon 9,Communications
Starlink-1913 ,USA,Commercial,Communications,LEO,Non-Polar Inclined,0.0,260,2020-11-24,SpaceX,Cape Canaveral,Falcon 9,Communications
Starlink-1916 ,USA,Commercial,Communications,LEO,Non-Polar Inclined,0.0,260,2020-10-24,SpaceX,Cape Canaveral,Falcon 9,Communications
Starlink-1917 ,USA,Commercial,Communications,LEO,Non-Polar Inclined,0.0,260,2020-10-24,SpaceX,Cape Canaveral,Falcon 9,Communications
Starlink-1918 ,USA,Commercial,Communications,LEO,Non-Polar Inclined,0.0,260,2020-10-24,SpaceX,Cape Canaveral,Falcon 9,Communications
Starlink-1920 ,USA,Commercial,Communications,LEO,Non-Polar Inclined,0.0,260,2020-10-24,SpaceX,Cape Canaveral,Falcon 9,Communications
Starlink-1921 ,USA,Commercial,Communications,LEO,Non-Polar Inclined,0.0,260,2020-10-24,SpaceX,Cape Canaveral,Falcon 9,Communications
Starlink-1922 ,USA,Commercial,Communications,LEO,Non-Polar Inclined,0.0,260,2020-10-24,SpaceX,Cape Canaveral,Falcon 9,Communications
Starlink-1923 ,USA,Commercial,Communications,LEO,Non-Polar Inclined,0.0,260,2020-10-24,SpaceX,Cape Canaveral,Falcon 9,Communications
Starlink-1924 ,USA,Commercial,Communications,LEO,Non-Polar Inclined,0.0,260,2020-10-24,SpaceX,Cape Canaveral,Falcon 9,Communications
Starlink-1925 ,USA,Commercial,Communications,LEO,Non-Polar Inclined,0.0,260,2020-10-24,SpaceX,Cape Canaveral,Falcon 9,Communications
Starlink-1926 ,USA,Commercial,Communications,LEO,Non-Polar Inclined,0.0,260,2020-10-24,SpaceX,Cape Canaveral,Falcon 9,Communications
Starlink-1927 ,USA,Commercial,Communications,LEO,Non-Polar Inclined,0.0,260,2020-11-24,SpaceX,Cape Canaveral,Falcon 9,Communications
Starlink-1928 ,USA,Commercial,Communications,LEO,Non-Polar Inclined,0.0,260,2020-10-24,SpaceX,Cape Canaveral,Falcon 9,Communications
Starlink-1929 ,USA,Commercial,Communications,LEO,Non-Polar Inclined,0.0,260,2020-10-24,SpaceX,Cape Canaveral,Falcon 9,Communications
Starlink-1930 ,USA,Commercial,Communications,LEO,Non-Polar Inclined,0.0,260,2020-10-24,SpaceX,Cape Canaveral,Falcon 9,Communications
Starlink-1931 ,USA,Commercial,Communications,LEO,Non-Polar Inclined,0.0,260,2020-10-24,SpaceX,Cape Canaveral,Falcon 9,Communications
Starlink-1932 ,USA,Commercial,Communications,LEO,Non-Polar Inclined,0.0,260,2020-10-24,SpaceX,Cape Canaveral,Falcon 9,Communications
Starlink-1933 ,USA,Commercial,Communications,LEO,Non-Polar Inclined,0.0,260,2020-10-24,SpaceX,Cape Canaveral,Falcon 9,Communications
Starlink-1934 ,USA,Commercial,Communications,LEO,Non-Polar Inclined,0.0,260,2020-10-24,SpaceX,Cape Canaveral,Falcon 9,Communications
Starlink-1936 ,USA,Commercial,Communications,LEO,Non-Polar Inclined,0.0,260,2020-10-24,SpaceX,Cape Canaveral,Falcon 9,Communications
Starlink-1938 ,USA,Commercial,Communications,LEO,Non-Polar Inclined,0.0,260,2021-02-04,SpaceX,Cape Canaveral,Falcon 9,Communications
Starlink-1940 ,USA,Commercial,Communications,LEO,Non-Polar Inclined,0.0,260,2021-02-04,SpaceX,Cape Canaveral,Falcon 9,Communications
Starlink-1941 ,USA,Commercial,Communications,LEO,Non-Polar Inclined,0.0,260,2020-10-24,SpaceX,Cape Canaveral,Falcon 9,Communications
Starlink-1942 ,USA,Commercial,Communications,LEO,Non-Polar Inclined,0.0,260,2020-10-24,SpaceX,Cape Canaveral,Falcon 9,Communications
Starlink-1943 ,USA,Commercial,Communications,LEO,Non-Polar Inclined,0.0,260,2020-10-24,SpaceX,Cape Canaveral,Falcon 9,Communications
Starlink-1944 ,USA,Commercial,Communications,LEO,Non-Polar Inclined,0.0,260,2020-10-24,SpaceX,Cape Canaveral,Falcon 9,Communications
Starlink-1948 ,USA,Commercial,Communications,LEO,Non-Polar Inclined,0.0,260,2020-10-24,SpaceX,Cape Canaveral,Falcon 9,Communications
Starlink-1953 ,USA,Commercial,Communications,LEO,Non-Polar Inclined,0.0,260,2021-02-04,SpaceX,Cape Canaveral,Falcon 9,Communications
Starlink-1954 ,USA,Commercial,Communications,LEO,Non-Polar Inclined,0.0,260,2021-02-04,SpaceX,Cape Canaveral,Falcon 9,Communications
Starlink-1955 ,USA,Commercial,Communications,LEO,Non-Polar Inclined,0.0,260,2021-02-04,SpaceX,Cape Canaveral,Falcon 9,Communications
Starlink-1956 ,USA,Commercial,Communications,LEO,Non-Polar Inclined,0.0,260,2021-02-04,SpaceX,Cape Canaveral,Falcon 9,Communications
Starlink-1957 ,USA,Commercial,Communications,LEO,Non-Polar Inclined,0.0,260,2021-02-04,SpaceX,Cape Canaveral,Falcon 9,Communications
Starlink-1958 ,USA,Commercial,Communications,LEO,Non-Polar Inclined,0.0,260,2021-02-04,SpaceX,Cape Canaveral,Falcon 9,Communications
Starlink-1959 ,USA,Commercial,Communications,LEO,Non-Polar Inclined,0.0,260,2021-02-04,SpaceX,Cape Canaveral,Falcon 9,Communications
Starlink-1960 ,USA,Commercial,Communications,LEO,Non-Polar Inclined,0.0,260,2021-02-04,SpaceX,Cape Canaveral,Falcon 9,Communications
Starlink-1961 ,USA,Commercial,Communications,LEO,Non-Polar Inclined,0.0,260,2021-02-04,SpaceX,Cape Canaveral,Falcon 9,Communications
Starlink-1962 ,USA,Commercial,Communications,LEO,Non-Polar Inclined,0.0,260,2021-02-04,SpaceX,Cape Canaveral,Falcon 9,Communications
Starlink-1963 ,USA,Commercial,Communications,LEO,Non-Polar Inclined,0.0,260,2021-02-04,SpaceX,Cape Canaveral,Falcon 9,Communications
Starlink-1964 ,USA,Commercial,Communications,LEO,Non-Polar Inclined,0.0,260,2021-02-04,SpaceX,Cape Canaveral,Falcon 9,Communications
Starlink-1965 ,USA,Commercial,Communications,LEO,Non-Polar Inclined,0.0,260,2021-02-04,SpaceX,Cape Canaveral,Falcon 9,Communications
Starlink-1966 ,USA,Commercial,Communications,LEO,Non-Polar Inclined,0.0,260,2021-02-04,SpaceX,Cape Canaveral,Falcon 9,Communications
Starlink-1967 ,USA,Commercial,Communications,LEO,Non-Polar Inclined,0.0,260,2021-02-04,SpaceX,Cape Canaveral,Falcon 9,Communications
Starlink-1969 ,USA,Commercial,Communications,LEO,Non-Polar Inclined,0.0,260,2021-02-04,SpaceX,Cape Canaveral,Falcon 9,Communications
Starlink-1970 ,USA,Commercial,Communications,LEO,Non-Polar Inclined,0.0,260,2021-02-04,SpaceX,Cape Canaveral,Falcon 9,Communications
Starlink-1971,USA,Commercial,Communications,LEO,Non-Polar Inclined,0.0,260,2021-02-04,SpaceX,Cape Canaveral,Falcon 9,Communications
Starlink-1972 ,USA,Commercial,Communications,LEO,Non-Polar Inclined,0.0,260,2021-02-15,SpaceX,Cape Canaveral,Falcon 9,Communications
Starlink-1973 ,USA,Commercial,Communications,LEO,Non-Polar Inclined,0.0,260,2021-02-15,SpaceX,Cape Canaveral,Falcon 9,Communications
Starlink-1974 ,USA,Commercial,Communications,LEO,Non-Polar Inclined,0.0,260,2021-02-15,SpaceX,Cape Canaveral,Falcon 9,Communications
Starlink-1975,USA,Commercial,Communications,LEO,Non-Polar Inclined,0.0,260,2021-02-04,SpaceX,Cape Canaveral,Falcon 9,Communications
Starlink-1976 ,USA,Commercial,Communications,LEO,Non-Polar Inclined,0.0,260,2021-02-04,SpaceX,Cape Canaveral,Falcon 9,Communications
Starlink-1977 ,USA,Commercial,Communications,LEO,Non-Polar Inclined,0.0,260,2021-02-04,SpaceX,Cape Canaveral,Falcon 9,Communications
Starlink-1978 ,USA,Commercial,Communications,LEO,Non-Polar Inclined,0.0,260,2021-02-04,SpaceX,Cape Canaveral,Falcon 9,Communications
Starlink-1979 ,USA,Commercial,Communications,LEO,Non-Polar Inclined,0.0,260,2021-02-04,SpaceX,Cape Canaveral,Falcon 9,Communications
Starlink-1980 ,USA,Commercial,Communications,LEO,Non-Polar Inclined,0.0,260,2021-02-04,SpaceX,Cape Canaveral,Falcon 9,Communications
Starlink-1981 ,USA,Commercial,Communications,LEO,Non-Polar Inclined,0.0,260,2021-02-04,SpaceX,Cape Canaveral,Falcon 9,Communications
Starlink-1982 ,USA,Commercial,Communications,LEO,Non-Polar Inclined,0.0,260,2021-02-04,SpaceX,Cape Canaveral,Falcon 9,Communications
Starlink-1983 ,USA,Commercial,Communications,LEO,Non-Polar Inclined,0.0,260,2021-02-15,SpaceX,Cape Canaveral,Falcon 9,Communications
Starlink-1984 ,USA,Commercial,Communications,LEO,Non-Polar Inclined,0.0,260,2021-02-04,SpaceX,Cape Canaveral,Falcon 9,Communications
Starlink-1986 ,USA,Commercial,Communications,LEO,Non-Polar Inclined,0.0,260,2021-02-04,SpaceX,Cape Canaveral,Falcon 9,Communications
Starlink-1987 ,USA,Commercial,Communications,LEO,Non-Polar Inclined,0.0,260,2021-02-04,SpaceX,Cape Canaveral,Falcon 9,Communications
Starlink-1989 ,USA,Commercial,Communications,LEO,Non-Polar Inclined,0.0,260,2021-02-04,SpaceX,Cape Canaveral,Falcon 9,Communications
Starlink-1990 ,USA,Commercial,Communications,LEO,Non-Polar Inclined,0.0,260,2021-02-04,SpaceX,Cape Canaveral,Falcon 9,Communications
Starlink-1991 ,USA,Commercial,Communications,LEO,Non-Polar Inclined,0.0,260,2021-02-04,SpaceX,Cape Canaveral,Falcon 9,Communications
Starlink-1992 ,USA,Commercial,Communications,LEO,Non-Polar Inclined,0.0,260,2021-02-15,SpaceX,Cape Canaveral,Falcon 9,Communications
Starlink-1993 ,USA,Commercial,Communications,LEO,Non-Polar Inclined,0.0,260,2021-02-04,SpaceX,Cape Canaveral,Falcon 9,Communications
Starlink-1994 ,USA,Commercial,Communications,LEO,Non-Polar Inclined,0.0,260,2021-02-04,SpaceX,Cape Canaveral,Falcon 9,Communications
Starlink-1995 ,USA,Commercial,Communications,LEO,Non-Polar Inclined,0.0,260,2021-02-04,SpaceX,Cape Canaveral,Falcon 9,Communications
Starlink-1996 ,USA,Commercial,Communications,LEO,Non-Polar Inclined,0.0,260,2021-02-04,SpaceX,Cape Canaveral,Falcon 9,Communications
Starlink-1997 ,USA,Commercial,Communications,LEO,Non-Polar Inclined,0.0,260,2021-02-04,SpaceX,Cape Canaveral,Falcon 9,Communications
Starlink-1998 ,USA,Commercial,Communications,LEO,Non-Polar Inclined,0.0,260,2021-02-04,SpaceX,Cape Canaveral,Falcon 9,Communications
Starlink-1999 ,USA,Commercial,Communications,LEO,Non-Polar Inclined,0.0,260,2021-02-04,SpaceX,Cape Canaveral,Falcon 9,Communications
Starlink-2000 ,USA,Commercial,Communications,LEO,Non-Polar Inclined,0.0,260,2021-02-04,SpaceX,Cape Canaveral,Falcon 9,Communications
Starlink-2001 ,USA,Commercial,Communications,LEO,Non-Polar Inclined,0.0,260,2021-02-04,SpaceX,Cape Canaveral,Falcon 9,Communications
Starlink-2002 ,USA,Commercial,Communications,LEO,Non-Polar Inclined,0.0,260,2021-02-04,SpaceX,Cape Canaveral,Falcon 9,Communications
Starlink-2003 ,USA,Commercial,Communications,LEO,Non-Polar Inclined,0.0,260,2021-02-04,SpaceX,Cape Canaveral,Falcon 9,Communications
Starlink-2004 ,USA,Commercial,Communications,LEO,Non-Polar Inclined,0.0,260,2021-02-04,SpaceX,Cape Canaveral,Falcon 9,Communications
Starlink-2005 ,USA,Commercial,Communications,LEO,Non-Polar Inclined,0.0,260,2021-02-04,SpaceX,Cape Canaveral,Falcon 9,Communications
Starlink-2006 ,USA,Commercial,Communications,LEO,Non-Polar Inclined,0.0,260,2021-02-04,SpaceX,Cape Canaveral,Falcon 9,Communications
Starlink-2007 ,USA,Commercial,Communications,LEO,Non-Polar Inclined,0.0,260,2021-02-04,SpaceX,Cape Canaveral,Falcon 9,Communications
Starlink-2008 ,USA,Commercial,Communications,LEO,Non-Polar Inclined,0.0,260,2021-02-04,SpaceX,Cape Canaveral,Falcon 9,Communications
Starlink-2009 ,USA,Commercial,Communications,LEO,Non-Polar Inclined,0.0,260,2021-02-15,SpaceX,Cape Canaveral,Falcon 9,Communications
Starlink-2010 ,USA,Commercial,Communications,LEO,Non-Polar Inclined,0.0,260,2021-02-15,SpaceX,Cape Canaveral,Falcon 9,Communications
Starlink-2011 ,USA,Commercial,Communications,LEO,Non-Polar Inclined,0.0,260,2021-01-20,SpaceX,Cape Canaveral,Falcon 9,Communications
Starlink-2012 ,USA,Commercial,Communications,LEO,Non-Polar Inclined,0.0,260,2021-02-15,SpaceX,Cape Canaveral,Falcon 9,Communications
Starlink-2013 ,USA,Commercial,Communications,LEO,Non-Polar Inclined,0.0,260,2021-02-15,SpaceX,Cape Canaveral,Falcon 9,Communications
Starlink-2014 ,USA,Commercial,Communications,LEO,Non-Polar Inclined,0.0,260,2021-02-15,SpaceX,Cape Canaveral,Falcon 9,Communications
Starlink-2015 ,USA,Commercial,Communications,LEO,Non-Polar Inclined,0.0,260,2021-02-15,SpaceX,Cape Canaveral,Falcon 9,Communications
Starlink-2016 ,USA,Commercial,Communications,LEO,Non-Polar Inclined,0.0,260,2021-02-15,SpaceX,Cape Canaveral,Falcon 9,Communications
Starlink-2017 ,USA,Commercial,Communications,LEO,Non-Polar Inclined,0.0,260,2021-01-20,SpaceX,Cape Canaveral,Falcon 9,Communications
Starlink-2018 ,USA,Commercial,Communications,LEO,Non-Polar Inclined,0.0,260,2021-02-15,SpaceX,Cape Canaveral,Falcon 9,Communications
Starlink-2019 ,USA,Commercial,Communications,LEO,Non-Polar Inclined,0.0,260,2021-02-15,SpaceX,Cape Canaveral,Falcon 9,Communications
Starlink-2020 ,USA,Commercial,Communications,LEO,Non-Polar Inclined,0.0,260,2021-02-15,SpaceX,Cape Canaveral,Falcon 9,Communications
Starlink-2021 ,USA,Commercial,Communications,LEO,Non-Polar Inclined,0.0,260,2021-02-04,SpaceX,Cape Canaveral,Falcon 9,Communications
Starlink-2022 ,USA,Commercial,Communications,LEO,Non-Polar Inclined,0.0,260,2021-02-15,SpaceX,Cape Canaveral,Falcon 9,Communications
Starlink-2024 ,USA,Commercial,Communications,LEO,Non-Polar Inclined,0.0,260,2021-02-04,SpaceX,Cape Canaveral,Falcon 9,Communications
Starlink-2025 ,USA,Commercial,Communications,LEO,Non-Polar Inclined,0.0,260,2021-02-04,SpaceX,Cape Canaveral,Falcon 9,Communications
Starlink-2026 ,USA,Commercial,Communications,LEO,Non-Polar Inclined,0.0,260,2021-02-15,SpaceX,Cape Canaveral,Falcon 9,Communications
Starlink-2027 ,USA,Commercial,Communications,LEO,Non-Polar Inclined,0.0,260,2021-02-15,SpaceX,Cape Canaveral,Falcon 9,Communications
Starlink-2028 ,USA,Commercial,Communications,LEO,Non-Polar Inclined,0.0,260,2021-02-15,SpaceX,Cape Canaveral,Falcon 9,Communications
Starlink-2029 ,USA,Commercial,Communications,LEO,Non-Polar Inclined,0.0,260,2021-04-28,SpaceX,Cape Canaveral,Falcon 9,Communications
Starlink-2030 ,USA,Commercial,Communications,LEO,Non-Polar Inclined,0.0,260,2021-02-15,SpaceX,Cape Canaveral,Falcon 9,Communications
Starlink-2031 ,USA,Commercial,Communications,LEO,Non-Polar Inclined,0.0,260,2021-02-15,SpaceX,Cape Canaveral,Falcon 9,Communications
Starlink-2032 ,USA,Commercial,Communications,LEO,Non-Polar Inclined,0.0,260,2021-02-15,SpaceX,Cape Canaveral,Falcon 9,Communications
Starlink-2033 ,USA,Commercial,Communications,LEO,Non-Polar Inclined,0.0,260,2021-02-15,SpaceX,Cape Canaveral,Falcon 9,Communications
Starlink-2034 ,USA,Commercial,Communications,LEO,Non-Polar Inclined,0.0,260,2021-01-20,SpaceX,Cape Canaveral,Falcon 9,Communications
Starlink-2035 ,USA,Commercial,Communications,LEO,Non-Polar Inclined,0.0,260,2021-02-15,SpaceX,Cape Canaveral,Falcon 9,Communications
Starlink-2036 ,USA,Commercial,Communications,LEO,Non-Polar Inclined,0.0,260,2021-02-15,SpaceX,Cape Canaveral,Falcon 9,Communications
Starlink-2037 ,USA,Commercial,Communications,LEO,Non-Polar Inclined,0.0,260,2021-02-15,SpaceX,Cape Canaveral,Falcon 9,Communications
Starlink-2038 ,USA,Commercial,Communications,LEO,Non-Polar Inclined,0.0,260,2021-02-15,SpaceX,Cape Canaveral,Falcon 9,Communications
Starlink-2039 ,USA,Commercial,Communications,LEO,Non-Polar Inclined,0.0,260,2021-02-15,SpaceX,Cape Canaveral,Falcon 9,Communications
Starlink-2040 ,USA,Commercial,Communications,LEO,Non-Polar Inclined,0.0,260,2021-02-15,SpaceX,Cape Canaveral,Falcon 9,Communications
Starlink-2041 ,USA,Commercial,Communications,LEO,Non-Polar Inclined,0.0,260,2021-02-15,SpaceX,Cape Canaveral,Falcon 9,Communications
Starlink-2042 ,USA,Commercial,Communications,LEO,Non-Polar Inclined,0.0,260,2021-02-15,SpaceX,Cape Canaveral,Falcon 9,Communications
Starlink-2043 ,USA,Commercial,Communications,LEO,Non-Polar Inclined,0.0,260,2021-02-15,SpaceX,Cape Canaveral,Falcon 9,Communications
Starlink-2044 ,USA,Commercial,Communications,LEO,Non-Polar Inclined,0.0,260,2021-02-15,SpaceX,Cape Canaveral,Falcon 9,Communications
Starlink-2045 ,USA,Commercial,Communications,LEO,Non-Polar Inclined,0.0,260,2021-01-20,SpaceX,Cape Canaveral,Falcon 9,Communications
Starlink-2046 ,USA,Commercial,Communications,LEO,Non-Polar Inclined,0.0,260,2021-01-20,SpaceX,Cape Canaveral,Falcon 9,Communications
Starlink-2047 ,USA,Commercial,Communications,LEO,Non-Polar Inclined,0.0,260,2021-01-20,SpaceX,Cape Canaveral,Falcon 9,Communications
Starlink-2048 ,USA,Commercial,Communications,LEO,Non-Polar Inclined,0.0,260,2021-04-07,SpaceX,Cape Canaveral,Falcon 9,Communications
Starlink-2049 ,USA,Commercial,Communications,LEO,Non-Polar Inclined,0.0,260,2021-01-20,SpaceX,Cape Canaveral,Falcon 9,Communications
Starlink-2050 ,USA,Commercial,Communications,LEO,Non-Polar Inclined,0.0,260,2021-01-20,SpaceX,Cape Canaveral,Falcon 9,Communications
Starlink-2051 ,USA,Commercial,Communications,LEO,Non-Polar Inclined,0.0,260,2021-02-15,SpaceX,Cape Canaveral,Falcon 9,Communications
Starlink-2052 ,USA,Commercial,Communications,LEO,Non-Polar Inclined,0.0,260,2021-02-15,SpaceX,Cape Canaveral,Falcon 9,Communications
Starlink-2053 ,USA,Commercial,Communications,LEO,Non-Polar Inclined,0.0,260,2021-02-15,SpaceX,Cape Canaveral,Falcon 9,Communications
Starlink-2054 ,USA,Commercial,Communications,LEO,Non-Polar Inclined,0.0,260,2021-02-15,SpaceX,Cape Canaveral,Falcon 9,Communications
Starlink-2055 ,USA,Commercial,Communications,LEO,Non-Polar Inclined,0.0,260,2021-01-20,SpaceX,Cape Canaveral,Falcon 9,Communications
Starlink-2056 ,USA,Commercial,Communications,LEO,Non-Polar Inclined,0.0,260,2021-02-15,SpaceX,Cape Canaveral,Falcon 9,Communications
Starlink-2057 ,USA,Commercial,Communications,LEO,Non-Polar Inclined,0.0,260,2021-02-15,SpaceX,Cape Canaveral,Falcon 9,Communications
Starlink-2058 ,USA,Commercial,Communications,LEO,Non-Polar Inclined,0.0,260,2021-02-15,SpaceX,Cape Canaveral,Falcon 9,Communications
Starlink-2059 ,USA,Commercial,Communications,LEO,Non-Polar Inclined,0.0,260,2021-02-15,SpaceX,Cape Canaveral,Falcon 9,Communications
Starlink-2060 ,USA,Commercial,Communications,LEO,Non-Polar Inclined,0.0,260,2021-02-15,SpaceX,Cape Canaveral,Falcon 9,Communications
Starlink-2061 ,USA,Commercial,Communications,LEO,Non-Polar Inclined,0.0,260,2021-04-28,SpaceX,Cape Canaveral,Falcon 9,Communications
Starlink-2062 ,USA,Commercial,Communications,LEO,Non-Polar Inclined,0.0,260,2021-02-15,SpaceX,Cape Canaveral,Falcon 9,Communications
Starlink-2063,USA,Commercial,Communications,LEO,Non-Polar Inclined,0.0,260,2021-05-15,SpaceX,Cape Canaveral,Falcon 9,Communications
Starlink-2064 ,USA,Commercial,Communications,LEO,Non-Polar Inclined,0.0,260,2021-02-15,SpaceX,Cape Canaveral,Falcon 9,Communications
Starlink-2065 ,USA,Commercial,Communications,LEO,Non-Polar Inclined,0.0,260,2021-02-15,SpaceX,Cape Canaveral,Falcon 9,Communications
Starlink-2066 ,USA,Commercial,Communications,LEO,Non-Polar Inclined,0.0,260,2021-02-15,SpaceX,Cape Canaveral,Falcon 9,Communications
Starlink-2067 ,USA,Commercial,Communications,LEO,Non-Polar Inclined,0.0,260,2021-02-15,SpaceX,Cape Canaveral,Falcon 9,Communications
Starlink-2068 ,USA,Commercial,Communications,LEO,Non-Polar Inclined,0.0,260,2021-03-04,SpaceX,Cape Canaveral,Falcon 9,Communications
Starlink-2069 ,USA,Commercial,Communications,LEO,Non-Polar Inclined,0.0,260,2021-01-20,SpaceX,Cape Canaveral,Falcon 9,Communications
Starlink-2070 ,USA,Commercial,Communications,LEO,Non-Polar Inclined,0.0,260,2021-01-20,SpaceX,Cape Canaveral,Falcon 9,Communications
Starlink-2071 ,USA,Commercial,Communications,LEO,Non-Polar Inclined,0.0,260,2021-01-20,SpaceX,Cape Canaveral,Falcon 9,Communications
Starlink-2076 ,USA,Commercial,Communications,LEO,Non-Polar Inclined,0.0,260,2021-01-20,SpaceX,Cape Canaveral,Falcon 9,Communications
Starlink-2077 ,USA,Commercial,Communications,LEO,Non-Polar Inclined,0.0,260,2021-01-20,SpaceX,Cape Canaveral,Falcon 9,Communications
Starlink-2078 ,USA,Commercial,Communications,LEO,Non-Polar Inclined,0.0,260,2021-02-15,SpaceX,Cape Canaveral,Falcon 9,Communications
Starlink-2081 ,USA,Commercial,Communications,LEO,Non-Polar Inclined,0.0,260,2021-01-20,SpaceX,Cape Canaveral,Falcon 9,Communications
Starlink-2082 ,USA,Commercial,Communications,LEO,Non-Polar Inclined,0.0,260,2021-01-20,SpaceX,Cape Canaveral,Falcon 9,Communications
Starlink-2083 ,USA,Commercial,Communications,LEO,Non-Polar Inclined,0.0,260,2021-02-15,SpaceX,Cape Canaveral,Falcon 9,Communications
Starlink-2084 ,USA,Commercial,Communications,LEO,Non-Polar Inclined,0.0,260,2021-01-20,SpaceX,Cape Canaveral,Falcon 9,Communications
Starlink-2085 ,USA,Commercial,Communications,LEO,Non-Polar Inclined,0.0,260,2021-01-20,SpaceX,Cape Canaveral,Falcon 9,Communications
Starlink-2086 ,USA,Commercial,Communications,LEO,Non-Polar Inclined,0.0,260,2021-01-20,SpaceX,Cape Canaveral,Falcon 9,Communications
Starlink-2087,USA,Commercial,Communications,LEO,Non-Polar Inclined,0.0,260,2021-03-24,SpaceX,Cape Canaveral,Falcon 9,Communications
Starlink-2088 ,USA,Commercial,Communications,LEO,Non-Polar Inclined,0.0,260,2021-01-20,SpaceX,Cape Canaveral,Falcon 9,Communications
Starlink-2089 ,USA,Commercial,Communications,LEO,Non-Polar Inclined,0.0,260,2021-01-20,SpaceX,Cape Canaveral,Falcon 9,Communications
Starlink-2090 ,USA,Commercial,Communications,LEO,Non-Polar Inclined,0.0,260,2021-02-15,SpaceX,Cape Canaveral,Falcon 9,Communications
Starlink-2092 ,USA,Commercial,Communications,LEO,Non-Polar Inclined,0.0,260,2021-01-20,SpaceX,Cape Canaveral,Falcon 9,Communications
Starlink-2093 ,USA,Commercial,Communications,LEO,Non-Polar Inclined,0.0,260,2021-01-20,SpaceX,Cape Canaveral,Falcon 9,Communications
Starlink-2094 ,USA,Commercial,Communications,LEO,Non-Polar Inclined,0.0,260,2021-01-20,SpaceX,Cape Canaveral,Falcon 9,Communications
Starlink-2095 ,USA,Commercial,Communications,LEO,Non-Polar Inclined,0.0,260,2021-02-15,SpaceX,Cape Canaveral,Falcon 9,Communications
Starlink-2096 ,USA,Commercial,Communications,LEO,Non-Polar Inclined,0.0,260,2021-01-20,SpaceX,Cape Canaveral,Falcon 9,Communications
Starlink-2097 ,USA,Commercial,Communications,LEO,Non-Polar Inclined,0.0,260,2021-01-20,SpaceX,Cape Canaveral,Falcon 9,Communications
Starlink-2098 ,USA,Commercial,Communications,LEO,Non-Polar Inclined,0.0,260,2021-01-20,SpaceX,Cape Canaveral,Falcon 9,Communications
Starlink-2099 ,USA,Commercial,Communications,LEO,Non-Polar Inclined,0.0,260,2021-01-20,SpaceX,Cape Canaveral,Falcon 9,Communications
Starlink-2100 ,USA,Commercial,Communications,LEO,Non-Polar Inclined,0.0,260,2021-01-20,SpaceX,Cape Canaveral,Falcon 9,Communications
Starlink-2101 ,USA,Commercial,Communications,LEO,Non-Polar Inclined,0.0,260,2021-01-20,SpaceX,Cape Canaveral,Falcon 9,Communications
Starlink-2102 ,USA,Commercial,Communications,LEO,Non-Polar Inclined,0.0,260,2021-01-20,SpaceX,Cape Canaveral,Falcon 9,Communications
Starlink-2103 ,USA,Commercial,Communications,LEO,Non-Polar Inclined,0.0,260,2021-01-20,SpaceX,Cape Canaveral,Falcon 9,Communications
Starlink-2104 ,USA,Commercial,Communications,LEO,Non-Polar Inclined,0.0,260,2021-01-20,SpaceX,Cape Canaveral,Falcon 9,Communications
Starlink-2105 ,USA,Commercial,Communications,LEO,Non-Polar Inclined,0.0,260,2021-01-20,SpaceX,Cape Canaveral,Falcon 9,Communications
Starlink-2106 ,USA,Commercial,Communications,LEO,Non-Polar Inclined,0.0,260,2021-01-20,SpaceX,Cape Canaveral,Falcon 9,Communications
Starlink-2107 ,USA,Commercial,Communications,LEO,Non-Polar Inclined,0.0,260,2021-03-04,SpaceX,Cape Canaveral,Falcon 9,Communications
Starlink-2108 ,USA,Commercial,Communications,LEO,Non-Polar Inclined,0.0,260,2021-01-20,SpaceX,Cape Canaveral,Falcon 9,Communications
Starlink-2109 ,USA,Commercial,Communications,LEO,Non-Polar Inclined,0.0,260,2021-01-20,SpaceX,Cape Canaveral,Falcon 9,Communications
Starlink-2110 ,USA,Commercial,Communications,LEO,Non-Polar Inclined,0.0,260,2021-01-20,SpaceX,Cape Canaveral,Falcon 9,Communications
Starlink-2111 ,USA,Commercial,Communications,LEO,Non-Polar Inclined,0.0,260,2021-01-20,SpaceX,Cape Canaveral,Falcon 9,Communications
Starlink-2112 ,USA,Commercial,Communications,LEO,Non-Polar Inclined,0.0,260,2021-01-20,SpaceX,Cape Canaveral,Falcon 9,Communications
Starlink-2113 ,USA,Commercial,Communications,LEO,Non-Polar Inclined,0.0,260,2021-01-20,SpaceX,Cape Canaveral,Falcon 9,Communications
Starlink-2114 ,USA,Commercial,Communications,LEO,Non-Polar Inclined,0.0,260,2021-01-20,SpaceX,Cape Canaveral,Falcon 9,Communications
Starlink-2115 ,USA,Commercial,Communications,LEO,Non-Polar Inclined,0.0,260,2021-01-20,SpaceX,Cape Canaveral,Falcon 9,Communications
Starlink-2116 ,USA,Commercial,Communications,LEO,Non-Polar Inclined,0.0,260,2021-03-04,SpaceX,Cape Canaveral,Falcon 9,Communications
Starlink-2117 ,USA,Commercial,Communications,LEO,Non-Polar Inclined,0.0,260,2021-01-20,SpaceX,Cape Canaveral,Falcon 9,Communications
Starlink-2118 ,USA,Commercial,Communications,LEO,Non-Polar Inclined,0.0,260,2021-01-20,SpaceX,Cape Canaveral,Falcon 9,Communications
Starlink-2119 ,USA,Commercial,Communications,LEO,Non-Polar Inclined,0.0,260,2021-01-20,SpaceX,Cape Canaveral,Falcon 9,Communications
Starlink-2120 ,USA,Commercial,Communications,LEO,Non-Polar Inclined,0.0,260,2021-01-20,SpaceX,Cape Canaveral,Falcon 9,Communications
Starlink-2121 ,USA,Commercial,Communications,LEO,Non-Polar Inclined,0.0,260,2021-01-20,SpaceX,Cape Canaveral,Falcon 9,Communications
Starlink-2122 ,USA,Commercial,Communications,LEO,Non-Polar Inclined,0.0,260,2021-01-20,SpaceX,Cape Canaveral,Falcon 9,Communications
Starlink-2123 ,USA,Commercial,Communications,LEO,Non-Polar Inclined,0.0,260,2021-01-20,SpaceX,Cape Canaveral,Falcon 9,Communications
Starlink-2124 ,USA,Commercial,Communications,LEO,Non-Polar Inclined,0.0,260,2021-01-20,SpaceX,Cape Canaveral,Falcon 9,Communications
Starlink-2125 ,USA,Commercial,Communications,LEO,Non-Polar Inclined,0.0,260,2021-03-04,SpaceX,Cape Canaveral,Falcon 9,Communications
Starlink-2126 ,USA,Commercial,Communications,LEO,Non-Polar Inclined,0.0,260,2021-03-04,SpaceX,Cape Canaveral,Falcon 9,Communications
Starlink-2127 ,USA,Commercial,Communications,LEO,Non-Polar Inclined,0.0,260,2021-01-20,SpaceX,Cape Canaveral,Falcon 9,Communications
Starlink-2128 ,USA,Commercial,Communications,LEO,Non-Polar Inclined,0.0,260,2021-01-20,SpaceX,Cape Canaveral,Falcon 9,Communications
Starlink-2129 ,USA,Commercial,Communications,LEO,Non-Polar Inclined,0.0,260,2021-03-04,SpaceX,Cape Canaveral,Falcon 9,Communications
Starlink-2130 ,USA,Commercial,Communications,LEO,Non-Polar Inclined,0.0,260,2021-01-20,SpaceX,Cape Canaveral,Falcon 9,Communications
Starlink-2131 ,USA,Commercial,Communications,LEO,Non-Polar Inclined,0.0,260,2021-03-04,SpaceX,Cape Canaveral,Falcon 9,Communications
Starlink-2132 ,USA,Commercial,Communications,LEO,Non-Polar Inclined,0.0,260,2021-03-04,SpaceX,Cape Canaveral,Falcon 9,Communications
Starlink-2133 ,USA,Commercial,Communications,LEO,Non-Polar Inclined,0.0,260,2021-01-20,SpaceX,Cape Canaveral,Falcon 9,Communications
Starlink-2134 ,USA,Commercial,Communications,LEO,Non-Polar Inclined,0.0,260,2021-01-20,SpaceX,Cape Canaveral,Falcon 9,Communications
Starlink-2135 ,USA,Commercial,Communications,LEO,Non-Polar Inclined,0.0,260,2021-01-20,SpaceX,Cape Canaveral,Falcon 9,Communications
Starlink-2139,USA,Commercial,Communications,LEO,Non-Polar Inclined,0.0,260,2021-05-15,SpaceX,Cape Canaveral,Falcon 9,Communications
Starlink-2140 ,USA,Commercial,Communications,LEO,Non-Polar Inclined,0.0,260,2021-03-04,SpaceX,Cape Canaveral,Falcon 9,Communications
Starlink-2141 ,USA,Commercial,Communications,LEO,Non-Polar Inclined,0.0,260,2021-03-04,SpaceX,Cape Canaveral,Falcon 9,Communications
Starlink-2142 ,USA,Commercial,Communications,LEO,Non-Polar Inclined,0.0,260,2021-03-04,SpaceX,Cape Canaveral,Falcon 9,Communications
Starlink-2143 ,USA,Commercial,Communications,LEO,Non-Polar Inclined,0.0,260,2021-03-04,SpaceX,Cape Canaveral,Falcon 9,Communications
Starlink-2144 ,USA,Commercial,Communications,LEO,Non-Polar Inclined,0.0,260,2021-03-04,SpaceX,Cape Canaveral,Falcon 9,Communications
Starlink-2145,USA,Commercial,Communications,LEO,Non-Polar Inclined,0.0,260,2021-05-15,SpaceX,Cape Canaveral,Falcon 9,Communications
Starlink-2146 ,USA,Commercial,Communications,LEO,Non-Polar Inclined,0.0,260,2021-03-04,SpaceX,Cape Canaveral,Falcon 9,Communications
Starlink-2147 ,USA,Commercial,Communications,LEO,Non-Polar Inclined,0.0,260,2021-03-04,SpaceX,Cape Canaveral,Falcon 9,Communications
Starlink-2148 ,USA,Commercial,Communications,LEO,Non-Polar Inclined,0.0,260,2021-03-04,SpaceX,Cape Canaveral,Falcon 9,Communications
Starlink-2149 ,USA,Commercial,Communications,LEO,Non-Polar Inclined,0.0,260,2021-03-04,SpaceX,Cape Canaveral,Falcon 9,Communications
Starlink-2150 ,USA,Commercial,Communications,LEO,Non-Polar Inclined,0.0,260,2021-03-04,SpaceX,Cape Canaveral,Falcon 9,Communications
Starlink-2151,USA,Commercial,Communications,LEO,Non-Polar Inclined,0.0,260,2021-05-15,SpaceX,Cape Canaveral,Falcon 9,Communications
Starlink-2152 ,USA,Commercial,Communications,LEO,Non-Polar Inclined,0.0,260,2021-03-04,SpaceX,Cape Canaveral,Falcon 9,Communications
Starlink-2153 ,USA,Commercial,Communications,LEO,Non-Polar Inclined,0.0,260,2021-03-24,SpaceX,Cape Canaveral,Falcon 9,Communications
Starlink-2154 ,USA,Commercial,Communications,LEO,Non-Polar Inclined,0.0,260,2021-03-04,SpaceX,Cape Canaveral,Falcon 9,Communications
Starlink-2155,USA,Commercial,Communications,LEO,Non-Polar Inclined,0.0,260,2021-05-15,SpaceX,Cape Canaveral,Falcon 9,Communications
Starlink-2156 ,USA,Commercial,Communications,LEO,Non-Polar Inclined,0.0,260,2021-03-04,SpaceX,Cape Canaveral,Falcon 9,Communications
Starlink-2157 ,USA,Commercial,Communications,LEO,Non-Polar Inclined,0.0,260,2021-03-04,SpaceX,Cape Canaveral,Falcon 9,Communications
Starlink-2158 ,USA,Commercial,Communications,LEO,Non-Polar Inclined,0.0,260,2021-03-04,SpaceX,Cape Canaveral,Falcon 9,Communications
Starlink-2159 ,USA,Commercial,Communications,LEO,Non-Polar Inclined,0.0,260,2021-03-04,SpaceX,Cape Canaveral,Falcon 9,Communications
Starlink-2160 ,USA,Commercial,Communications,LEO,Non-Polar Inclined,0.0,260,2021-03-04,SpaceX,Cape Canaveral,Falcon 9,Communications
Starlink-2161 ,USA,Commercial,Communications,LEO,Non-Polar Inclined,0.0,260,2021-03-04,SpaceX,Cape Canaveral,Falcon 9,Communications
Starlink-2162 ,USA,Commercial,Communications,LEO,Non-Polar Inclined,0.0,260,2021-03-04,SpaceX,Cape Canaveral,Falcon 9,Communications
Starlink-2163 ,USA,Commercial,Communications,LEO,Non-Polar Inclined,0.0,260,2021-03-04,SpaceX,Cape Canaveral,Falcon 9,Communications
Starlink-2164 ,USA,Commercial,Communications,LEO,Non-Polar Inclined,0.0,260,2021-03-04,SpaceX,Cape Canaveral,Falcon 9,Communications
Starlink-2166,USA,Commercial,Communications,LEO,Non-Polar Inclined,0.0,260,2021-05-15,SpaceX,Cape Canaveral,Falcon 9,Communications
Starlink-2167,USA,Commercial,Communications,LEO,Non-Polar Inclined,0.0,260,2021-05-15,SpaceX,Cape Canaveral,Falcon 9,Communications
Starlink-2168 ,USA,Commercial,Communications,LEO,Non-Polar Inclined,0.0,260,2021-03-04,SpaceX,Cape Canaveral,Falcon 9,Communications
Starlink-2169 ,USA,Commercial,Communications,LEO,Non-Polar Inclined,0.0,260,2021-03-04,SpaceX,Cape Canaveral,Falcon 9,Communications
Starlink-2170 ,USA,Commercial,Communications,LEO,Non-Polar Inclined,0.0,260,2021-03-04,SpaceX,Cape Canaveral,Falcon 9,Communications
Starlink-2171 ,USA,Commercial,Communications,LEO,Non-Polar Inclined,0.0,260,2021-03-04,SpaceX,Cape Canaveral,Falcon 9,Communications
Starlink-2174 ,USA,Commercial,Communications,LEO,Non-Polar Inclined,0.0,260,2021-03-04,SpaceX,Cape Canaveral,Falcon 9,Communications
Starlink-2175 ,USA,Commercial,Communications,LEO,Non-Polar Inclined,0.0,260,2021-03-04,SpaceX,Cape Canaveral,Falcon 9,Communications
Starlink-2178 ,USA,Commercial,Communications,LEO,Non-Polar Inclined,0.0,260,2021-03-04,SpaceX,Cape Canaveral,Falcon 9,Communications
Starlink-2179 ,USA,Commercial,Communications,LEO,Non-Polar Inclined,0.0,260,2021-03-04,SpaceX,Cape Canaveral,Falcon 9,Communications
Starlink-2180 ,USA,Commercial,Communications,LEO,Non-Polar Inclined,0.0,260,2021-03-04,SpaceX,Cape Canaveral,Falcon 9,Communications
Starlink-2181 ,USA,Commercial,Communications,LEO,Non-Polar Inclined,0.0,260,2021-03-04,SpaceX,Cape Canaveral,Falcon 9,Communications
Starlink-2182 ,USA,Commercial,Communications,LEO,Non-Polar Inclined,0.0,260,2021-03-04,SpaceX,Cape Canaveral,Falcon 9,Communications
Starlink-2184 ,USA,Commercial,Communications,LEO,Non-Polar Inclined,0.0,260,2021-03-04,SpaceX,Cape Canaveral,Falcon 9,Communications
Starlink-2185 ,USA,Commercial,Communications,LEO,Non-Polar Inclined,0.0,260,2021-03-04,SpaceX,Cape Canaveral,Falcon 9,Communications
Starlink-2186,USA,Commercial,Communications,LEO,Non-Polar Inclined,0.0,260,2021-05-15,SpaceX,Cape Canaveral,Falcon 9,Communications
Starlink-2187,USA,Commercial,Communications,LEO,Non-Polar Inclined,0.0,260,2021-05-15,SpaceX,Cape Canaveral,Falcon 9,Communications
Starlink-2188,USA,Commercial,Communications,LEO,Non-Polar Inclined,0.0,260,2021-05-15,SpaceX,Cape Canaveral,Falcon 9,Communications
Starlink-2189 ,USA,Commercial,Communications,LEO,Non-Polar Inclined,0.0,260,2021-03-04,SpaceX,Cape Canaveral,Falcon 9,Communications
Starlink-2190,USA,Commercial,Communications,LEO,Non-Polar Inclined,0.0,260,2021-05-15,SpaceX,Cape Canaveral,Falcon 9,Communications
Starlink-2191,USA,Commercial,Communications,LEO,Non-Polar Inclined,0.0,260,2021-05-15,SpaceX,Cape Canaveral,Falcon 9,Communications
Starlink-2192 ,USA,Commercial,Communications,LEO,Non-Polar Inclined,0.0,260,2021-03-04,SpaceX,Cape Canaveral,Falcon 9,Communications
Starlink-2193 ,USA,Commercial,Communications,LEO,Non-Polar Inclined,0.0,260,2021-03-04,SpaceX,Cape Canaveral,Falcon 9,Communications
Starlink-2194 ,USA,Commercial,Communications,LEO,Non-Polar Inclined,0.0,260,2021-03-04,SpaceX,Cape Canaveral,Falcon 9,Communications
Starlink-2195 ,USA,Commercial,Communications,LEO,Non-Polar Inclined,0.0,260,2021-03-04,SpaceX,Cape Canaveral,Falcon 9,Communications
Starlink-2196 ,USA,Commercial,Communications,LEO,Non-Polar Inclined,0.0,260,2021-03-04,SpaceX,Cape Canaveral,Falcon 9,Communications
Starlink-2197 ,USA,Commercial,Communications,LEO,Non-Polar Inclined,0.0,260,2021-03-04,SpaceX,Cape Canaveral,Falcon 9,Communications
Starlink-2198 ,USA,Commercial,Communications,LEO,Non-Polar Inclined,0.0,260,2021-03-04,SpaceX,Cape Canaveral,Falcon 9,Communications
Starlink-2209 ,USA,Commercial,Communications,LEO,Non-Polar Inclined,0.0,260,2021-03-04,SpaceX,Cape Canaveral,Falcon 9,Communications
Starlink-2210 ,USA,Commercial,Communications,LEO,Non-Polar Inclined,0.0,260,2021-03-04,SpaceX,Cape Canaveral,Falcon 9,Communications
Starlink-2211 ,USA,Commercial,Communications,LEO,Non-Polar Inclined,0.0,260,2021-03-04,SpaceX,Cape Canaveral,Falcon 9,Communications
Starlink-2212 ,USA,Commercial,Communications,LEO,Non-Polar Inclined,0.0,260,2021-03-04,SpaceX,Cape Canaveral,Falcon 9,Communications
Starlink-2213,USA,Commercial,Communications,LEO,Non-Polar Inclined,0.0,260,2021-05-15,SpaceX,Cape Canaveral,Falcon 9,Communications
Starlink-2213 ,USA,Commercial,Communications,LEO,Non-Polar Inclined,0.0,260,2021-03-04,SpaceX,Cape Canaveral,Falcon 9,Communications
Starlink-2214,USA,Commercial,Communications,LEO,Non-Polar Inclined,0.0,260,2021-05-15,SpaceX,Cape Canaveral,Falcon 9,Communications
Starlink-2215,USA,Commercial,Communications,LEO,Non-Polar Inclined,0.0,260,2021-05-15,SpaceX,Cape Canaveral,Falcon 9,Communications
Starlink-2217,USA,Commercial,Communications,LEO,Non-Polar Inclined,0.0,260,2021-05-15,SpaceX,Cape Canaveral,Falcon 9,Communications
Starlink-2218 ,USA,Commercial,Communications,LEO,Non-Polar Inclined,0.0,260,2021-03-24,SpaceX,Cape Canaveral,Falcon 9,Communications
Starlink-2219,USA,Commercial,Communications,LEO,Non-Polar Inclined,0.0,260,2021-05-15,SpaceX,Cape Canaveral,Falcon 9,Communications
Starlink-2220,USA,Commercial,Communications,LEO,Non-Polar Inclined,0.0,260,2021-05-15,SpaceX,Cape Canaveral,Falcon 9,Communications
Starlink-2221,USA,Commercial,Communications,LEO,Non-Polar Inclined,0.0,260,2021-05-15,SpaceX,Cape Canaveral,Falcon 9,Communications
Starlink-2222,USA,Commercial,Communications,LEO,Non-Polar Inclined,0.0,260,2021-05-15,SpaceX,Cape Canaveral,Falcon 9,Communications
Starlink-2223 ,USA,Commercial,Communications,LEO,Non-Polar Inclined,0.0,260,2021-03-04,SpaceX,Cape Canaveral,Falcon 9,Communications
Starlink-2224,USA,Commercial,Communications,LEO,Non-Polar Inclined,0.0,260,2021-05-15,SpaceX,Cape Canaveral,Falcon 9,Communications
Starlink-2225,USA,Commercial,Communications,LEO,Non-Polar Inclined,0.0,260,2021-05-15,SpaceX,Cape Canaveral,Falcon 9,Communications
Starlink-2226 ,USA,Commercial,Communications,LEO,Non-Polar Inclined,0.0,260,2021-03-24,SpaceX,Cape Canaveral,Falcon 9,Communications
Starlink-2227,USA,Commercial,Communications,LEO,Non-Polar Inclined,0.0,260,2021-05-15,SpaceX,Cape Canaveral,Falcon 9,Communications
Starlink-2228,USA,Commercial,Communications,LEO,Non-Polar Inclined,0.0,260,2021-05-15,SpaceX,Cape Canaveral,Falcon 9,Communications
Starlink-2229 ,USA,Commercial,Communications,LEO,Non-Polar Inclined,0.0,260,2021-03-24,SpaceX,Cape Canaveral,Falcon 9,Communications
Starlink-2231,USA,Commercial,Communications,LEO,Non-Polar Inclined,0.0,260,2021-05-15,SpaceX,Cape Canaveral,Falcon 9,Communications
Starlink-2232,USA,Commercial,Communications,LEO,Non-Polar Inclined,0.0,260,2021-05-15,SpaceX,Cape Canaveral,Falcon 9,Communications
Starlink-2233,USA,Commercial,Communications,LEO,Non-Polar Inclined,0.0,260,2021-05-15,SpaceX,Cape Canaveral,Falcon 9,Communications
Starlink-2234,USA,Commercial,Communications,LEO,Non-Polar Inclined,0.0,260,2021-05-15,SpaceX,Cape Canaveral,Falcon 9,Communications
Starlink-2235,USA,Commercial,Communications,LEO,Non-Polar Inclined,0.0,260,2021-05-15,SpaceX,Cape Canaveral,Falcon 9,Communications
Starlink-2236,USA,Commercial,Communications,LEO,Non-Polar Inclined,0.0,260,2021-05-15,SpaceX,Cape Canaveral,Falcon 9,Communications
Starlink-2237,USA,Commercial,Communications,LEO,Non-Polar Inclined,0.0,260,2021-05-15,SpaceX,Cape Canaveral,Falcon 9,Communications
Starlink-2238,USA,Commercial,Communications,LEO,Non-Polar Inclined,0.0,260,2021-05-15,SpaceX,Cape Canaveral,Falcon 9,Communications
Starlink-2240,USA,Commercial,Communications,LEO,Non-Polar Inclined,0.0,260,2021-05-15,SpaceX,Cape Canaveral,Falcon 9,Communications
Starlink-2241,USA,Commercial,Communications,LEO,Non-Polar Inclined,0.0,260,2021-05-15,SpaceX,Cape Canaveral,Falcon 9,Communications
Starlink-2242,USA,Commercial,Communications,LEO,Non-Polar Inclined,0.0,260,2021-05-15,SpaceX,Cape Canaveral,Falcon 9,Communications
Starlink-2243 ,USA,Commercial,Communications,LEO,Non-Polar Inclined,0.0,260,2021-03-24,SpaceX,Cape Canaveral,Falcon 9,Communications
Starlink-2244,USA,Commercial,Communications,LEO,Non-Polar Inclined,0.0,260,2021-05-15,SpaceX,Cape Canaveral,Falcon 9,Communications
Starlink-2245,USA,Commercial,Communications,LEO,Non-Polar Inclined,0.0,260,2021-05-15,SpaceX,Cape Canaveral,Falcon 9,Communications
Starlink-2247,USA,Commercial,Communications,LEO,Non-Polar Inclined,0.0,260,2021-05-09,SpaceX,Cape Canaveral,Falcon 9,Communications
Starlink-2248,USA,Commercial,Communications,LEO,Non-Polar Inclined,0.0,260,2021-05-15,SpaceX,Cape Canaveral,Falcon 9,Communications
Starlink-2249,USA,Commercial,Communications,LEO,Non-Polar Inclined,0.0,260,2021-05-15,SpaceX,Cape Canaveral,Falcon 9,Communications
Starlink-2250,USA,Commercial,Communications,LEO,Non-Polar Inclined,0.0,260,2021-05-15,SpaceX,Cape Canaveral,Falcon 9,Communications
Starlink-2251,USA,Commercial,Communications,LEO,Non-Polar Inclined,0.0,260,2021-05-15,SpaceX,Cape Canaveral,Falcon 9,Communications
Starlink-2252,USA,Commercial,Communications,LEO,Non-Polar Inclined,0.0,260,2021-05-15,SpaceX,Cape Canaveral,Falcon 9,Communications
Starlink-2253,USA,Commercial,Communications,LEO,Non-Polar Inclined,0.0,260,2021-05-15,SpaceX,Cape Canaveral,Falcon 9,Communications
Starlink-2254 ,USA,Commercial,Communications,LEO,Non-Polar Inclined,0.0,260,2021-03-24,SpaceX,Cape Canaveral,Falcon 9,Communications
Starlink-2255,USA,Commercial,Communications,LEO,Non-Polar Inclined,0.0,260,2021-05-15,SpaceX,Cape Canaveral,Falcon 9,Communications
Starlink-2256,USA,Commercial,Communications,LEO,Non-Polar Inclined,0.0,260,2021-05-15,SpaceX,Cape Canaveral,Falcon 9,Communications
Starlink-2257 ,USA,Commercial,Communications,LEO,Non-Polar Inclined,0.0,260,2021-03-11,SpaceX,Cape Canaveral,Falcon 9,Communications
Starlink-2258 ,USA,Commercial,Communications,LEO,Non-Polar Inclined,0.0,260,2021-03-14,SpaceX,Cape Canaveral,Falcon 9,Communications
Starlink-2260 ,USA,Commercial,Communications,LEO,Non-Polar Inclined,0.0,260,2021-03-24,SpaceX,Cape Canaveral,Falcon 9,Communications
Starlink-2262 ,USA,Commercial,Communications,LEO,Non-Polar Inclined,0.0,260,2021-03-24,SpaceX,Cape Canaveral,Falcon 9,Communications
Starlink-2263 ,USA,Commercial,Communications,LEO,Non-Polar Inclined,0.0,260,2021-03-24,SpaceX,Cape Canaveral,Falcon 9,Communications
Starlink-2264 ,USA,Commercial,Communications,LEO,Non-Polar Inclined,0.0,260,2021-03-24,SpaceX,Cape Canaveral,Falcon 9,Communications
Starlink-2265 ,USA,Commercial,Communications,LEO,Non-Polar Inclined,0.0,260,2021-03-24,SpaceX,Cape Canaveral,Falcon 9,Communications
Starlink-2266 ,USA,Commercial,Communications,LEO,Non-Polar Inclined,0.0,260,2021-03-24,SpaceX,Cape Canaveral,Falcon 9,Communications
Starlink-2267 ,USA,Commercial,Communications,LEO,Non-Polar Inclined,0.0,260,2021-03-24,SpaceX,Cape Canaveral,Falcon 9,Communications
Starlink-2268 ,USA,Commercial,Communications,LEO,Non-Polar Inclined,0.0,260,2021-03-24,SpaceX,Cape Canaveral,Falcon 9,Communications
Starlink-2269,USA,Commercial,Communications,LEO,Non-Polar Inclined,0.0,260,2021-05-09,SpaceX,Cape Canaveral,Falcon 9,Communications
Starlink-2270 ,USA,Commercial,Communications,LEO,Non-Polar Inclined,0.0,260,2021-03-24,SpaceX,Cape Canaveral,Falcon 9,Communications
Starlink-2271 ,USA,Commercial,Communications,LEO,Non-Polar Inclined,0.0,260,2021-03-24,SpaceX,Cape Canaveral,Falcon 9,Communications
Starlink-2272 ,USA,Commercial,Communications,LEO,Non-Polar Inclined,0.0,260,2021-03-24,SpaceX,Cape Canaveral,Falcon 9,Communications
Starlink-2273 ,USA,Commercial,Communications,LEO,Non-Polar Inclined,0.0,260,2021-03-24,SpaceX,Cape Canaveral,Falcon 9,Communications
Starlink-2274,USA,Commercial,Communications,LEO,Non-Polar Inclined,0.0,260,2021-05-15,SpaceX,Cape Canaveral,Falcon 9,Communications
Starlink-2275,USA,Commercial,Communications,LEO,Non-Polar Inclined,0.0,260,2021-05-15,SpaceX,Cape Canaveral,Falcon 9,Communications
Starlink-2278 ,USA,Commercial,Communications,LEO,Non-Polar Inclined,0.0,260,2021-03-24,SpaceX,Cape Canaveral,Falcon 9,Communications
Starlink-2279 ,USA,Commercial,Communications,LEO,Non-Polar Inclined,0.0,260,2021-03-24,SpaceX,Cape Canaveral,Falcon 9,Communications
Starlink-2280 ,USA,Commercial,Communications,LEO,Non-Polar Inclined,0.0,260,2021-03-14,SpaceX,Cape Canaveral,Falcon 9,Communications
Starlink-2282 ,USA,Commercial,Communications,LEO,Non-Polar Inclined,0.0,260,2021-03-24,SpaceX,Cape Canaveral,Falcon 9,Communications
Starlink-2283 ,USA,Commercial,Communications,LEO,Non-Polar Inclined,0.0,260,2021-03-24,SpaceX,Cape Canaveral,Falcon 9,Communications
Starlink-2284 ,USA,Commercial,Communications,LEO,Non-Polar Inclined,0.0,260,2021-03-24,SpaceX,Cape Canaveral,Falcon 9,Communications
Starlink-2285 ,USA,Commercial,Communications,LEO,Non-Polar Inclined,0.0,260,2021-03-24,SpaceX,Cape Canaveral,Falcon 9,Communications
Starlink-2286 ,USA,Commercial,Communications,LEO,Non-Polar Inclined,0.0,260,2021-03-24,SpaceX,Cape Canaveral,Falcon 9,Communications
Starlink-2288 ,USA,Commercial,Communications,LEO,Non-Polar Inclined,0.0,260,2021-03-24,SpaceX,Cape Canaveral,Falcon 9,Communications
Starlink-2290 ,USA,Commercial,Communications,LEO,Non-Polar Inclined,0.0,260,2021-03-24,SpaceX,Cape Canaveral,Falcon 9,Communications
Starlink-2291 ,USA,Commercial,Communications,LEO,Non-Polar Inclined,0.0,260,2021-03-14,SpaceX,Cape Canaveral,Falcon 9,Communications
Starlink-2292 ,USA,Commercial,Communications,LEO,Non-Polar Inclined,0.0,260,2021-03-24,SpaceX,Cape Canaveral,Falcon 9,Communications
Starlink-2293 ,USA,Commercial,Communications,LEO,Non-Polar Inclined,0.0,260,2021-03-14,SpaceX,Cape Canaveral,Falcon 9,Communications
Starlink-2294 ,USA,Commercial,Communications,LEO,Non-Polar Inclined,0.0,260,2021-03-24,SpaceX,Cape Canaveral,Falcon 9,Communications
Starlink-2295 ,USA,Commercial,Communications,LEO,Non-Polar Inclined,0.0,260,2021-03-24,SpaceX,Cape Canaveral,Falcon 9,Communications
Starlink-2296 ,USA,Commercial,Communications,LEO,Non-Polar Inclined,0.0,260,2021-03-24,SpaceX,Cape Canaveral,Falcon 9,Communications
Starlink-2298 ,USA,Commercial,Communications,LEO,Non-Polar Inclined,0.0,260,2021-03-24,SpaceX,Cape Canaveral,Falcon 9,Communications
Starlink-2299 ,USA,Commercial,Communications,LEO,Non-Polar Inclined,0.0,260,2021-03-24,SpaceX,Cape Canaveral,Falcon 9,Communications
Starlink-2300 ,USA,Commercial,Communications,LEO,Non-Polar Inclined,0.0,260,2021-03-24,SpaceX,Cape Canaveral,Falcon 9,Communications
Starlink-2301 ,USA,Commercial,Communications,LEO,Non-Polar Inclined,0.0,260,2021-03-24,SpaceX,Cape Canaveral,Falcon 9,Communications
Starlink-2303 ,USA,Commercial,Communications,LEO,Non-Polar Inclined,0.0,260,2021-03-24,SpaceX,Cape Canaveral,Falcon 9,Communications
Starlink-2304 ,USA,Commercial,Communications,LEO,Non-Polar Inclined,0.0,260,2021-03-14,SpaceX,Cape Canaveral,Falcon 9,Communications
Starlink-2305 ,USA,Commercial,Communications,LEO,Non-Polar Inclined,0.0,260,2021-03-24,SpaceX,Cape Canaveral,Falcon 9,Communications
Starlink-2307 ,USA,Commercial,Communications,LEO,Non-Polar Inclined,0.0,260,2021-03-24,SpaceX,Cape Canaveral,Falcon 9,Communications
Starlink-2308 ,USA,Commercial,Communications,LEO,Non-Polar Inclined,0.0,260,2021-03-24,SpaceX,Cape Canaveral,Falcon 9,Communications
Starlink-2309 ,USA,Commercial,Communications,LEO,Non-Polar Inclined,0.0,260,2021-03-24,SpaceX,Cape Canaveral,Falcon 9,Communications
Starlink-2310 ,USA,Commercial,Communications,LEO,Non-Polar Inclined,0.0,260,2021-03-14,SpaceX,Cape Canaveral,Falcon 9,Communications
Starlink-2312 ,USA,Commercial,Communications,LEO,Non-Polar Inclined,0.0,260,2021-03-24,SpaceX,Cape Canaveral,Falcon 9,Communications
Starlink-2314 ,USA,Commercial,Communications,LEO,Non-Polar Inclined,0.0,260,2021-03-11,SpaceX,Cape Canaveral,Falcon 9,Communications
Starlink-2315 ,USA,Commercial,Communications,LEO,Non-Polar Inclined,0.0,260,2021-03-11,SpaceX,Cape Canaveral,Falcon 9,Communications
Starlink-2317 ,USA,Commercial,Communications,LEO,Non-Polar Inclined,0.0,260,2021-03-24,SpaceX,Cape Canaveral,Falcon 9,Communications
Starlink-2319 ,USA,Commercial,Communications,LEO,Non-Polar Inclined,0.0,260,2021-03-11,SpaceX,Cape Canaveral,Falcon 9,Communications
Starlink-2320 ,USA,Commercial,Communications,LEO,Non-Polar Inclined,0.0,260,2021-03-14,SpaceX,Cape Canaveral,Falcon 9,Communications
Starlink-2321 ,USA,Commercial,Communications,LEO,Non-Polar Inclined,0.0,260,2021-03-14,SpaceX,Cape Canaveral,Falcon 9,Communications
Starlink-2322 ,USA,Commercial,Communications,LEO,Non-Polar Inclined,0.0,260,2021-03-11,SpaceX,Cape Canaveral,Falcon 9,Communications
Starlink-2323 ,USA,Commercial,Communications,LEO,Non-Polar Inclined,0.0,260,2021-03-14,SpaceX,Cape Canaveral,Falcon 9,Communications
Starlink-2324 ,USA,Commercial,Communications,LEO,Non-Polar Inclined,0.0,260,2021-03-14,SpaceX,Cape Canaveral,Falcon 9,Communications
Starlink-2325 ,USA,Commercial,Communications,LEO,Non-Polar Inclined,0.0,260,2021-03-24,SpaceX,Cape Canaveral,Falcon 9,Communications
Starlink-2326 ,USA,Commercial,Communications,LEO,Non-Polar Inclined,0.0,260,2021-03-14,SpaceX,Cape Canaveral,Falcon 9,Communications
Starlink-2327 ,USA,Commercial,Communications,LEO,Non-Polar Inclined,0.0,260,2021-03-14,SpaceX,Cape Canaveral,Falcon 9,Communications
Starlink-2329 ,USA,Commercial,Communications,LEO,Non-Polar Inclined,0.0,260,2021-03-14,SpaceX,Cape Canaveral,Falcon 9,Communications
Starlink-2330 ,USA,Commercial,Communications,LEO,Non-Polar Inclined,0.0,260,2021-03-14,SpaceX,Cape Canaveral,Falcon 9,Communications
Starlink-2331 ,USA,Commercial,Communications,LEO,Non-Polar Inclined,0.0,260,2021-03-14,SpaceX,Cape Canaveral,Falcon 9,Communications
Starlink-2332 ,USA,Commercial,Communications,LEO,Non-Polar Inclined,0.0,260,2021-03-14,SpaceX,Cape Canaveral,Falcon 9,Communications
Starlink-2333 ,USA,Commercial,Communications,LEO,Non-Polar Inclined,0.0,260,2021-03-14,SpaceX,Cape Canaveral,Falcon 9,Communications
Starlink-2334 ,USA,Commercial,Communications,LEO,Non-Polar Inclined,0.0,260,2021-03-11,SpaceX,Cape Canaveral,Falcon 9,Communications
Starlink-2335 ,USA,Commercial,Communications,LEO,Non-Polar Inclined,0.0,260,2021-03-14,SpaceX,Cape Canaveral,Falcon 9,Communications
Starlink-2336 ,USA,Commercial,Communications,LEO,Non-Polar Inclined,0.0,260,2021-03-14,SpaceX,Cape Canaveral,Falcon 9,Communications
Starlink-2337 ,USA,Commercial,Communications,LEO,Non-Polar Inclined,0.0,260,2021-03-14,SpaceX,Cape Canaveral,Falcon 9,Communications
Starlink-2338 ,USA,Commercial,Communications,LEO,Non-Polar Inclined,0.0,260,2021-03-11,SpaceX,Cape Canaveral,Falcon 9,Communications
Starlink-2339 ,USA,Commercial,Communications,LEO,Non-Polar Inclined,0.0,260,2021-03-14,SpaceX,Cape Canaveral,Falcon 9,Communications
Starlink-2340 ,USA,Commercial,Communications,LEO,Non-Polar Inclined,0.0,260,2021-03-14,SpaceX,Cape Canaveral,Falcon 9,Communications
Starlink-2341 ,USA,Commercial,Communications,LEO,Non-Polar Inclined,0.0,260,2021-03-11,SpaceX,Cape Canaveral,Falcon 9,Communications
Starlink-2342 ,USA,Commercial,Communications,LEO,Non-Polar Inclined,0.0,260,2021-03-14,SpaceX,Cape Canaveral,Falcon 9,Communications
Starlink-2343 ,USA,Commercial,Communications,LEO,Non-Polar Inclined,0.0,260,2021-03-14,SpaceX,Cape Canaveral,Falcon 9,Communications
Starlink-2344 ,USA,Commercial,Communications,LEO,Non-Polar Inclined,0.0,260,2021-03-14,SpaceX,Cape Canaveral,Falcon 9,Communications
Starlink-2345 ,USA,Commercial,Communications,LEO,Non-Polar Inclined,0.0,260,2021-03-14,SpaceX,Cape Canaveral,Falcon 9,Communications
Starlink-2346 ,USA,Commercial,Communications,LEO,Non-Polar Inclined,0.0,260,2021-03-14,SpaceX,Cape Canaveral,Falcon 9,Communications
Starlink-2347 ,USA,Commercial,Communications,LEO,Non-Polar Inclined,0.0,260,2021-03-11,SpaceX,Cape Canaveral,Falcon 9,Communications
Starlink-2348 ,USA,Commercial,Communications,LEO,Non-Polar Inclined,0.0,260,2021-03-14,SpaceX,Cape Canaveral,Falcon 9,Communications
Starlink-2349 ,USA,Commercial,Communications,LEO,Non-Polar Inclined,0.0,260,2021-03-14,SpaceX,Cape Canaveral,Falcon 9,Communications
Starlink-2351 ,USA,Commercial,Communications,LEO,Non-Polar Inclined,0.0,260,2021-03-14,SpaceX,Cape Canaveral,Falcon 9,Communications
Starlink-2352 ,USA,Commercial,Communications,LEO,Non-Polar Inclined,0.0,260,2021-03-14,SpaceX,Cape Canaveral,Falcon 9,Communications
Starlink-2353 ,USA,Commercial,Communications,LEO,Non-Polar Inclined,0.0,260,2021-03-14,SpaceX,Cape Canaveral,Falcon 9,Communications
Starlink-2354 ,USA,Commercial,Communications,LEO,Non-Polar Inclined,0.0,260,2021-03-14,SpaceX,Cape Canaveral,Falcon 9,Communications
Starlink-2355 ,USA,Commercial,Communications,LEO,Non-Polar Inclined,0.0,260,2021-03-14,SpaceX,Cape Canaveral,Falcon 9,Communications
Starlink-2356 ,USA,Commercial,Communications,LEO,Non-Polar Inclined,0.0,260,2021-03-14,SpaceX,Cape Canaveral,Falcon 9,Communications
Starlink-2357 ,USA,Commercial,Communications,LEO,Non-Polar Inclined,0.0,260,2021-03-14,SpaceX,Cape Canaveral,Falcon 9,Communications
Starlink-2358 ,USA,Commercial,Communications,LEO,Non-Polar Inclined,0.0,260,2021-03-14,SpaceX,Cape Canaveral,Falcon 9,Communications
Starlink-2359 ,USA,Commercial,Communications,LEO,Non-Polar Inclined,0.0,260,2021-03-14,SpaceX,Cape Canaveral,Falcon 9,Communications
Starlink-2360 ,USA,Commercial,Communications,LEO,Non-Polar Inclined,0.0,260,2021-03-14,SpaceX,Cape Canaveral,Falcon 9,Communications
Starlink-2361 ,USA,Commercial,Communications,LEO,Non-Polar Inclined,0.0,260,2021-03-14,SpaceX,Cape Canaveral,Falcon 9,Communications
Starlink-2362 ,USA,Commercial,Communications,LEO,Non-Polar Inclined,0.0,260,2021-03-14,SpaceX,Cape Canaveral,Falcon 9,Communications
Starlink-2363 ,USA,Commercial,Communications,LEO,Non-Polar Inclined,0.0,260,2021-03-14,SpaceX,Cape Canaveral,Falcon 9,Communications
Starlink-2364 ,USA,Commercial,Communications,LEO,Non-Polar Inclined,0.0,260,2021-03-14,SpaceX,Cape Canaveral,Falcon 9,Communications
Starlink-2365 ,USA,Commercial,Communications,LEO,Non-Polar Inclined,0.0,260,2021-03-14,SpaceX,Cape Canaveral,Falcon 9,Communications
Starlink-2366 ,USA,Commercial,Communications,LEO,Non-Polar Inclined,0.0,260,2021-03-14,SpaceX,Cape Canaveral,Falcon 9,Communications
Starlink-2367 ,USA,Commercial,Communications,LEO,Non-Polar Inclined,0.0,260,2021-03-14,SpaceX,Cape Canaveral,Falcon 9,Communications
Starlink-2368 ,USA,Commercial,Communications,LEO,Non-Polar Inclined,0.0,260,2021-03-14,SpaceX,Cape Canaveral,Falcon 9,Communications
Starlink-2369 ,USA,Commercial,Communications,LEO,Non-Polar Inclined,0.0,260,2021-03-14,SpaceX,Cape Canaveral,Falcon 9,Communications
Starlink-2370 ,USA,Commercial,Communications,LEO,Non-Polar Inclined,0.0,260,2021-03-14,SpaceX,Cape Canaveral,Falcon 9,Communications
Starlink-2371 ,USA,Commercial,Communications,LEO,Non-Polar Inclined,0.0,260,2021-03-14,SpaceX,Cape Canaveral,Falcon 9,Communications
Starlink-2372 ,USA,Commercial,Communications,LEO,Non-Polar Inclined,0.0,260,2021-03-14,SpaceX,Cape Canaveral,Falcon 9,Communications
Starlink-2373 ,USA,Commercial,Communications,LEO,Non-Polar Inclined,0.0,260,2021-03-11,SpaceX,Cape Canaveral,Falcon 9,Communications
Starlink-2374 ,USA,Commercial,Communications,LEO,Non-Polar Inclined,0.0,260,2021-03-14,SpaceX,Cape Canaveral,Falcon 9,Communications
Starlink-2375 ,USA,Commercial,Communications,LEO,Non-Polar Inclined,0.0,260,2021-03-14,SpaceX,Cape Canaveral,Falcon 9,Communications
Starlink-2376 ,USA,Commercial,Communications,LEO,Non-Polar Inclined,0.0,260,2021-03-14,SpaceX,Cape Canaveral,Falcon 9,Communications
Starlink-2377 ,USA,Commercial,Communications,LEO,Non-Polar Inclined,0.0,260,2021-03-11,SpaceX,Cape Canaveral,Falcon 9,Communications
Starlink-2378 ,USA,Commercial,Communications,LEO,Non-Polar Inclined,0.0,260,2021-03-14,SpaceX,Cape Canaveral,Falcon 9,Communications
Starlink-2379 ,USA,Commercial,Communications,LEO,Non-Polar Inclined,0.0,260,2021-03-11,SpaceX,Cape Canaveral,Falcon 9,Communications
Starlink-2380 ,USA,Commercial,Communications,LEO,Non-Polar Inclined,0.0,260,2021-03-11,SpaceX,Cape Canaveral,Falcon 9,Communications
Starlink-2381 ,USA,Commercial,Communications,LEO,Non-Polar Inclined,0.0,260,2021-03-11,SpaceX,Cape Canaveral,Falcon 9,Communications
Starlink-2382 ,USA,Commercial,Communications,LEO,Non-Polar Inclined,0.0,260,2021-03-11,SpaceX,Cape Canaveral,Falcon 9,Communications
Starlink-2383 ,USA,Commercial,Communications,LEO,Non-Polar Inclined,0.0,260,2021-03-11,SpaceX,Cape Canaveral,Falcon 9,Communications
Starlink-2384 ,USA,Commercial,Communications,LEO,Non-Polar Inclined,0.0,260,2021-03-11,SpaceX,Cape Canaveral,Falcon 9,Communications
Starlink-2385 ,USA,Commercial,Communications,LEO,Non-Polar Inclined,0.0,260,2021-03-11,SpaceX,Cape Canaveral,Falcon 9,Communications
Starlink-2386 ,USA,Commercial,Communications,LEO,Non-Polar Inclined,0.0,260,2021-03-11,SpaceX,Cape Canaveral,Falcon 9,Communications
Starlink-2387 ,USA,Commercial,Communications,LEO,Non-Polar Inclined,0.0,260,2021-03-11,SpaceX,Cape Canaveral,Falcon 9,Communications
Starlink-2388 ,USA,Commercial,Communications,LEO,Non-Polar Inclined,0.0,260,2021-03-11,SpaceX,Cape Canaveral,Falcon 9,Communications
Starlink-2389 ,USA,Commercial,Communications,LEO,Non-Polar Inclined,0.0,260,2021-03-11,SpaceX,Cape Canaveral,Falcon 9,Communications
Starlink-2390 ,USA,Commercial,Communications,LEO,Non-Polar Inclined,0.0,260,2021-03-11,SpaceX,Cape Canaveral,Falcon 9,Communications
Starlink-2391 ,USA,Commercial,Communications,LEO,Non-Polar Inclined,0.0,260,2021-03-11,SpaceX,Cape Canaveral,Falcon 9,Communications
Starlink-2392 ,USA,Commercial,Communications,LEO,Non-Polar Inclined,0.0,260,2021-03-11,SpaceX,Cape Canaveral,Falcon 9,Communications
Starlink-2393 ,USA,Commercial,Communications,LEO,Non-Polar Inclined,0.0,260,2021-03-11,SpaceX,Cape Canaveral,Falcon 9,Communications
Starlink-2394 ,USA,Commercial,Communications,LEO,Non-Polar Inclined,0.0,260,2021-03-11,SpaceX,Cape Canaveral,Falcon 9,Communications
Starlink-2395 ,USA,Commercial,Communications,LEO,Non-Polar Inclined,0.0,260,2021-03-11,SpaceX,Cape Canaveral,Falcon 9,Communications
Starlink-2396 ,USA,Commercial,Communications,LEO,Non-Polar Inclined,0.0,260,2021-03-11,SpaceX,Cape Canaveral,Falcon 9,Communications
Starlink-2397 ,USA,Commercial,Communications,LEO,Non-Polar Inclined,0.0,260,2021-03-14,SpaceX,Cape Canaveral,Falcon 9,Communications
Starlink-2398 ,USA,Commercial,Communications,LEO,Non-Polar Inclined,0.0,260,2021-03-14,SpaceX,Cape Canaveral,Falcon 9,Communications
Starlink-2399 ,USA,Commercial,Communications,LEO,Non-Polar Inclined,0.0,260,2021-03-11,SpaceX,Cape Canaveral,Falcon 9,Communications
Starlink-24 ,USA,Commercial,Communications,LEO,Non-Polar Inclined,0.0,227,2019-05-24,SpaceX,Cape Canaveral,Falcon 9,Communications
Starlink-2400 ,USA,Commercial,Communications,LEO,Non-Polar Inclined,0.0,260,2021-03-11,SpaceX,Cape Canaveral,Falcon 9,Communications
Starlink-2401 ,USA,Commercial,Communications,LEO,Non-Polar Inclined,0.0,260,2021-03-11,SpaceX,Cape Canaveral,Falcon 9,Communications
Starlink-2402 ,USA,Commercial,Communications,LEO,Non-Polar Inclined,0.0,260,2021-03-11,SpaceX,Cape Canaveral,Falcon 9,Communications
Starlink-2403 ,USA,Commercial,Communications,LEO,Non-Polar Inclined,0.0,260,2021-03-11,SpaceX,Cape Canaveral,Falcon 9,Communications
Starlink-2404 ,USA,Commercial,Communications,LEO,Non-Polar Inclined,0.0,260,2021-04-07,SpaceX,Cape Canaveral,Falcon 9,Communications
Starlink-2405 ,USA,Commercial,Communications,LEO,Non-Polar Inclined,0.0,260,2021-03-14,SpaceX,Cape Canaveral,Falcon 9,Communications
Starlink-2406 ,USA,Commercial,Communications,LEO,Non-Polar Inclined,0.0,260,2021-03-11,SpaceX,Cape Canaveral,Falcon 9,Communications
Starlink-2407 ,USA,Commercial,Communications,LEO,Non-Polar Inclined,0.0,260,2021-03-11,SpaceX,Cape Canaveral,Falcon 9,Communications
Starlink-2408 ,USA,Commercial,Communications,LEO,Non-Polar Inclined,0.0,260,2021-03-11,SpaceX,Cape Canaveral,Falcon 9,Communications
Starlink-2409 ,USA,Commercial,Communications,LEO,Non-Polar Inclined,0.0,260,2021-03-11,SpaceX,Cape Canaveral,Falcon 9,Communications
Starlink-2410 ,USA,Commercial,Communications,LEO,Non-Polar Inclined,0.0,260,2021-03-11,SpaceX,Cape Canaveral,Falcon 9,Communications
Starlink-2411 ,USA,Commercial,Communications,LEO,Non-Polar Inclined,0.0,260,2021-03-11,SpaceX,Cape Canaveral,Falcon 9,Communications
Starlink-2412 ,USA,Commercial,Communications,LEO,Non-Polar Inclined,0.0,260,2021-04-07,SpaceX,Cape Canaveral,Falcon 9,Communications
Starlink-2413 ,USA,Commercial,Communications,LEO,Non-Polar Inclined,0.0,260,2021-03-11,SpaceX,Cape Canaveral,Falcon 9,Communications
Starlink-2414 ,USA,Commercial,Communications,LEO,Non-Polar Inclined,0.0,260,2021-04-07,SpaceX,Cape Canaveral,Falcon 9,Communications
Starlink-2415 ,USA,Commercial,Communications,LEO,Non-Polar Inclined,0.0,260,2021-03-11,SpaceX,Cape Canaveral,Falcon 9,Communications
Starlink-2416 ,USA,Commercial,Communications,LEO,Non-Polar Inclined,0.0,260,2021-03-11,SpaceX,Cape Canaveral,Falcon 9,Communications
Starlink-2417 ,USA,Commercial,Communications,LEO,Non-Polar Inclined,0.0,260,2021-04-07,SpaceX,Cape Canaveral,Falcon 9,Communications
Starlink-2418 ,USA,Commercial,Communications,LEO,Non-Polar Inclined,0.0,260,2021-04-07,SpaceX,Cape Canaveral,Falcon 9,Communications
Starlink-2419 ,USA,Commercial,Communications,LEO,Non-Polar Inclined,0.0,260,2021-03-11,SpaceX,Cape Canaveral,Falcon 9,Communications
Starlink-2420 ,USA,Commercial,Communications,LEO,Non-Polar Inclined,0.0,260,2021-03-11,SpaceX,Cape Canaveral,Falcon 9,Communications
Starlink-2421 ,USA,Commercial,Communications,LEO,Non-Polar Inclined,0.0,260,2021-04-07,SpaceX,Cape Canaveral,Falcon 9,Communications
Starlink-2422 ,USA,Commercial,Communications,LEO,Non-Polar Inclined,0.0,260,2021-03-11,SpaceX,Cape Canaveral,Falcon 9,Communications
Starlink-2423 ,USA,Commercial,Communications,LEO,Non-Polar Inclined,0.0,260,2021-03-11,SpaceX,Cape Canaveral,Falcon 9,Communications
Starlink-2424 ,USA,Commercial,Communications,LEO,Non-Polar Inclined,0.0,260,2021-03-11,SpaceX,Cape Canaveral,Falcon 9,Communications
Starlink-2425 ,USA,Commercial,Communications,LEO,Non-Polar Inclined,0.0,260,2021-03-11,SpaceX,Cape Canaveral,Falcon 9,Communications
Starlink-2426 ,USA,Commercial,Communications,LEO,Non-Polar Inclined,0.0,260,2021-03-11,SpaceX,Cape Canaveral,Falcon 9,Communications
Starlink-2427 ,USA,Commercial,Communications,LEO,Non-Polar Inclined,0.0,260,2021-03-11,SpaceX,Cape Canaveral,Falcon 9,Communications
Starlink-2428 ,USA,Commercial,Communications,LEO,Non-Polar Inclined,0.0,260,2021-04-07,SpaceX,Cape Canaveral,Falcon 9,Communications
Starlink-2429 ,USA,Commercial,Communications,LEO,Non-Polar Inclined,0.0,260,2021-03-11,SpaceX,Cape Canaveral,Falcon 9,Communications
Starlink-2430 ,USA,Commercial,Communications,LEO,Non-Polar Inclined,0.0,260,2021-04-07,SpaceX,Cape Canaveral,Falcon 9,Communications
Starlink-2431 ,USA,Commercial,Communications,LEO,Non-Polar Inclined,0.0,260,2021-03-11,SpaceX,Cape Canaveral,Falcon 9,Communications
Starlink-2432 ,USA,Commercial,Communications,LEO,Non-Polar Inclined,0.0,260,2021-03-11,SpaceX,Cape Canaveral,Falcon 9,Communications
Starlink-2433 ,USA,Commercial,Communications,LEO,Non-Polar Inclined,0.0,260,2021-03-11,SpaceX,Cape Canaveral,Falcon 9,Communications
Starlink-2434 ,USA,Commercial,Communications,LEO,Non-Polar Inclined,0.0,260,2021-03-11,SpaceX,Cape Canaveral,Falcon 9,Communications
Starlink-2435 ,USA,Commercial,Communications,LEO,Non-Polar Inclined,0.0,260,2021-03-11,SpaceX,Cape Canaveral,Falcon 9,Communications
Starlink-2436 ,USA,Commercial,Communications,LEO,Non-Polar Inclined,0.0,260,2021-04-07,SpaceX,Cape Canaveral,Falcon 9,Communications
Starlink-2437 ,USA,Commercial,Communications,LEO,Non-Polar Inclined,0.0,260,2021-04-07,SpaceX,Cape Canaveral,Falcon 9,Communications
Starlink-2438 ,USA,Commercial,Communications,LEO,Non-Polar Inclined,0.0,260,2021-04-07,SpaceX,Cape Canaveral,Falcon 9,Communications
Starlink-2439 ,USA,Commercial,Communications,LEO,Non-Polar Inclined,0.0,260,2021-04-07,SpaceX,Cape Canaveral,Falcon 9,Communications
Starlink-2440 ,USA,Commercial,Communications,LEO,Non-Polar Inclined,0.0,260,2021-04-07,SpaceX,Cape Canaveral,Falcon 9,Communications
Starlink-2441 ,USA,Commercial,Communications,LEO,Non-Polar Inclined,0.0,260,2021-04-28,SpaceX,Cape Canaveral,Falcon 9,Communications
Starlink-2442 ,USA,Commercial,Communications,LEO,Non-Polar Inclined,0.0,260,2021-04-07,SpaceX,Cape Canaveral,Falcon 9,Communications
Starlink-2443 ,USA,Commercial,Communications,LEO,Non-Polar Inclined,0.0,260,2021-04-07,SpaceX,Cape Canaveral,Falcon 9,Communications
Starlink-2444 ,USA,Commercial,Communications,LEO,Non-Polar Inclined,0.0,260,2021-04-07,SpaceX,Cape Canaveral,Falcon 9,Communications
Starlink-2445 ,USA,Commercial,Communications,LEO,Non-Polar Inclined,0.0,260,2021-04-07,SpaceX,Cape Canaveral,Falcon 9,Communications
Starlink-2446 ,USA,Commercial,Communications,LEO,Non-Polar Inclined,0.0,260,2021-03-11,SpaceX,Cape Canaveral,Falcon 9,Communications
Starlink-2447 ,USA,Commercial,Communications,LEO,Non-Polar Inclined,0.0,260,2021-04-07,SpaceX,Cape Canaveral,Falcon 9,Communications
Starlink-2448 ,USA,Commercial,Communications,LEO,Non-Polar Inclined,0.0,260,2021-04-07,SpaceX,Cape Canaveral,Falcon 9,Communications
Starlink-2449 ,USA,Commercial,Communications,LEO,Non-Polar Inclined,0.0,260,2021-04-07,SpaceX,Cape Canaveral,Falcon 9,Communications
Starlink-2450 ,USA,Commercial,Communications,LEO,Non-Polar Inclined,0.0,260,2021-04-07,SpaceX,Cape Canaveral,Falcon 9,Communications
Starlink-2451 ,USA,Commercial,Communications,LEO,Non-Polar Inclined,0.0,260,2021-04-07,SpaceX,Cape Canaveral,Falcon 9,Communications
Starlink-2452 ,USA,Commercial,Communications,LEO,Non-Polar Inclined,0.0,260,2021-04-07,SpaceX,Cape Canaveral,Falcon 9,Communications
Starlink-2453 ,USA,Commercial,Communications,LEO,Non-Polar Inclined,0.0,260,2021-03-11,SpaceX,Cape Canaveral,Falcon 9,Communications
Starlink-2454 ,USA,Commercial,Communications,LEO,Non-Polar Inclined,0.0,260,2021-04-07,SpaceX,Cape Canaveral,Falcon 9,Communications
Starlink-2455 ,USA,Commercial,Communications,LEO,Non-Polar Inclined,0.0,260,2021-04-07,SpaceX,Cape Canaveral,Falcon 9,Communications
Starlink-2456 ,USA,Commercial,Communications,LEO,Non-Polar Inclined,0.0,260,2021-03-11,SpaceX,Cape Canaveral,Falcon 9,Communications
Starlink-2457 ,USA,Commercial,Communications,LEO,Non-Polar Inclined,0.0,260,2021-04-28,SpaceX,Cape Canaveral,Falcon 9,Communications
Starlink-2458 ,USA,Commercial,Communications,LEO,Non-Polar Inclined,0.0,260,2021-04-07,SpaceX,Cape Canaveral,Falcon 9,Communications
Starlink-2459 ,USA,Commercial,Communications,LEO,Non-Polar Inclined,0.0,260,2021-04-07,SpaceX,Cape Canaveral,Falcon 9,Communications
Starlink-2460 ,USA,Commercial,Communications,LEO,Non-Polar Inclined,0.0,260,2021-04-07,SpaceX,Cape Canaveral,Falcon 9,Communications
Starlink-2461,USA,Commercial,Communications,LEO,Non-Polar Inclined,0.0,260,2021-05-09,SpaceX,Cape Canaveral,Falcon 9,Communications
Starlink-2462 ,USA,Commercial,Communications,LEO,Non-Polar Inclined,0.0,260,2021-04-07,SpaceX,Cape Canaveral,Falcon 9,Communications
Starlink-2463 ,USA,Commercial,Communications,LEO,Non-Polar Inclined,0.0,260,2021-04-07,SpaceX,Cape Canaveral,Falcon 9,Communications
Starlink-2464 ,USA,Commercial,Communications,LEO,Non-Polar Inclined,0.0,260,2021-04-07,SpaceX,Cape Canaveral,Falcon 9,Communications
Starlink-2465 ,USA,Commercial,Communications,LEO,Non-Polar Inclined,0.0,260,2021-04-07,SpaceX,Cape Canaveral,Falcon 9,Communications
Starlink-2466 ,USA,Commercial,Communications,LEO,Non-Polar Inclined,0.0,260,2021-04-07,SpaceX,Cape Canaveral,Falcon 9,Communications
Starlink-2467 ,USA,Commercial,Communications,LEO,Non-Polar Inclined,0.0,260,2021-04-07,SpaceX,Cape Canaveral,Falcon 9,Communications
Starlink-2468 ,USA,Commercial,Communications,LEO,Non-Polar Inclined,0.0,260,2021-04-07,SpaceX,Cape Canaveral,Falcon 9,Communications
Starlink-2469 ,USA,Commercial,Communications,LEO,Non-Polar Inclined,0.0,260,2021-04-07,SpaceX,Cape Canaveral,Falcon 9,Communications
Starlink-2470 ,USA,Commercial,Communications,LEO,Non-Polar Inclined,0.0,260,2021-04-28,SpaceX,Cape Canaveral,Falcon 9,Communications
Starlink-2471 ,USA,Commercial,Communications,LEO,Non-Polar Inclined,0.0,260,2021-04-07,SpaceX,Cape Canaveral,Falcon 9,Communications
Starlink-2472 ,USA,Commercial,Communications,LEO,Non-Polar Inclined,0.0,260,2021-04-07,SpaceX,Cape Canaveral,Falcon 9,Communications
Starlink-2473 ,USA,Commercial,Communications,LEO,Non-Polar Inclined,0.0,260,2021-04-07,SpaceX,Cape Canaveral,Falcon 9,Communications
Starlink-2474 ,USA,Commercial,Communications,LEO,Non-Polar Inclined,0.0,260,2021-04-07,SpaceX,Cape Canaveral,Falcon 9,Communications
Starlink-2475 ,USA,Commercial,Communications,LEO,Non-Polar Inclined,0.0,260,2021-04-07,SpaceX,Cape Canaveral,Falcon 9,Communications
Starlink-2476 ,USA,Commercial,Communications,LEO,Non-Polar Inclined,0.0,260,2021-04-07,SpaceX,Cape Canaveral,Falcon 9,Communications
Starlink-2477 ,USA,Commercial,Communications,LEO,Non-Polar Inclined,0.0,260,2021-04-28,SpaceX,Cape Canaveral,Falcon 9,Communications
Starlink-2478 ,USA,Commercial,Communications,LEO,Non-Polar Inclined,0.0,260,2021-04-07,SpaceX,Cape Canaveral,Falcon 9,Communications
Starlink-2479 ,USA,Commercial,Communications,LEO,Non-Polar Inclined,0.0,260,2021-04-07,SpaceX,Cape Canaveral,Falcon 9,Communications
Starlink-2480 ,USA,Commercial,Communications,LEO,Non-Polar Inclined,0.0,260,2021-04-07,SpaceX,Cape Canaveral,Falcon 9,Communications
Starlink-2481 ,USA,Commercial,Communications,LEO,Non-Polar Inclined,0.0,260,2021-04-07,SpaceX,Cape Canaveral,Falcon 9,Communications
Starlink-2482 ,USA,Commercial,Communications,LEO,Non-Polar Inclined,0.0,260,2021-04-07,SpaceX,Cape Canaveral,Falcon 9,Communications
Starlink-2483 ,USA,Commercial,Communications,LEO,Non-Polar Inclined,0.0,260,2021-04-07,SpaceX,Cape Canaveral,Falcon 9,Communications
Starlink-2484 ,USA,Commercial,Communications,LEO,Non-Polar Inclined,0.0,260,2021-04-07,SpaceX,Cape Canaveral,Falcon 9,Communications
Starlink-2485 ,USA,Commercial,Communications,LEO,Non-Polar Inclined,0.0,260,2021-04-07,SpaceX,Cape Canaveral,Falcon 9,Communications
Starlink-2486 ,USA,Commercial,Communications,LEO,Non-Polar Inclined,0.0,260,2021-04-07,SpaceX,Cape Canaveral,Falcon 9,Communications
Starlink-2487 ,USA,Commercial,Communications,LEO,Non-Polar Inclined,0.0,260,2021-04-07,SpaceX,Cape Canaveral,Falcon 9,Communications
Starlink-2488 ,USA,Commercial,Communications,LEO,Non-Polar Inclined,0.0,260,2021-04-07,SpaceX,Cape Canaveral,Falcon 9,Communications
Starlink-2489 ,USA,Commercial,Communications,LEO,Non-Polar Inclined,0.0,260,2021-04-07,SpaceX,Cape Canaveral,Falcon 9,Communications
Starlink-2490 ,USA,Commercial,Communications,LEO,Non-Polar Inclined,0.0,260,2021-04-07,SpaceX,Cape Canaveral,Falcon 9,Communications
Starlink-2491 ,USA,Commercial,Communications,LEO,Non-Polar Inclined,0.0,260,2021-04-07,SpaceX,Cape Canaveral,Falcon 9,Communications
Starlink-2492 ,USA,Commercial,Communications,LEO,Non-Polar Inclined,0.0,260,2021-04-07,SpaceX,Cape Canaveral,Falcon 9,Communications
Starlink-2493 ,USA,Commercial,Communications,LEO,Non-Polar Inclined,0.0,260,2021-04-07,SpaceX,Cape Canaveral,Falcon 9,Communications
Starlink-2494,USA,Commercial,Communications,LEO,Non-Polar Inclined,0.0,260,2021-05-09,SpaceX,Cape Canaveral,Falcon 9,Communications
Starlink-2495 ,USA,Commercial,Communications,LEO,Non-Polar Inclined,0.0,260,2021-04-28,SpaceX,Cape Canaveral,Falcon 9,Communications
Starlink-2496,USA,Commercial,Communications,LEO,Non-Polar Inclined,0.0,260,2021-05-09,SpaceX,Cape Canaveral,Falcon 9,Communications
Starlink-2497,USA,Commercial,Communications,LEO,Non-Polar Inclined,0.0,260,2021-05-09,SpaceX,Cape Canaveral,Falcon 9,Communications
Starlink-2498 ,USA,Commercial,Communications,LEO,Non-Polar Inclined,0.0,260,2021-04-28,SpaceX,Cape Canaveral,Falcon 9,Communications
Starlink-2499,USA,Commercial,Communications,LEO,Non-Polar Inclined,0.0,260,2021-05-04,SpaceX,Cape Canaveral,Falcon 9,Communications
Starlink-2500,USA,Commercial,Communications,LEO,Non-Polar Inclined,0.0,260,2021-05-09,SpaceX,Cape Canaveral,Falcon 9,Communications
Starlink-2501 ,USA,Commercial,Communications,LEO,Non-Polar Inclined,0.0,260,2021-04-28,SpaceX,Cape Canaveral,Falcon 9,Communications
Starlink-2502 ,USA,Commercial,Communications,LEO,Non-Polar Inclined,0.0,260,2021-04-28,SpaceX,Cape Canaveral,Falcon 9,Communications
Starlink-2503 ,USA,Commercial,Communications,LEO,Non-Polar Inclined,0.0,260,2021-04-07,SpaceX,Cape Canaveral,Falcon 9,Communications
Starlink-2504 ,USA,Commercial,Communications,LEO,Non-Polar Inclined,0.0,260,2021-04-28,SpaceX,Cape Canaveral,Falcon 9,Communications
Starlink-2505,USA,Commercial,Communications,LEO,Non-Polar Inclined,0.0,260,2021-05-04,SpaceX,Cape Canaveral,Falcon 9,Communications
Starlink-2506 ,USA,Commercial,Communications,LEO,Non-Polar Inclined,0.0,260,2021-04-28,SpaceX,Cape Canaveral,Falcon 9,Communications
Starlink-2507 ,USA,Commercial,Communications,LEO,Non-Polar Inclined,0.0,260,2021-04-28,SpaceX,Cape Canaveral,Falcon 9,Communications
Starlink-2508,USA,Commercial,Communications,LEO,Non-Polar Inclined,0.0,260,2021-05-09,SpaceX,Cape Canaveral,Falcon 9,Communications
Starlink-2509 ,USA,Commercial,Communications,LEO,Non-Polar Inclined,0.0,260,2021-04-28,SpaceX,Cape Canaveral,Falcon 9,Communications
Starlink-2510 ,USA,Commercial,Communications,LEO,Non-Polar Inclined,0.0,260,2021-04-28,SpaceX,Cape Canaveral,Falcon 9,Communications
Starlink-2511 ,USA,Commercial,Communications,LEO,Non-Polar Inclined,0.0,260,2021-04-28,SpaceX,Cape Canaveral,Falcon 9,Communications
Starlink-2512 ,USA,Commercial,Communications,LEO,Non-Polar Inclined,0.0,260,2021-04-28,SpaceX,Cape Canaveral,Falcon 9,Communications
Starlink-2513 ,USA,Commercial,Communications,LEO,Non-Polar Inclined,0.0,260,2021-04-28,SpaceX,Cape Canaveral,Falcon 9,Communications
Starlink-2514 ,USA,Commercial,Communications,LEO,Non-Polar Inclined,0.0,260,2021-04-28,SpaceX,Cape Canaveral,Falcon 9,Communications
Starlink-2515 ,USA,Commercial,Communications,LEO,Non-Polar Inclined,0.0,260,2021-04-28,SpaceX,Cape Canaveral,Falcon 9,Communications
Starlink-2516 ,USA,Commercial,Communications,LEO,Non-Polar Inclined,0.0,260,2021-04-28,SpaceX,Cape Canaveral,Falcon 9,Communications
Starlink-2517 ,USA,Commercial,Communications,LEO,Non-Polar Inclined,0.0,260,2021-04-28,SpaceX,Cape Canaveral,Falcon 9,Communications
Starlink-2518 ,USA,Commercial,Communications,LEO,Non-Polar Inclined,0.0,260,2021-04-28,SpaceX,Cape Canaveral,Falcon 9,Communications
Starlink-2519 ,USA,Commercial,Communications,LEO,Non-Polar Inclined,0.0,260,2021-04-28,SpaceX,Cape Canaveral,Falcon 9,Communications
Starlink-2520 ,USA,Commercial,Communications,LEO,Non-Polar Inclined,0.0,260,2021-04-28,SpaceX,Cape Canaveral,Falcon 9,Communications
Starlink-2521,USA,Commercial,Communications,LEO,Non-Polar Inclined,0.0,260,2021-05-26,SpaceX,Cape Canaveral,Falcon 9,Communications
Starlink-2523 ,USA,Commercial,Communications,LEO,Non-Polar Inclined,0.0,260,2021-04-28,SpaceX,Cape Canaveral,Falcon 9,Communications
Starlink-2524 ,USA,Commercial,Communications,LEO,Non-Polar Inclined,0.0,260,2021-04-28,SpaceX,Cape Canaveral,Falcon 9,Communications
Starlink-2525,USA,Commercial,Communications,LEO,Non-Polar Inclined,0.0,260,2021-05-09,SpaceX,Cape Canaveral,Falcon 9,Communications
Starlink-2526,USA,Commercial,Communications,LEO,Non-Polar Inclined,0.0,260,2021-05-04,SpaceX,Cape Canaveral,Falcon 9,Communications
Starlink-2527 ,USA,Commercial,Communications,LEO,Non-Polar Inclined,0.0,260,2021-04-28,SpaceX,Cape Canaveral,Falcon 9,Communications
Starlink-2528 ,USA,Commercial,Communications,LEO,Non-Polar Inclined,0.0,260,2021-04-28,SpaceX,Cape Canaveral,Falcon 9,Communications
Starlink-2529,USA,Commercial,Communications,LEO,Non-Polar Inclined,0.0,260,2021-05-09,SpaceX,Cape Canaveral,Falcon 9,Communications
Starlink-2530 ,USA,Commercial,Communications,LEO,Non-Polar Inclined,0.0,260,2021-04-28,SpaceX,Cape Canaveral,Falcon 9,Communications
Starlink-2531,USA,Commercial,Communications,LEO,Non-Polar Inclined,0.0,260,2021-05-09,SpaceX,Cape Canaveral,Falcon 9,Communications
Starlink-2532 ,USA,Commercial,Communications,LEO,Non-Polar Inclined,0.0,260,2021-04-28,SpaceX,Cape Canaveral,Falcon 9,Communications
Starlink-2533 ,USA,Commercial,Communications,LEO,Non-Polar Inclined,0.0,260,2021-04-28,SpaceX,Cape Canaveral,Falcon 9,Communications
Starlink-2534 ,USA,Commercial,Communications,LEO,Non-Polar Inclined,0.0,260,2021-04-28,SpaceX,Cape Canaveral,Falcon 9,Communications
Starlink-2535 ,USA,Commercial,Communications,LEO,Non-Polar Inclined,0.0,260,2021-04-28,SpaceX,Cape Canaveral,Falcon 9,Communications
Starlink-2536 ,USA,Commercial,Communications,LEO,Non-Polar Inclined,0.0,260,2021-04-28,SpaceX,Cape Canaveral,Falcon 9,Communications
Starlink-2537 ,USA,Commercial,Communications,LEO,Non-Polar Inclined,0.0,260,2021-04-28,SpaceX,Cape Canaveral,Falcon 9,Communications
Starlink-2538 ,USA,Commercial,Communications,LEO,Non-Polar Inclined,0.0,260,2021-04-28,SpaceX,Cape Canaveral,Falcon 9,Communications
Starlink-2540 ,USA,Commercial,Communications,LEO,Non-Polar Inclined,0.0,260,2021-04-28,SpaceX,Cape Canaveral,Falcon 9,Communications
Starlink-2541 ,USA,Commercial,Communications,LEO,Non-Polar Inclined,0.0,260,2021-04-28,SpaceX,Cape Canaveral,Falcon 9,Communications
Starlink-2542 ,USA,Commercial,Communications,LEO,Non-Polar Inclined,0.0,260,2021-04-28,SpaceX,Cape Canaveral,Falcon 9,Communications
Starlink-2543 ,USA,Commercial,Communications,LEO,Non-Polar Inclined,0.0,260,2021-04-28,SpaceX,Cape Canaveral,Falcon 9,Communications
Starlink-2544 ,USA,Commercial,Communications,LEO,Non-Polar Inclined,0.0,260,2021-04-28,SpaceX,Cape Canaveral,Falcon 9,Communications
Starlink-2545 ,USA,Commercial,Communications,LEO,Non-Polar Inclined,0.0,260,2021-04-28,SpaceX,Cape Canaveral,Falcon 9,Communications
Starlink-2546 ,USA,Commercial,Communications,LEO,Non-Polar Inclined,0.0,260,2021-04-28,SpaceX,Cape Canaveral,Falcon 9,Communications
Starlink-2547 ,USA,Commercial,Communications,LEO,Non-Polar Inclined,0.0,260,2021-04-28,SpaceX,Cape Canaveral,Falcon 9,Communications
Starlink-2548 ,USA,Commercial,Communications,LEO,Non-Polar Inclined,0.0,260,2021-04-28,SpaceX,Cape Canaveral,Falcon 9,Communications
Starlink-2549 ,USA,Commercial,Communications,LEO,Non-Polar Inclined,0.0,260,2021-04-28,SpaceX,Cape Canaveral,Falcon 9,Communications
Starlink-2550 ,USA,Commercial,Communications,LEO,Non-Polar Inclined,0.0,260,2021-04-28,SpaceX,Cape Canaveral,Falcon 9,Communications
Starlink-2555 ,USA,Commercial,Communications,LEO,Non-Polar Inclined,0.0,260,2021-04-28,SpaceX,Cape Canaveral,Falcon 9,Communications
Starlink-2556 ,USA,Commercial,Communications,LEO,Non-Polar Inclined,0.0,260,2021-04-28,SpaceX,Cape Canaveral,Falcon 9,Communications
Starlink-2557 ,USA,Commercial,Communications,LEO,Non-Polar Inclined,0.0,260,2021-04-28,SpaceX,Cape Canaveral,Falcon 9,Communications
Starlink-2558 ,USA,Commercial,Communications,LEO,Non-Polar Inclined,0.0,260,2021-04-28,SpaceX,Cape Canaveral,Falcon 9,Communications
Starlink-2559 ,USA,Commercial,Communications,LEO,Non-Polar Inclined,0.0,260,2021-04-28,SpaceX,Cape Canaveral,Falcon 9,Communications
Starlink-2560,USA,Commercial,Communications,LEO,Non-Polar Inclined,0.0,260,2021-05-04,SpaceX,Cape Canaveral,Falcon 9,Communications
Starlink-2561,USA,Commercial,Communications,LEO,Non-Polar Inclined,0.0,260,2021-05-04,SpaceX,Cape Canaveral,Falcon 9,Communications
Starlink-2562 ,USA,Commercial,Communications,LEO,Non-Polar Inclined,0.0,260,2021-04-28,SpaceX,Cape Canaveral,Falcon 9,Communications
Starlink-2563,USA,Commercial,Communications,LEO,Non-Polar Inclined,0.0,260,2021-05-04,SpaceX,Cape Canaveral,Falcon 9,Communications
Starlink-2564 ,USA,Commercial,Communications,LEO,Non-Polar Inclined,0.0,260,2021-04-28,SpaceX,Cape Canaveral,Falcon 9,Communications
Starlink-2565 ,USA,Commercial,Communications,LEO,Non-Polar Inclined,0.0,260,2021-04-28,SpaceX,Cape Canaveral,Falcon 9,Communications
Starlink-2566 ,USA,Commercial,Communications,LEO,Non-Polar Inclined,0.0,260,2021-04-28,SpaceX,Cape Canaveral,Falcon 9,Communications
Starlink-2567 ,USA,Commercial,Communications,LEO,Non-Polar Inclined,0.0,260,2021-04-28,SpaceX,Cape Canaveral,Falcon 9,Communications
Starlink-2568,USA,Commercial,Communications,LEO,Non-Polar Inclined,0.0,260,2021-05-04,SpaceX,Cape Canaveral,Falcon 9,Communications
Starlink-2569 ,USA,Commercial,Communications,LEO,Non-Polar Inclined,0.0,260,2021-04-28,SpaceX,Cape Canaveral,Falcon 9,Communications
Starlink-2570,USA,Commercial,Communications,LEO,Non-Polar Inclined,0.0,260,2021-05-04,SpaceX,Cape Canaveral,Falcon 9,Communications
Starlink-2571,USA,Commercial,Communications,LEO,Non-Polar Inclined,0.0,260,2021-05-04,SpaceX,Cape Canaveral,Falcon 9,Communications
Starlink-2572,USA,Commercial,Communications,LEO,Non-Polar Inclined,0.0,260,2021-05-04,SpaceX,Cape Canaveral,Falcon 9,Communications
Starlink-2573,USA,Commercial,Communications,LEO,Non-Polar Inclined,0.0,260,2021-05-04,SpaceX,Cape Canaveral,Falcon 9,Communications
Starlink-2574,USA,Commercial,Communications,LEO,Non-Polar Inclined,0.0,260,2021-05-04,SpaceX,Cape Canaveral,Falcon 9,Communications
Starlink-2575,USA,Commercial,Communications,LEO,Non-Polar Inclined,0.0,260,2021-05-04,SpaceX,Cape Canaveral,Falcon 9,Communications
Starlink-2576,USA,Commercial,Communications,LEO,Non-Polar Inclined,0.0,260,2021-05-04,SpaceX,Cape Canaveral,Falcon 9,Communications
Starlink-2578,USA,Commercial,Communications,LEO,Non-Polar Inclined,0.0,260,2021-05-04,SpaceX,Cape Canaveral,Falcon 9,Communications
Starlink-2579,USA,Commercial,Communications,LEO,Non-Polar Inclined,0.0,260,2021-05-09,SpaceX,Cape Canaveral,Falcon 9,Communications
Starlink-2580 ,USA,Commercial,Communications,LEO,Non-Polar Inclined,0.0,260,2021-04-28,SpaceX,Cape Canaveral,Falcon 9,Communications
Starlink-2581,USA,Commercial,Communications,LEO,Non-Polar Inclined,0.0,260,2021-05-04,SpaceX,Cape Canaveral,Falcon 9,Communications
Starlink-2582,USA,Commercial,Communications,LEO,Non-Polar Inclined,0.0,260,2021-05-09,SpaceX,Cape Canaveral,Falcon 9,Communications
Starlink-2583,USA,Commercial,Communications,LEO,Non-Polar Inclined,0.0,260,2021-05-09,SpaceX,Cape Canaveral,Falcon 9,Communications
Starlink-2585,USA,Commercial,Communications,LEO,Non-Polar Inclined,0.0,260,2021-05-04,SpaceX,Cape Canaveral,Falcon 9,Communications
Starlink-2586,USA,Commercial,Communications,LEO,Non-Polar Inclined,0.0,260,2021-05-04,SpaceX,Cape Canaveral,Falcon 9,Communications
Starlink-2587,USA,Commercial,Communications,LEO,Non-Polar Inclined,0.0,260,2021-05-04,SpaceX,Cape Canaveral,Falcon 9,Communications
Starlink-2588,USA,Commercial,Communications,LEO,Non-Polar Inclined,0.0,260,2021-05-04,SpaceX,Cape Canaveral,Falcon 9,Communications
Starlink-2589,USA,Commercial,Communications,LEO,Non-Polar Inclined,0.0,260,2021-05-04,SpaceX,Cape Canaveral,Falcon 9,Communications
Starlink-2590,USA,Commercial,Communications,LEO,Non-Polar Inclined,0.0,260,2021-05-04,SpaceX,Cape Canaveral,Falcon 9,Communications
Starlink-2591,USA,Commercial,Communications,LEO,Non-Polar Inclined,0.0,260,2021-05-04,SpaceX,Cape Canaveral,Falcon 9,Communications
Starlink-2592,USA,Commercial,Communications,LEO,Non-Polar Inclined,0.0,260,2021-05-04,SpaceX,Cape Canaveral,Falcon 9,Communications
Starlink-2593,USA,Commercial,Communications,LEO,Non-Polar Inclined,0.0,260,2021-05-04,SpaceX,Cape Canaveral,Falcon 9,Communications
Starlink-2594,USA,Commercial,Communications,LEO,Non-Polar Inclined,0.0,260,2021-05-04,SpaceX,Cape Canaveral,Falcon 9,Communications
Starlink-2595,USA,Commercial,Communications,LEO,Non-Polar Inclined,0.0,260,2021-05-04,SpaceX,Cape Canaveral,Falcon 9,Communications
Starlink-2596,USA,Commercial,Communications,LEO,Non-Polar Inclined,0.0,260,2021-05-04,SpaceX,Cape Canaveral,Falcon 9,Communications
Starlink-2598,USA,Commercial,Communications,LEO,Non-Polar Inclined,0.0,260,2021-05-04,SpaceX,Cape Canaveral,Falcon 9,Communications
Starlink-2599,USA,Commercial,Communications,LEO,Non-Polar Inclined,0.0,260,2021-05-04,SpaceX,Cape Canaveral,Falcon 9,Communications
Starlink-2600,USA,Commercial,Communications,LEO,Non-Polar Inclined,0.0,260,2021-05-04,SpaceX,Cape Canaveral,Falcon 9,Communications
Starlink-2600,USA,Commercial,Communications,LEO,Non-Polar Inclined,0.0,260,2021-05-09,SpaceX,Cape Canaveral,Falcon 9,Communications
Starlink-2601,USA,Commercial,Communications,LEO,Non-Polar Inclined,0.0,260,2021-05-04,SpaceX,Cape Canaveral,Falcon 9,Communications
Starlink-2602,USA,Commercial,Communications,LEO,Non-Polar Inclined,0.0,260,2021-05-04,SpaceX,Cape Canaveral,Falcon 9,Communications
Starlink-2603,USA,Commercial,Communications,LEO,Non-Polar Inclined,0.0,260,2021-05-04,SpaceX,Cape Canaveral,Falcon 9,Communications
Starlink-2604,USA,Commercial,Communications,LEO,Non-Polar Inclined,0.0,260,2021-05-04,SpaceX,Cape Canaveral,Falcon 9,Communications
Starlink-2605,USA,Commercial,Communications,LEO,Non-Polar Inclined,0.0,260,2021-05-04,SpaceX,Cape Canaveral,Falcon 9,Communications
Starlink-2606,USA,Commercial,Communications,LEO,Non-Polar Inclined,0.0,260,2021-05-04,SpaceX,Cape Canaveral,Falcon 9,Communications
Starlink-2607,USA,Commercial,Communications,LEO,Non-Polar Inclined,0.0,260,2021-05-04,SpaceX,Cape Canaveral,Falcon 9,Communications
Starlink-2608,USA,Commercial,Communications,LEO,Non-Polar Inclined,0.0,260,2021-05-04,SpaceX,Cape Canaveral,Falcon 9,Communications
Starlink-2609,USA,Commercial,Communications,LEO,Non-Polar Inclined,0.0,260,2021-05-04,SpaceX,Cape Canaveral,Falcon 9,Communications
Starlink-2610,USA,Commercial,Communications,LEO,Non-Polar Inclined,0.0,260,2021-05-04,SpaceX,Cape Canaveral,Falcon 9,Communications
Starlink-2611,USA,Commercial,Communications,LEO,Non-Polar Inclined,0.0,260,2021-05-04,SpaceX,Cape Canaveral,Falcon 9,Communications
Starlink-2612,USA,Commercial,Communications,LEO,Non-Polar Inclined,0.0,260,2021-05-04,SpaceX,Cape Canaveral,Falcon 9,Communications
Starlink-2613,USA,Commercial,Communications,LEO,Non-Polar Inclined,0.0,260,2021-05-04,SpaceX,Cape Canaveral,Falcon 9,Communications
Starlink-2614,USA,Commercial,Communications,LEO,Non-Polar Inclined,0.0,260,2021-05-04,SpaceX,Cape Canaveral,Falcon 9,Communications
Starlink-2615,USA,Commercial,Communications,LEO,Non-Polar Inclined,0.0,260,2021-05-26,SpaceX,Cape Canaveral,Falcon 9,Communications
Starlink-2616,USA,Commercial,Communications,LEO,Non-Polar Inclined,0.0,260,2021-05-26,SpaceX,Cape Canaveral,Falcon 9,Communications
Starlink-2617,USA,Commercial,Communications,LEO,Non-Polar Inclined,0.0,260,2021-05-26,SpaceX,Cape Canaveral,Falcon 9,Communications
Starlink-2618,USA,Commercial,Communications,LEO,Non-Polar Inclined,0.0,260,2021-05-26,SpaceX,Cape Canaveral,Falcon 9,Communications
Starlink-2619,USA,Commercial,Communications,LEO,Non-Polar Inclined,0.0,260,2021-05-09,SpaceX,Cape Canaveral,Falcon 9,Communications
Starlink-2620,USA,Commercial,Communications,LEO,Non-Polar Inclined,0.0,260,2021-05-09,SpaceX,Cape Canaveral,Falcon 9,Communications
Starlink-2621,USA,Commercial,Communications,LEO,Non-Polar Inclined,0.0,260,2021-05-04,SpaceX,Cape Canaveral,Falcon 9,Communications
Starlink-2622,USA,Commercial,Communications,LEO,Non-Polar Inclined,0.0,260,2021-05-04,SpaceX,Cape Canaveral,Falcon 9,Communications
Starlink-2623,USA,Commercial,Communications,LEO,Non-Polar Inclined,0.0,260,2021-05-04,SpaceX,Cape Canaveral,Falcon 9,Communications
Starlink-2624,USA,Commercial,Communications,LEO,Non-Polar Inclined,0.0,260,2021-05-04,SpaceX,Cape Canaveral,Falcon 9,Communications
Starlink-2626,USA,Commercial,Communications,LEO,Non-Polar Inclined,0.0,260,2021-05-04,SpaceX,Cape Canaveral,Falcon 9,Communications
Starlink-2627,USA,Commercial,Communications,LEO,Non-Polar Inclined,0.0,260,2021-05-26,SpaceX,Cape Canaveral,Falcon 9,Communications
Starlink-2628,USA,Commercial,Communications,LEO,Non-Polar Inclined,0.0,260,2021-05-04,SpaceX,Cape Canaveral,Falcon 9,Communications
Starlink-2629,USA,Commercial,Communications,LEO,Non-Polar Inclined,0.0,260,2021-05-26,SpaceX,Cape Canaveral,Falcon 9,Communications
Starlink-2630,USA,Commercial,Communications,LEO,Non-Polar Inclined,0.0,260,2021-05-04,SpaceX,Cape Canaveral,Falcon 9,Communications
Starlink-2631,USA,Commercial,Communications,LEO,Non-Polar Inclined,0.0,260,2021-05-04,SpaceX,Cape Canaveral,Falcon 9,Communications
Starlink-2632,USA,Commercial,Communications,LEO,Non-Polar Inclined,0.0,260,2021-05-09,SpaceX,Cape Canaveral,Falcon 9,Communications
Starlink-2633,USA,Commercial,Communications,LEO,Non-Polar Inclined,0.0,260,2021-05-09,SpaceX,Cape Canaveral,Falcon 9,Communications
Starlink-2633,USA,Commercial,Communications,LEO,Non-Polar Inclined,0.0,260,2021-05-09,SpaceX,Cape Canaveral,Falcon 9,Communications
Starlink-2634,USA,Commercial,Communications,LEO,Non-Polar Inclined,0.0,260,2021-05-09,SpaceX,Cape Canaveral,Falcon 9,Communications
Starlink-2635,USA,Commercial,Communications,LEO,Non-Polar Inclined,0.0,260,2021-05-04,SpaceX,Cape Canaveral,Falcon 9,Communications
Starlink-2636,USA,Commercial,Communications,LEO,Non-Polar Inclined,0.0,260,2021-05-04,SpaceX,Cape Canaveral,Falcon 9,Communications
Starlink-2637,USA,Commercial,Communications,LEO,Non-Polar Inclined,0.0,260,2021-05-04,SpaceX,Cape Canaveral,Falcon 9,Communications
Starlink-2639,USA,Commercial,Communications,LEO,Non-Polar Inclined,0.0,260,2021-05-09,SpaceX,Cape Canaveral,Falcon 9,Communications
Starlink-2640,USA,Commercial,Communications,LEO,Non-Polar Inclined,0.0,260,2021-05-09,SpaceX,Cape Canaveral,Falcon 9,Communications
Starlink-2641,USA,Commercial,Communications,LEO,Non-Polar Inclined,0.0,260,2021-05-04,SpaceX,Cape Canaveral,Falcon 9,Communications
Starlink-2642,USA,Commercial,Communications,LEO,Non-Polar Inclined,0.0,260,2021-05-09,SpaceX,Cape Canaveral,Falcon 9,Communications
Starlink-2643,USA,Commercial,Communications,LEO,Non-Polar Inclined,0.0,260,2021-05-04,SpaceX,Cape Canaveral,Falcon 9,Communications
Starlink-2644,USA,Commercial,Communications,LEO,Non-Polar Inclined,0.0,260,2021-05-09,SpaceX,Cape Canaveral,Falcon 9,Communications
Starlink-2645,USA,Commercial,Communications,LEO,Non-Polar Inclined,0.0,260,2021-05-09,SpaceX,Cape Canaveral,Falcon 9,Communications
Starlink-2646,USA,Commercial,Communications,LEO,Non-Polar Inclined,0.0,260,2021-05-26,SpaceX,Cape Canaveral,Falcon 9,Communications
Starlink-2647,USA,Commercial,Communications,LEO,Non-Polar Inclined,0.0,260,2021-05-26,SpaceX,Cape Canaveral,Falcon 9,Communications
Starlink-2648,USA,Commercial,Communications,LEO,Non-Polar Inclined,0.0,260,2021-05-26,SpaceX,Cape Canaveral,Falcon 9,Communications
Starlink-2649,USA,Commercial,Communications,LEO,Non-Polar Inclined,0.0,260,2021-05-26,SpaceX,Cape Canaveral,Falcon 9,Communications
Starlink-2651,USA,Commercial,Communications,LEO,Non-Polar Inclined,0.0,260,2021-05-26,SpaceX,Cape Canaveral,Falcon 9,Communications
Starlink-2652,USA,Commercial,Communications,LEO,Non-Polar Inclined,0.0,260,2021-05-09,SpaceX,Cape Canaveral,Falcon 9,Communications
Starlink-2653,USA,Commercial,Communications,LEO,Non-Polar Inclined,0.0,260,2021-05-26,SpaceX,Cape Canaveral,Falcon 9,Communications
Starlink-2654,USA,Commercial,Communications,LEO,Non-Polar Inclined,0.0,260,2021-05-09,SpaceX,Cape Canaveral,Falcon 9,Communications
Starlink-2655,USA,Commercial,Communications,LEO,Non-Polar Inclined,0.0,260,2021-05-09,SpaceX,Cape Canaveral,Falcon 9,Communications
Starlink-2657,USA,Commercial,Communications,LEO,Non-Polar Inclined,0.0,260,2021-05-26,SpaceX,Cape Canaveral,Falcon 9,Communications
Starlink-2658,USA,Commercial,Communications,LEO,Non-Polar Inclined,0.0,260,2021-05-09,SpaceX,Cape Canaveral,Falcon 9,Communications
Starlink-2659,USA,Commercial,Communications,LEO,Non-Polar Inclined,0.0,260,2021-05-09,SpaceX,Cape Canaveral,Falcon 9,Communications
Starlink-2661,USA,Commercial,Communications,LEO,Non-Polar Inclined,0.0,260,2021-05-09,SpaceX,Cape Canaveral,Falcon 9,Communications
Starlink-2666,USA,Commercial,Communications,LEO,Non-Polar Inclined,0.0,260,2021-05-26,SpaceX,Cape Canaveral,Falcon 9,Communications
Starlink-2667,USA,Commercial,Communications,LEO,Non-Polar Inclined,0.0,260,2021-05-26,SpaceX,Cape Canaveral,Falcon 9,Communications
Starlink-2672,USA,Commercial,Communications,LEO,Non-Polar Inclined,0.0,260,2021-05-26,SpaceX,Cape Canaveral,Falcon 9,Communications
Starlink-2673,USA,Commercial,Communications,LEO,Non-Polar Inclined,0.0,260,2021-05-26,SpaceX,Cape Canaveral,Falcon 9,Communications
Starlink-2674,USA,Commercial,Communications,LEO,Non-Polar Inclined,0.0,260,2021-05-04,SpaceX,Cape Canaveral,Falcon 9,Communications
Starlink-2675,USA,Commercial,Communications,LEO,Non-Polar Inclined,0.0,260,2021-05-09,SpaceX,Cape Canaveral,Falcon 9,Communications
Starlink-2680,USA,Commercial,Communications,LEO,Non-Polar Inclined,0.0,260,2021-05-09,SpaceX,Cape Canaveral,Falcon 9,Communications
Starlink-2681,USA,Commercial,Communications,LEO,Non-Polar Inclined,0.0,260,2021-05-09,SpaceX,Cape Canaveral,Falcon 9,Communications
Starlink-2682,USA,Commercial,Communications,LEO,Non-Polar Inclined,0.0,260,2021-05-09,SpaceX,Cape Canaveral,Falcon 9,Communications
Starlink-2683,USA,Commercial,Communications,LEO,Non-Polar Inclined,0.0,260,2021-05-09,SpaceX,Cape Canaveral,Falcon 9,Communications
Starlink-2684,USA,Commercial,Communications,LEO,Non-Polar Inclined,0.0,260,2021-05-09,SpaceX,Cape Canaveral,Falcon 9,Communications
Starlink-2685,USA,Commercial,Communications,LEO,Non-Polar Inclined,0.0,260,2021-05-09,SpaceX,Cape Canaveral,Falcon 9,Communications
Starlink-2686,USA,Commercial,Communications,LEO,Non-Polar Inclined,0.0,260,2021-05-09,SpaceX,Cape Canaveral,Falcon 9,Communications
Starlink-2687,USA,Commercial,Communications,LEO,Non-Polar Inclined,0.0,260,2021-05-09,SpaceX,Cape Canaveral,Falcon 9,Communications
Starlink-2688,USA,Commercial,Communications,LEO,Non-Polar Inclined,0.0,260,2021-05-26,SpaceX,Cape Canaveral,Falcon 9,Communications
Starlink-2689,USA,Commercial,Communications,LEO,Non-Polar Inclined,0.0,260,2021-05-09,SpaceX,Cape Canaveral,Falcon 9,Communications
Starlink-2690,USA,Commercial,Communications,LEO,Non-Polar Inclined,0.0,260,2021-05-09,SpaceX,Cape Canaveral,Falcon 9,Communications
Starlink-2691,USA,Commercial,Communications,LEO,Non-Polar Inclined,0.0,260,2021-05-26,SpaceX,Cape Canaveral,Falcon 9,Communications
Starlink-2692,USA,Commercial,Communications,LEO,Non-Polar Inclined,0.0,260,2021-05-09,SpaceX,Cape Canaveral,Falcon 9,Communications
Starlink-2693,USA,Commercial,Communications,LEO,Non-Polar Inclined,0.0,260,2021-05-09,SpaceX,Cape Canaveral,Falcon 9,Communications
Starlink-2695,USA,Commercial,Communications,LEO,Non-Polar Inclined,0.0,260,2021-05-26,SpaceX,Cape Canaveral,Falcon 9,Communications
Starlink-2696,USA,Commercial,Communications,LEO,Non-Polar Inclined,0.0,260,2021-05-09,SpaceX,Cape Canaveral,Falcon 9,Communications
Starlink-2697,USA,Commercial,Communications,LEO,Non-Polar Inclined,0.0,260,2021-05-09,SpaceX,Cape Canaveral,Falcon 9,Communications
Starlink-2698,USA,Commercial,Communications,LEO,Non-Polar Inclined,0.0,260,2021-05-09,SpaceX,Cape Canaveral,Falcon 9,Communications
Starlink-2699,USA,Commercial,Communications,LEO,Non-Polar Inclined,0.0,260,2021-05-09,SpaceX,Cape Canaveral,Falcon 9,Communications
Starlink-2700,USA,Commercial,Communications,LEO,Non-Polar Inclined,0.0,260,2021-05-09,SpaceX,Cape Canaveral,Falcon 9,Communications
Starlink-2701,USA,Commercial,Communications,LEO,Non-Polar Inclined,0.0,260,2021-05-26,SpaceX,Cape Canaveral,Falcon 9,Communications
Starlink-2702,USA,Commercial,Communications,LEO,Non-Polar Inclined,0.0,260,2021-05-09,SpaceX,Cape Canaveral,Falcon 9,Communications
Starlink-2703,USA,Commercial,Communications,LEO,Non-Polar Inclined,0.0,260,2021-05-09,SpaceX,Cape Canaveral,Falcon 9,Communications
Starlink-2704,USA,Commercial,Communications,LEO,Non-Polar Inclined,0.0,260,2021-05-26,SpaceX,Cape Canaveral,Falcon 9,Communications
Starlink-2705,USA,Commercial,Communications,LEO,Non-Polar Inclined,0.0,260,2021-05-26,SpaceX,Cape Canaveral,Falcon 9,Communications
Starlink-2706,USA,Commercial,Communications,LEO,Non-Polar Inclined,0.0,260,2021-05-09,SpaceX,Cape Canaveral,Falcon 9,Communications
Starlink-2707,USA,Commercial,Communications,LEO,Non-Polar Inclined,0.0,260,2021-05-26,SpaceX,Cape Canaveral,Falcon 9,Communications
Starlink-2708,USA,Commercial,Communications,LEO,Non-Polar Inclined,0.0,260,2021-05-26,SpaceX,Cape Canaveral,Falcon 9,Communications
Starlink-2709,USA,Commercial,Communications,LEO,Non-Polar Inclined,0.0,260,2021-05-26,SpaceX,Cape Canaveral,Falcon 9,Communications
Starlink-2711,USA,Commercial,Communications,LEO,Non-Polar Inclined,0.0,260,2021-05-26,SpaceX,Cape Canaveral,Falcon 9,Communications
Starlink-2712,USA,Commercial,Communications,LEO,Non-Polar Inclined,0.0,260,2021-05-26,SpaceX,Cape Canaveral,Falcon 9,Communications
Starlink-2714,USA,Commercial,Communications,LEO,Non-Polar Inclined,0.0,260,2021-05-15,SpaceX,Cape Canaveral,Falcon 9,Communications
Starlink-2715,USA,Commercial,Communications,LEO,Non-Polar Inclined,0.0,260,2021-05-26,SpaceX,Cape Canaveral,Falcon 9,Communications
Starlink-2717,USA,Commercial,Communications,LEO,Non-Polar Inclined,0.0,260,2021-05-26,SpaceX,Cape Canaveral,Falcon 9,Communications
Starlink-2719,USA,Commercial,Communications,LEO,Non-Polar Inclined,0.0,260,2021-05-26,SpaceX,Cape Canaveral,Falcon 9,Communications
Starlink-2720,USA,Commercial,Communications,LEO,Non-Polar Inclined,0.0,260,2021-05-26,SpaceX,Cape Canaveral,Falcon 9,Communications
Starlink-2722,USA,Commercial,Communications,LEO,Non-Polar Inclined,0.0,260,2021-05-09,SpaceX,Cape Canaveral,Falcon 9,Communications
Starlink-2723,USA,Commercial,Communications,LEO,Non-Polar Inclined,0.0,260,2021-05-09,SpaceX,Cape Canaveral,Falcon 9,Communications
Starlink-2725,USA,Commercial,Communications,LEO,Non-Polar Inclined,0.0,260,2021-05-26,SpaceX,Cape Canaveral,Falcon 9,Communications
Starlink-2726,USA,Commercial,Communications,LEO,Non-Polar Inclined,0.0,260,2021-05-26,SpaceX,Cape Canaveral,Falcon 9,Communications
Starlink-2727,USA,Commercial,Communications,LEO,Non-Polar Inclined,0.0,260,2021-05-26,SpaceX,Cape Canaveral,Falcon 9,Communications
Starlink-2728,USA,Commercial,Communications,LEO,Non-Polar Inclined,0.0,260,2021-05-09,SpaceX,Cape Canaveral,Falcon 9,Communications
Starlink-2729,USA,Commercial,Communications,LEO,Non-Polar Inclined,0.0,260,2021-05-09,SpaceX,Cape Canaveral,Falcon 9,Communications
Starlink-2731,USA,Commercial,Communications,LEO,Non-Polar Inclined,0.0,260,2021-05-26,SpaceX,Cape Canaveral,Falcon 9,Communications
Starlink-2732,USA,Commercial,Communications,LEO,Non-Polar Inclined,0.0,260,2021-05-26,SpaceX,Cape Canaveral,Falcon 9,Communications
Starlink-2733,USA,Commercial,Communications,LEO,Non-Polar Inclined,0.0,260,2021-05-26,SpaceX,Cape Canaveral,Falcon 9,Communications
Starlink-2734,USA,Commercial,Communications,LEO,Non-Polar Inclined,0.0,260,2021-05-26,SpaceX,Cape Canaveral,Falcon 9,Communications
Starlink-2735,USA,Commercial,Communications,LEO,Non-Polar Inclined,0.0,260,2021-05-26,SpaceX,Cape Canaveral,Falcon 9,Communications
Starlink-2736,USA,Commercial,Communications,LEO,Non-Polar Inclined,0.0,260,2021-05-26,SpaceX,Cape Canaveral,Falcon 9,Communications
Starlink-2737,USA,Commercial,Communications,LEO,Non-Polar Inclined,0.0,260,2021-05-26,SpaceX,Cape Canaveral,Falcon 9,Communications
Starlink-2738,USA,Commercial,Communications,LEO,Non-Polar Inclined,0.0,260,2021-05-26,SpaceX,Cape Canaveral,Falcon 9,Communications
Starlink-2739,USA,Commercial,Communications,LEO,Non-Polar Inclined,0.0,260,2021-05-26,SpaceX,Cape Canaveral,Falcon 9,Communications
Starlink-2740,USA,Commercial,Communications,LEO,Non-Polar Inclined,0.0,260,2021-05-26,SpaceX,Cape Canaveral,Falcon 9,Communications
Starlink-2741,USA,Commercial,Communications,LEO,Non-Polar Inclined,0.0,260,2021-05-26,SpaceX,Cape Canaveral,Falcon 9,Communications
Starlink-2742,USA,Commercial,Communications,LEO,Non-Polar Inclined,0.0,260,2021-05-26,SpaceX,Cape Canaveral,Falcon 9,Communications
Starlink-2743,USA,Commercial,Communications,LEO,Non-Polar Inclined,0.0,260,2021-05-26,SpaceX,Cape Canaveral,Falcon 9,Communications
Starlink-2745,USA,Commercial,Communications,LEO,Non-Polar Inclined,0.0,260,2021-05-26,SpaceX,Cape Canaveral,Falcon 9,Communications
Starlink-2746,USA,Commercial,Communications,LEO,Non-Polar Inclined,0.0,260,2021-05-26,SpaceX,Cape Canaveral,Falcon 9,Communications
Starlink-2748,USA,Commercial,Communications,LEO,Non-Polar Inclined,0.0,260,2021-05-26,SpaceX,Cape Canaveral,Falcon 9,Communications
Starlink-2749,USA,Commercial,Communications,LEO,Non-Polar Inclined,0.0,260,2021-05-09,SpaceX,Cape Canaveral,Falcon 9,Communications
Starlink-2750,USA,Commercial,Communications,LEO,Non-Polar Inclined,0.0,260,2021-05-26,SpaceX,Cape Canaveral,Falcon 9,Communications
Starlink-2751,USA,Commercial,Communications,LEO,Non-Polar Inclined,0.0,260,2021-05-26,SpaceX,Cape Canaveral,Falcon 9,Communications
Starlink-2752,USA,Commercial,Communications,LEO,Non-Polar Inclined,0.0,260,2021-05-26,SpaceX,Cape Canaveral,Falcon 9,Communications
Starlink-2753,USA,Commercial,Communications,LEO,Non-Polar Inclined,0.0,260,2021-05-26,SpaceX,Cape Canaveral,Falcon 9,Communications
Starlink-2754,USA,Commercial,Communications,LEO,Non-Polar Inclined,0.0,260,2021-05-26,SpaceX,Cape Canaveral,Falcon 9,Communications
Starlink-2755,USA,Commercial,Communications,LEO,Non-Polar Inclined,0.0,260,2021-05-09,SpaceX,Cape Canaveral,Falcon 9,Communications
Starlink-2756,USA,Commercial,Communications,LEO,Non-Polar Inclined,0.0,260,2021-05-26,SpaceX,Cape Canaveral,Falcon 9,Communications
Starlink-2757,USA,Commercial,Communications,LEO,Non-Polar Inclined,0.0,260,2021-05-15,SpaceX,Cape Canaveral,Falcon 9,Communications
Starlink-2758,USA,Commercial,Communications,LEO,Non-Polar Inclined,0.0,260,2021-05-26,SpaceX,Cape Canaveral,Falcon 9,Communications
Starlink-2763,USA,Commercial,Communications,LEO,Non-Polar Inclined,0.0,260,2021-05-26,SpaceX,Cape Canaveral,Falcon 9,Communications
Starlink-3003,USA,Commercial,Communications,LEO,Sun-Synchronous,0.0,260,2021-06-30,SpaceX,Cape Canaveral,Falcon 9,Communications
Starlink-30037               ,USA,Commercial,Communications,LEO,Non-Polar Inclined,0.0,800,2023-02-27,SpaceX,Cape Canaveral,Falcon 9,Communications
Starlink-30038               ,USA,Commercial,Communications,LEO,Non-Polar Inclined,0.0,800,2023-02-27,SpaceX,Cape Canaveral,Falcon 9,Communications
Starlink-3004,USA,Commercial,Communications,LEO,Sun-Synchronous,0.0,260,2021-06-30,SpaceX,Cape Canaveral,Falcon 9,Communications
Starlink-30040               ,USA,Commercial,Communications,LEO,Non-Polar Inclined,0.0,800,2023-02-27,SpaceX,Cape Canaveral,Falcon 9,Communications
Starlink-30042               ,USA,Commercial,Communications,LEO,Non-Polar Inclined,0.0,800,2023-02-27,SpaceX,Cape Canaveral,Falcon 9,Communications
Starlink-30044               ,USA,Commercial,Communications,LEO,Non-Polar Inclined,0.0,800,2023-02-27,SpaceX,Cape Canaveral,Falcon 9,Communications
Starlink-30046               ,USA,Commercial,Communications,LEO,Non-Polar Inclined,0.0,800,2023-02-27,SpaceX,Cape Canaveral,Falcon 9,Communications
Starlink-30047               ,USA,Commercial,Communications,LEO,Non-Polar Inclined,0.0,800,2023-02-27,SpaceX,Cape Canaveral,Falcon 9,Communications
Starlink-30048               ,USA,Commercial,Communications,LEO,Non-Polar Inclined,0.0,800,2023-02-27,SpaceX,Cape Canaveral,Falcon 9,Communications
Starlink-30049,USA,Commercial,Communications,LEO,Non-Polar Inclined,0.0,750,2023-04-19,SpaceX,Cape Canaveral,Falcon 9,Communications
Starlink-3005,USA,Commercial,Communications,LEO,Sun-Synchronous,0.0,260,2021-06-30,SpaceX,Cape Canaveral,Falcon 9,Communications
Starlink-30050,USA,Commercial,Communications,LEO,Non-Polar Inclined,0.0,800,2023-02-27,SpaceX,Cape Canaveral,Falcon 9,Communications
Starlink-30051               ,USA,Commercial,Communications,LEO,Non-Polar Inclined,0.0,800,2023-02-27,SpaceX,Cape Canaveral,Falcon 9,Communications
Starlink-30055               ,USA,Commercial,Communications,LEO,Non-Polar Inclined,0.0,800,2023-02-27,SpaceX,Cape Canaveral,Falcon 9,Communications
Starlink-30057               ,USA,Commercial,Communications,LEO,Non-Polar Inclined,0.0,800,2023-02-27,SpaceX,Cape Canaveral,Falcon 9,Communications
Starlink-30058               ,USA,Commercial,Communications,LEO,Non-Polar Inclined,0.0,800,2023-02-27,SpaceX,Cape Canaveral,Falcon 9,Communications
Starlink-30059              ,USA,Commercial,Communications,LEO,Non-Polar Inclined,0.0,800,2023-02-27,SpaceX,Cape Canaveral,Falcon 9,Communications
Starlink-30060               ,USA,Commercial,Communications,LEO,Non-Polar Inclined,0.0,800,2023-02-27,SpaceX,Cape Canaveral,Falcon 9,Communications
Starlink-30061               ,USA,Commercial,Communications,LEO,Non-Polar Inclined,0.0,800,2023-02-27,SpaceX,Cape Canaveral,Falcon 9,Communications
Starlink-30063 ,USA,Commercial,Communications,LEO,Non-Polar Inclined,0.0,800,2023-02-27,SpaceX,Cape Canaveral,Falcon 9,Communications
Starlink-30064               ,USA,Commercial,Communications,LEO,Non-Polar Inclined,0.0,800,2023-02-27,SpaceX,Cape Canaveral,Falcon 9,Communications
Starlink-30065               ,USA,Commercial,Communications,LEO,Non-Polar Inclined,0.0,800,2023-02-27,SpaceX,Cape Canaveral,Falcon 9,Communications
Starlink-30083,USA,Commercial,Communications,LEO,Non-Polar Inclined,0.0,750,2023-04-19,SpaceX,Cape Canaveral,Falcon 9,Communications
Starlink-30086,USA,Commercial,Communications,LEO,Non-Polar Inclined,0.0,750,2023-04-19,SpaceX,Cape Canaveral,Falcon 9,Communications
Starlink-30089,USA,Commercial,Communications,LEO,Non-Polar Inclined,0.0,750,2023-04-19,SpaceX,Cape Canaveral,Falcon 9,Communications
Starlink-30090,USA,Commercial,Communications,LEO,Non-Polar Inclined,0.0,750,2023-04-19,SpaceX,Cape Canaveral,Falcon 9,Communications
Starlink-30094,USA,Commercial,Communications,LEO,Non-Polar Inclined,0.0,750,2023-04-19,SpaceX,Cape Canaveral,Falcon 9,Communications
Starlink-30095,USA,Commercial,Communications,LEO,Non-Polar Inclined,0.0,750,2023-04-19,SpaceX,Cape Canaveral,Falcon 9,Communications
Starlink-30096,USA,Commercial,Communications,LEO,Non-Polar Inclined,0.0,750,2023-04-19,SpaceX,Cape Canaveral,Falcon 9,Communications
Starlink-30097,USA,Commercial,Communications,LEO,Non-Polar Inclined,0.0,750,2023-04-19,SpaceX,Cape Canaveral,Falcon 9,Communications
Starlink-30098,USA,Commercial,Communications,LEO,Non-Polar Inclined,0.0,750,2023-04-19,SpaceX,Cape Canaveral,Falcon 9,Communications
Starlink-30099,USA,Commercial,Communications,LEO,Non-Polar Inclined,0.0,750,2023-04-19,SpaceX,Cape Canaveral,Falcon 9,Communications
Starlink-30101,USA,Commercial,Communications,LEO,Non-Polar Inclined,0.0,750,2023-04-19,SpaceX,Cape Canaveral,Falcon 9,Communications
Starlink-30102,USA,Commercial,Communications,LEO,Non-Polar Inclined,0.0,750,2023-04-19,SpaceX,Cape Canaveral,Falcon 9,Communications
Starlink-30103,USA,Commercial,Communications,LEO,Non-Polar Inclined,0.0,750,2023-04-19,SpaceX,Cape Canaveral,Falcon 9,Communications
Starlink-30104,USA,Commercial,Communications,LEO,Non-Polar Inclined,0.0,750,2023-04-19,SpaceX,Cape Canaveral,Falcon 9,Communications
Starlink-30106,USA,Commercial,Communications,LEO,Non-Polar Inclined,0.0,750,2023-04-19,SpaceX,Cape Canaveral,Falcon 9,Communications
Starlink-30107,USA,Commercial,Communications,LEO,Non-Polar Inclined,0.0,750,2023-04-19,SpaceX,Cape Canaveral,Falcon 9,Communications
Starlink-30108,USA,Commercial,Communications,LEO,Non-Polar Inclined,0.0,750,2023-04-19,SpaceX,Cape Canaveral,Falcon 9,Communications
Starlink-30109,USA,Commercial,Communications,LEO,Non-Polar Inclined,0.0,750,2023-04-19,SpaceX,Cape Canaveral,Falcon 9,Communications
Starlink-30112,USA,Commercial,Communications,LEO,Non-Polar Inclined,0.0,750,2023-04-19,SpaceX,Cape Canaveral,Falcon 9,Communications
Starlink-30113,USA,Commercial,Communications,LEO,Non-Polar Inclined,0.0,750,2023-04-19,SpaceX,Cape Canaveral,Falcon 9,Communications
Starlink-3042 ,USA,Commercial,Communications,LEO,Polar,0.0,260,2021-09-13,SpaceX,Vandenberg AFB,Falcon 9,Communications
Starlink-3043 ,USA,Commercial,Communications,LEO,Polar,0.0,260,2021-09-13,SpaceX,Vandenberg AFB,Falcon 9,Communications
Starlink-3044 ,USA,Commercial,Communications,LEO,Non-Polar Inclined,0.0,260,2021-11-13,SpaceX,Cape Canaveral,Falcon 9,Communications
Starlink-3045 ,USA,Commercial,Communications,LEO,Polar,0.0,260,2021-09-13,SpaceX,Vandenberg AFB,Falcon 9,Communications
Starlink-3046 ,USA,Commercial,Communications,LEO,Polar,0.0,260,2021-09-13,SpaceX,Vandenberg AFB,Falcon 9,Communications
Starlink-3047 ,USA,Commercial,Communications,LEO,Polar,0.0,260,2021-09-13,SpaceX,Vandenberg AFB,Falcon 9,Communications
Starlink-3048 ,USA,Commercial,Communications,LEO,Polar,0.0,260,2021-09-13,SpaceX,Vandenberg AFB,Falcon 9,Communications
Starlink-3049 ,USA,Commercial,Communications,LEO,Non-Polar Inclined,0.0,260,2021-11-13,SpaceX,Cape Canaveral,Falcon 9,Communications
Starlink-3050 ,USA,Commercial,Communications,LEO,Polar,0.0,260,2021-09-13,SpaceX,Vandenberg AFB,Falcon 9,Communications
Starlink-3051 ,USA,Commercial,Communications,LEO,Polar,0.0,260,2021-09-13,SpaceX,Vandenberg AFB,Falcon 9,Communications
Starlink-3052 ,USA,Commercial,Communications,LEO,Polar,0.0,260,2021-09-13,SpaceX,Vandenberg AFB,Falcon 9,Communications
Starlink-3053 ,USA,Commercial,Communications,LEO,Polar,0.0,260,2021-09-13,SpaceX,Vandenberg AFB,Falcon 9,Communications
Starlink-3054 ,USA,Commercial,Communications,LEO,Polar,0.0,260,2021-09-13,SpaceX,Vandenberg AFB,Falcon 9,Communications
Starlink-3055 ,USA,Commercial,Communications,LEO,Polar,0.0,260,2021-09-13,SpaceX,Vandenberg AFB,Falcon 9,Communications
Starlink-3056 ,USA,Commercial,Communications,LEO,Polar,0.0,260,2021-09-13,SpaceX,Vandenberg AFB,Falcon 9,Communications
Starlink-3057 ,USA,Commercial,Communications,LEO,Polar,0.0,260,2021-09-13,SpaceX,Vandenberg AFB,Falcon 9,Communications
Starlink-3058 ,USA,Commercial,Communications,LEO,Polar,0.0,260,2021-09-13,SpaceX,Vandenberg AFB,Falcon 9,Communications
Starlink-3059 ,USA,Commercial,Communications,LEO,Polar,0.0,260,2021-09-13,SpaceX,Vandenberg AFB,Falcon 9,Communications
Starlink-3060 ,USA,Commercial,Communications,LEO,Polar,0.0,260,2021-09-13,SpaceX,Vandenberg AFB,Falcon 9,Communications
Starlink-3068 ,USA,Commercial,Communications,LEO,Polar,0.0,260,2021-09-13,SpaceX,Vandenberg AFB,Falcon 9,Communications
Starlink-3069 ,USA,Commercial,Communications,LEO,Polar,0.0,260,2021-09-13,SpaceX,Vandenberg AFB,Falcon 9,Communications
Starlink-3071 ,USA,Commercial,Communications,LEO,Polar,0.0,260,2021-09-13,SpaceX,Vandenberg AFB,Falcon 9,Communications
Starlink-3072 ,USA,Commercial,Communications,LEO,Polar,0.0,260,2021-09-13,SpaceX,Vandenberg AFB,Falcon 9,Communications
Starlink-3073 ,USA,Commercial,Communications,LEO,Polar,0.0,260,2021-09-13,SpaceX,Vandenberg AFB,Falcon 9,Communications
Starlink-3074 ,USA,Commercial,Communications,LEO,Polar,0.0,260,2021-09-13,SpaceX,Vandenberg AFB,Falcon 9,Communications
Starlink-3075 ,USA,Commercial,Communications,LEO,Non-Polar Inclined,0.0,260,2021-11-13,SpaceX,Cape Canaveral,Falcon 9,Communications
Starlink-3077 ,USA,Commercial,Communications,LEO,Polar,0.0,260,2021-09-13,SpaceX,Vandenberg AFB,Falcon 9,Communications
Starlink-3078 ,USA,Commercial,Communications,LEO,Polar,0.0,260,2021-09-13,SpaceX,Vandenberg AFB,Falcon 9,Communications
Starlink-3079 ,USA,Commercial,Communications,LEO,Non-Polar Inclined,0.0,260,2021-11-13,SpaceX,Cape Canaveral,Falcon 9,Communications
Starlink-3080 ,USA,Commercial,Communications,LEO,Polar,0.0,260,2021-09-13,SpaceX,Vandenberg AFB,Falcon 9,Communications
Starlink-3081 ,USA,Commercial,Communications,LEO,Polar,0.0,260,2021-09-13,SpaceX,Vandenberg AFB,Falcon 9,Communications
Starlink-3082 ,USA,Commercial,Communications,LEO,Polar,0.0,260,2021-09-13,SpaceX,Vandenberg AFB,Falcon 9,Communications
Starlink-3083 ,USA,Commercial,Communications,LEO,Polar,0.0,260,2021-09-13,SpaceX,Vandenberg AFB,Falcon 9,Communications
Starlink-3084 ,USA,Commercial,Communications,LEO,Polar,0.0,260,2021-09-13,SpaceX,Vandenberg AFB,Falcon 9,Communications
Starlink-3085 ,USA,Commercial,Communications,LEO,Polar,0.0,260,2021-09-13,SpaceX,Vandenberg AFB,Falcon 9,Communications
Starlink-3086 ,USA,Commercial,Communications,LEO,Polar,0.0,260,2021-09-13,SpaceX,Vandenberg AFB,Falcon 9,Communications
Starlink-3087 ,USA,Commercial,Communications,LEO,Polar,0.0,260,2021-09-13,SpaceX,Vandenberg AFB,Falcon 9,Communications
Starlink-3088 ,USA,Commercial,Communications,LEO,Polar,0.0,260,2021-09-13,SpaceX,Vandenberg AFB,Falcon 9,Communications
Starlink-3089 ,USA,Commercial,Communications,LEO,Polar,0.0,260,2021-09-13,SpaceX,Vandenberg AFB,Falcon 9,Communications
Starlink-3090 ,USA,Commercial,Communications,LEO,Polar,0.0,260,2021-09-13,SpaceX,Vandenberg AFB,Falcon 9,Communications
Starlink-3091 ,USA,Commercial,Communications,LEO,Polar,0.0,260,2021-09-13,SpaceX,Vandenberg AFB,Falcon 9,Communications
Starlink-3093 ,USA,Commercial,Communications,LEO,Polar,0.0,260,2021-09-13,SpaceX,Vandenberg AFB,Falcon 9,Communications
Starlink-3095 ,USA,Commercial,Communications,LEO,Polar,0.0,260,2021-09-13,SpaceX,Vandenberg AFB,Falcon 9,Communications
Starlink-3096 ,USA,Commercial,Communications,LEO,Polar,0.0,260,2021-09-13,SpaceX,Vandenberg AFB,Falcon 9,Communications
Starlink-3097 ,USA,Commercial,Communications,LEO,Non-Polar Inclined,0.0,260,2021-11-13,SpaceX,Cape Canaveral,Falcon 9,Communications
Starlink-3098 ,USA,Commercial,Communications,LEO,Non-Polar Inclined,0.0,260,2021-11-13,SpaceX,Cape Canaveral,Falcon 9,Communications
Starlink-3099 ,USA,Commercial,Communications,LEO,Non-Polar Inclined,0.0,260,2021-11-13,SpaceX,Cape Canaveral,Falcon 9,Communications
Starlink-3100 ,USA,Commercial,Communications,LEO,Polar,0.0,260,2021-09-13,SpaceX,Vandenberg AFB,Falcon 9,Communications
Starlink-3101 ,USA,Commercial,Communications,LEO,Polar,0.0,260,2021-09-13,SpaceX,Vandenberg AFB,Falcon 9,Communications
Starlink-3102 ,USA,Commercial,Communications,LEO,Polar,0.0,260,2021-09-13,SpaceX,Vandenberg AFB,Falcon 9,Communications
Starlink-3103 ,USA,Commercial,Communications,LEO,Polar,0.0,260,2021-09-13,SpaceX,Vandenberg AFB,Falcon 9,Communications
Starlink-3104 ,USA,Commercial,Communications,LEO,Polar,0.0,260,2021-09-13,SpaceX,Vandenberg AFB,Falcon 9,Communications
Starlink-3105 ,USA,Commercial,Communications,LEO,Non-Polar Inclined,0.0,260,2021-11-13,SpaceX,Cape Canaveral,Falcon 9,Communications
Starlink-3106 ,USA,Commercial,Communications,LEO,Polar,0.0,260,2021-09-13,SpaceX,Vandenberg AFB,Falcon 9,Communications
Starlink-3107 ,USA,Commercial,Communications,LEO,Polar,0.0,260,2021-09-13,SpaceX,Vandenberg AFB,Falcon 9,Communications
Starlink-3108 ,USA,Commercial,Communications,LEO,Non-Polar Inclined,0.0,260,2021-11-13,SpaceX,Cape Canaveral,Falcon 9,Communications
Starlink-3109 ,USA,Commercial,Communications,LEO,Polar,0.0,260,2021-09-13,SpaceX,Vandenberg AFB,Falcon 9,Communications
Starlink-3110 ,USA,Commercial,Communications,LEO,Non-Polar Inclined,0.0,260,2021-11-13,SpaceX,Cape Canaveral,Falcon 9,Communications
Starlink-3111 ,USA,Commercial,Communications,LEO,Non-Polar Inclined,0.0,260,2021-11-13,SpaceX,Cape Canaveral,Falcon 9,Communications
Starlink-3112 ,USA,Commercial,Communications,LEO,Non-Polar Inclined,0.0,260,2021-11-13,SpaceX,Cape Canaveral,Falcon 9,Communications
Starlink-3113 ,USA,Commercial,Communications,LEO,Non-Polar Inclined,0.0,260,2021-12-02,SpaceX,Cape Canaveral,Falcon 9,Communications
Starlink-3114 ,USA,Commercial,Communications,LEO,Non-Polar Inclined,0.0,260,2021-11-13,SpaceX,Cape Canaveral,Falcon 9,Communications
Starlink-3115 ,USA,Commercial,Communications,LEO,Non-Polar Inclined,0.0,260,2021-11-13,SpaceX,Cape Canaveral,Falcon 9,Communications
Starlink-3116 ,USA,Commercial,Communications,LEO,Polar,0.0,260,2021-09-13,SpaceX,Vandenberg AFB,Falcon 9,Communications
Starlink-3117 ,USA,Commercial,Communications,LEO,Non-Polar Inclined,0.0,260,2021-11-13,SpaceX,Cape Canaveral,Falcon 9,Communications
Starlink-3118 ,USA,Commercial,Communications,LEO,Polar,0.0,260,2021-09-13,SpaceX,Vandenberg AFB,Falcon 9,Communications
Starlink-3119 ,USA,Commercial,Communications,LEO,Polar,0.0,260,2021-09-13,SpaceX,Vandenberg AFB,Falcon 9,Communications
Starlink-3120 ,USA,Commercial,Communications,LEO,Non-Polar Inclined,0.0,260,2021-11-13,SpaceX,Cape Canaveral,Falcon 9,Communications
Starlink-3121 ,USA,Commercial,Communications,LEO,Non-Polar Inclined,0.0,260,2021-11-13,SpaceX,Cape Canaveral,Falcon 9,Communications
Starlink-3122 ,USA,Commercial,Communications,LEO,Non-Polar Inclined,0.0,260,2021-11-13,SpaceX,Cape Canaveral,Falcon 9,Communications
Starlink-3124 ,USA,Commercial,Communications,LEO,Non-Polar Inclined,0.0,260,2021-11-13,SpaceX,Cape Canaveral,Falcon 9,Communications
Starlink-3125 ,USA,Commercial,Communications,LEO,Non-Polar Inclined,0.0,260,2021-11-13,SpaceX,Cape Canaveral,Falcon 9,Communications
Starlink-3126 ,USA,Commercial,Communications,LEO,Non-Polar Inclined,0.0,260,2021-11-13,SpaceX,Cape Canaveral,Falcon 9,Communications
Starlink-3127 ,USA,Commercial,Communications,LEO,Non-Polar Inclined,0.0,260,2021-11-13,SpaceX,Cape Canaveral,Falcon 9,Communications
Starlink-3128 ,USA,Commercial,Communications,LEO,Non-Polar Inclined,0.0,260,2021-11-13,SpaceX,Cape Canaveral,Falcon 9,Communications
Starlink-3129 ,USA,Commercial,Communications,LEO,Non-Polar Inclined,0.0,260,2021-11-13,SpaceX,Cape Canaveral,Falcon 9,Communications
Starlink-3130 ,USA,Commercial,Communications,LEO,Non-Polar Inclined,0.0,260,2021-11-13,SpaceX,Cape Canaveral,Falcon 9,Communications
Starlink-3131 ,USA,Commercial,Communications,LEO,Non-Polar Inclined,0.0,260,2021-11-13,SpaceX,Cape Canaveral,Falcon 9,Communications
Starlink-3132 ,USA,Commercial,Communications,LEO,Non-Polar Inclined,0.0,260,2021-11-13,SpaceX,Cape Canaveral,Falcon 9,Communications
Starlink-3133 ,USA,Commercial,Communications,LEO,Non-Polar Inclined,0.0,260,2021-11-13,SpaceX,Cape Canaveral,Falcon 9,Communications
Starlink-3134 ,USA,Commercial,Communications,LEO,Non-Polar Inclined,0.0,260,2021-11-13,SpaceX,Cape Canaveral,Falcon 9,Communications
Starlink-3135 ,USA,Commercial,Communications,LEO,Non-Polar Inclined,0.0,260,2021-11-13,SpaceX,Cape Canaveral,Falcon 9,Communications
Starlink-3136 ,USA,Commercial,Communications,LEO,Non-Polar Inclined,0.0,260,2021-11-13,SpaceX,Cape Canaveral,Falcon 9,Communications
Starlink-3137 ,USA,Commercial,Communications,LEO,Non-Polar Inclined,0.0,260,2021-11-13,SpaceX,Cape Canaveral,Falcon 9,Communications
Starlink-3138 ,USA,Commercial,Communications,LEO,Non-Polar Inclined,0.0,260,2021-11-13,SpaceX,Cape Canaveral,Falcon 9,Communications
Starlink-3139 ,USA,Commercial,Communications,LEO,Non-Polar Inclined,0.0,260,2021-11-13,SpaceX,Cape Canaveral,Falcon 9,Communications
Starlink-3140 ,USA,Commercial,Communications,LEO,Non-Polar Inclined,0.0,260,2021-11-13,SpaceX,Cape Canaveral,Falcon 9,Communications
Starlink-3141 ,USA,Commercial,Communications,LEO,Non-Polar Inclined,0.0,260,2021-11-13,SpaceX,Cape Canaveral,Falcon 9,Communications
Starlink-3143 ,USA,Commercial,Communications,LEO,Non-Polar Inclined,0.0,260,2021-12-02,SpaceX,Cape Canaveral,Falcon 9,Communications
Starlink-3144 ,USA,Commercial,Communications,LEO,Non-Polar Inclined,0.0,260,2021-11-13,SpaceX,Cape Canaveral,Falcon 9,Communications
Starlink-3145 ,USA,Commercial,Communications,LEO,Non-Polar Inclined,0.0,260,2021-11-13,SpaceX,Cape Canaveral,Falcon 9,Communications
Starlink-3146 ,USA,Commercial,Communications,LEO,Non-Polar Inclined,0.0,260,2021-11-13,SpaceX,Cape Canaveral,Falcon 9,Communications
Starlink-3147 ,USA,Commercial,Communications,LEO,Non-Polar Inclined,0.0,260,2021-11-13,SpaceX,Cape Canaveral,Falcon 9,Communications
Starlink-3148 ,USA,Commercial,Communications,LEO,Non-Polar Inclined,0.0,260,2021-12-02,SpaceX,Cape Canaveral,Falcon 9,Communications
Starlink-3149 ,USA,Commercial,Communications,LEO,Non-Polar Inclined,0.0,260,2021-11-13,SpaceX,Cape Canaveral,Falcon 9,Communications
Starlink-3150 ,USA,Commercial,Communications,LEO,Non-Polar Inclined,0.0,260,2021-11-13,SpaceX,Cape Canaveral,Falcon 9,Communications
Starlink-3151 ,USA,Commercial,Communications,LEO,Non-Polar Inclined,0.0,260,2021-11-13,SpaceX,Cape Canaveral,Falcon 9,Communications
Starlink-3153 ,USA,Commercial,Communications,LEO,Non-Polar Inclined,0.0,260,2021-11-13,SpaceX,Cape Canaveral,Falcon 9,Communications
Starlink-3154 ,USA,Commercial,Communications,LEO,Non-Polar Inclined,0.0,260,2021-11-13,SpaceX,Cape Canaveral,Falcon 9,Communications
Starlink-3155 ,USA,Commercial,Communications,LEO,Non-Polar Inclined,0.0,260,2021-12-02,SpaceX,Cape Canaveral,Falcon 9,Communications
Starlink-3156 ,USA,Commercial,Communications,LEO,Non-Polar Inclined,0.0,260,2021-11-13,SpaceX,Cape Canaveral,Falcon 9,Communications
Starlink-3157 ,USA,Commercial,Communications,LEO,Non-Polar Inclined,0.0,260,2021-11-13,SpaceX,Cape Canaveral,Falcon 9,Communications
Starlink-3158 ,USA,Commercial,Communications,LEO,Non-Polar Inclined,0.0,260,2021-11-13,SpaceX,Cape Canaveral,Falcon 9,Communications
Starlink-3159 ,USA,Commercial,Communications,LEO,Non-Polar Inclined,0.0,260,2021-11-13,SpaceX,Cape Canaveral,Falcon 9,Communications
Starlink-3160 ,USA,Commercial,Communications,LEO,Non-Polar Inclined,0.0,260,2021-11-13,SpaceX,Cape Canaveral,Falcon 9,Communications
Starlink-3161 ,USA,Commercial,Communications,LEO,Non-Polar Inclined,0.0,260,2021-11-13,SpaceX,Cape Canaveral,Falcon 9,Communications
Starlink-3162 ,USA,Commercial,Communications,LEO,Non-Polar Inclined,0.0,260,2021-11-13,SpaceX,Cape Canaveral,Falcon 9,Communications
Starlink-3165 ,USA,Commercial,Communications,LEO,Non-Polar Inclined,0.0,260,2022-02-03,SpaceX,Cape Canaveral,Falcon 9,Communications
Starlink-3166 ,USA,Commercial,Communications,LEO,Non-Polar Inclined,0.0,260,2022-02-03,SpaceX,Cape Canaveral,Falcon 9,Communications
Starlink-3167 ,USA,Commercial,Communications,LEO,Non-Polar Inclined,0.0,260,2022-02-03,SpaceX,Cape Canaveral,Falcon 9,Communications
Starlink-3172 ,USA,Commercial,Communications,LEO,Non-Polar Inclined,0.0,260,2022-01-19,SpaceX,Cape Canaveral,Falcon 9,Communications
Starlink-3173 ,USA,Commercial,Communications,LEO,Non-Polar Inclined,0.0,260,2022-01-19,SpaceX,Cape Canaveral,Falcon 9,Communications
Starlink-3174 ,USA,Commercial,Communications,LEO,Non-Polar Inclined,0.0,260,2022-02-03,SpaceX,Cape Canaveral,Falcon 9,Communications
Starlink-3175 ,USA,Commercial,Communications,LEO,Non-Polar Inclined,0.0,260,2022-01-19,SpaceX,Cape Canaveral,Falcon 9,Communications
Starlink-3176 ,USA,Commercial,Communications,LEO,Non-Polar Inclined,0.0,260,2022-01-19,SpaceX,Cape Canaveral,Falcon 9,Communications
Starlink-3177 ,USA,Commercial,Communications,LEO,Non-Polar Inclined,0.0,260,2022-01-19,SpaceX,Cape Canaveral,Falcon 9,Communications
Starlink-3178 ,USA,Commercial,Communications,LEO,Non-Polar Inclined,0.0,260,2022-02-03,SpaceX,Cape Canaveral,Falcon 9,Communications
Starlink-3179 ,USA,Commercial,Communications,LEO,Non-Polar Inclined,0.0,260,2022-01-19,SpaceX,Cape Canaveral,Falcon 9,Communications
Starlink-3180 ,USA,Commercial,Communications,LEO,Non-Polar Inclined,0.0,260,2022-01-19,SpaceX,Cape Canaveral,Falcon 9,Communications
Starlink-3181 ,USA,Commercial,Communications,LEO,Non-Polar Inclined,0.0,260,2022-02-03,SpaceX,Cape Canaveral,Falcon 9,Communications
Starlink-3182 ,USA,Commercial,Communications,LEO,Non-Polar Inclined,0.0,260,2022-02-03,SpaceX,Cape Canaveral,Falcon 9,Communications
Starlink-3183 ,USA,Commercial,Communications,LEO,Non-Polar Inclined,0.0,260,2022-01-19,SpaceX,Cape Canaveral,Falcon 9,Communications
Starlink-3184 ,USA,Commercial,Communications,LEO,Non-Polar Inclined,0.0,260,2022-01-19,SpaceX,Cape Canaveral,Falcon 9,Communications
Starlink-3185 ,USA,Commercial,Communications,LEO,Non-Polar Inclined,0.0,260,2022-01-19,SpaceX,Cape Canaveral,Falcon 9,Communications
Starlink-3189 ,USA,Commercial,Communications,LEO,Non-Polar Inclined,0.0,260,2022-02-03,SpaceX,Cape Canaveral,Falcon 9,Communications
Starlink-3190 ,USA,Commercial,Communications,LEO,Non-Polar Inclined,0.0,260,2021-12-02,SpaceX,Cape Canaveral,Falcon 9,Communications
Starlink-3191 ,USA,Commercial,Communications,LEO,Non-Polar Inclined,0.0,260,2021-12-02,SpaceX,Cape Canaveral,Falcon 9,Communications
Starlink-3192 ,USA,Commercial,Communications,LEO,Non-Polar Inclined,0.0,260,2021-12-02,SpaceX,Cape Canaveral,Falcon 9,Communications
Starlink-3193 ,USA,Commercial,Communications,LEO,Non-Polar Inclined,0.0,260,2021-12-02,SpaceX,Cape Canaveral,Falcon 9,Communications
Starlink-3194 ,USA,Commercial,Communications,LEO,Non-Polar Inclined,0.0,260,2021-12-02,SpaceX,Cape Canaveral,Falcon 9,Communications
Starlink-3195 ,USA,Commercial,Communications,LEO,Non-Polar Inclined,0.0,260,2021-12-02,SpaceX,Cape Canaveral,Falcon 9,Communications
Starlink-3196 ,USA,Commercial,Communications,LEO,Non-Polar Inclined,0.0,260,2021-12-02,SpaceX,Cape Canaveral,Falcon 9,Communications
Starlink-3197 ,USA,Commercial,Communications,LEO,Non-Polar Inclined,0.0,260,2021-12-02,SpaceX,Cape Canaveral,Falcon 9,Communications
Starlink-3198 ,USA,Commercial,Communications,LEO,Non-Polar Inclined,0.0,260,2021-12-02,SpaceX,Cape Canaveral,Falcon 9,Communications
Starlink-3199 ,USA,Commercial,Communications,LEO,Non-Polar Inclined,0.0,260,2021-12-02,SpaceX,Cape Canaveral,Falcon 9,Communications
Starlink-3200 ,USA,Commercial,Communications,LEO,Non-Polar Inclined,0.0,260,2021-12-02,SpaceX,Cape Canaveral,Falcon 9,Communications
Starlink-3201 ,USA,Commercial,Communications,LEO,Non-Polar Inclined,0.0,260,2021-12-02,SpaceX,Cape Canaveral,Falcon 9,Communications
Starlink-3202 ,USA,Commercial,Communications,LEO,Non-Polar Inclined,0.0,260,2021-12-02,SpaceX,Cape Canaveral,Falcon 9,Communications
Starlink-3203 ,USA,Commercial,Communications,LEO,Non-Polar Inclined,0.0,260,2021-12-02,SpaceX,Cape Canaveral,Falcon 9,Communications
Starlink-3204 ,USA,Commercial,Communications,LEO,Non-Polar Inclined,0.0,260,2021-12-02,SpaceX,Cape Canaveral,Falcon 9,Communications
Starlink-3206 ,USA,Commercial,Communications,LEO,Non-Polar Inclined,0.0,260,2021-12-02,SpaceX,Cape Canaveral,Falcon 9,Communications
Starlink-3207 ,USA,Commercial,Communications,LEO,Non-Polar Inclined,0.0,260,2021-12-02,SpaceX,Cape Canaveral,Falcon 9,Communications
Starlink-3208 ,USA,Commercial,Communications,LEO,Non-Polar Inclined,0.0,260,2021-12-02,SpaceX,Cape Canaveral,Falcon 9,Communications
Starlink-3209 ,USA,Commercial,Communications,LEO,Non-Polar Inclined,0.0,260,2021-12-02,SpaceX,Cape Canaveral,Falcon 9,Communications
Starlink-3210 ,USA,Commercial,Communications,LEO,Non-Polar Inclined,0.0,260,2021-12-02,SpaceX,Cape Canaveral,Falcon 9,Communications
Starlink-3218 ,USA,Commercial,Communications,LEO,Non-Polar Inclined,0.0,260,2021-12-02,SpaceX,Cape Canaveral,Falcon 9,Communications
Starlink-3219 ,USA,Commercial,Communications,LEO,Non-Polar Inclined,0.0,260,2021-12-02,SpaceX,Cape Canaveral,Falcon 9,Communications
Starlink-3225 ,USA,Commercial,Communications,LEO,Non-Polar Inclined,0.0,260,2021-12-02,SpaceX,Cape Canaveral,Falcon 9,Communications
Starlink-3226 ,USA,Commercial,Communications,LEO,Non-Polar Inclined,0.0,260,2021-12-02,SpaceX,Cape Canaveral,Falcon 9,Communications
Starlink-3227 ,USA,Commercial,Communications,LEO,Non-Polar Inclined,0.0,260,2021-12-02,SpaceX,Cape Canaveral,Falcon 9,Communications
Starlink-3228 ,USA,Commercial,Communications,LEO,Non-Polar Inclined,0.0,260,2021-12-02,SpaceX,Cape Canaveral,Falcon 9,Communications
Starlink-3229 ,USA,Commercial,Communications,LEO,Non-Polar Inclined,0.0,260,2021-12-02,SpaceX,Cape Canaveral,Falcon 9,Communications
Starlink-3230 ,USA,Commercial,Communications,LEO,Non-Polar Inclined,0.0,260,2022-01-06,SpaceX,Cape Canaveral,Falcon 9,Communications
Starlink-3231 ,USA,Commercial,Communications,LEO,Non-Polar Inclined,0.0,260,2021-12-02,SpaceX,Cape Canaveral,Falcon 9,Communications
Starlink-3232 ,USA,Commercial,Communications,LEO,Non-Polar Inclined,0.0,260,2022-01-06,SpaceX,Cape Canaveral,Falcon 9,Communications
Starlink-3233 ,USA,Commercial,Communications,LEO,Non-Polar Inclined,0.0,260,2021-12-02,SpaceX,Cape Canaveral,Falcon 9,Communications
Starlink-3234 ,USA,Commercial,Communications,LEO,Non-Polar Inclined,0.0,260,2022-01-06,SpaceX,Cape Canaveral,Falcon 9,Communications
Starlink-3235 ,USA,Commercial,Communications,LEO,Non-Polar Inclined,0.0,260,2021-12-18,SpaceX,Vandenberg AFB,Falcon 9,Communications
Starlink-3236 ,USA,Commercial,Communications,LEO,Non-Polar Inclined,0.0,260,2021-12-02,SpaceX,Cape Canaveral,Falcon 9,Communications
Starlink-3237 ,USA,Commercial,Communications,LEO,Non-Polar Inclined,0.0,260,2021-12-02,SpaceX,Cape Canaveral,Falcon 9,Communications
Starlink-3238 ,USA,Commercial,Communications,LEO,Non-Polar Inclined,0.0,260,2021-12-02,SpaceX,Cape Canaveral,Falcon 9,Communications
Starlink-3239 ,USA,Commercial,Communications,LEO,Non-Polar Inclined,0.0,260,2021-12-02,SpaceX,Cape Canaveral,Falcon 9,Communications
Starlink-3240 ,USA,Commercial,Communications,LEO,Non-Polar Inclined,0.0,260,2021-12-02,SpaceX,Cape Canaveral,Falcon 9,Communications
Starlink-3241 ,USA,Commercial,Communications,LEO,Non-Polar Inclined,0.0,260,2021-12-02,SpaceX,Cape Canaveral,Falcon 9,Communications
Starlink-3242 ,USA,Commercial,Communications,LEO,Non-Polar Inclined,0.0,260,2021-12-02,SpaceX,Cape Canaveral,Falcon 9,Communications
Starlink-3243 ,USA,Commercial,Communications,LEO,Non-Polar Inclined,0.0,260,2022-01-19,SpaceX,Cape Canaveral,Falcon 9,Communications
Starlink-3244 ,USA,Commercial,Communications,LEO,Non-Polar Inclined,0.0,260,2021-12-02,SpaceX,Cape Canaveral,Falcon 9,Communications
Starlink-3245 ,USA,Commercial,Communications,LEO,Non-Polar Inclined,0.0,260,2021-12-18,SpaceX,Vandenberg AFB,Falcon 9,Communications
Starlink-3246 ,USA,Commercial,Communications,LEO,Non-Polar Inclined,0.0,260,2021-12-02,SpaceX,Cape Canaveral,Falcon 9,Communications
Starlink-3247 ,USA,Commercial,Communications,LEO,Non-Polar Inclined,0.0,260,2021-12-02,SpaceX,Cape Canaveral,Falcon 9,Communications
Starlink-3248 ,USA,Commercial,Communications,LEO,Non-Polar Inclined,0.0,260,2021-12-02,SpaceX,Cape Canaveral,Falcon 9,Communications
Starlink-3249 ,USA,Commercial,Communications,LEO,Non-Polar Inclined,0.0,260,2021-12-02,SpaceX,Cape Canaveral,Falcon 9,Communications
Starlink-3250 ,USA,Commercial,Communications,LEO,Non-Polar Inclined,0.0,260,2021-12-02,SpaceX,Cape Canaveral,Falcon 9,Communications
Starlink-3251 ,USA,Commercial,Communications,LEO,Non-Polar Inclined,0.0,260,2021-12-02,SpaceX,Cape Canaveral,Falcon 9,Communications
Starlink-3252 ,USA,Commercial,Communications,LEO,Non-Polar Inclined,0.0,260,2021-12-02,SpaceX,Cape Canaveral,Falcon 9,Communications
Starlink-3253 ,USA,Commercial,Communications,LEO,Non-Polar Inclined,0.0,260,2022-01-19,SpaceX,Cape Canaveral,Falcon 9,Communications
Starlink-3254 ,USA,Commercial,Communications,LEO,Non-Polar Inclined,0.0,260,2021-12-18,SpaceX,Vandenberg AFB,Falcon 9,Communications
Starlink-3255 ,USA,Commercial,Communications,LEO,Non-Polar Inclined,0.0,260,2021-12-18,SpaceX,Vandenberg AFB,Falcon 9,Communications
Starlink-3256 ,USA,Commercial,Communications,LEO,Non-Polar Inclined,0.0,260,2021-12-18,SpaceX,Vandenberg AFB,Falcon 9,Communications
Starlink-3257 ,USA,Commercial,Communications,LEO,Non-Polar Inclined,0.0,260,2021-12-18,SpaceX,Vandenberg AFB,Falcon 9,Communications
Starlink-3258 ,USA,Commercial,Communications,LEO,Non-Polar Inclined,0.0,260,2021-12-18,SpaceX,Vandenberg AFB,Falcon 9,Communications
Starlink-3259 ,USA,Commercial,Communications,LEO,Non-Polar Inclined,0.0,260,2021-12-18,SpaceX,Vandenberg AFB,Falcon 9,Communications
Starlink-3260 ,USA,Commercial,Communications,LEO,Non-Polar Inclined,0.0,260,2021-12-18,SpaceX,Vandenberg AFB,Falcon 9,Communications
Starlink-3261 ,USA,Commercial,Communications,LEO,Non-Polar Inclined,0.0,260,2021-12-18,SpaceX,Vandenberg AFB,Falcon 9,Communications
Starlink-3262 ,USA,Commercial,Communications,LEO,Non-Polar Inclined,0.0,260,2021-12-18,SpaceX,Vandenberg AFB,Falcon 9,Communications
Starlink-3263 ,USA,Commercial,Communications,LEO,Non-Polar Inclined,0.0,260,2021-12-18,SpaceX,Vandenberg AFB,Falcon 9,Communications
Starlink-3264 ,USA,Commercial,Communications,LEO,Non-Polar Inclined,0.0,260,2021-12-18,SpaceX,Vandenberg AFB,Falcon 9,Communications
Starlink-3265 ,USA,Commercial,Communications,LEO,Non-Polar Inclined,0.0,260,2021-12-18,SpaceX,Vandenberg AFB,Falcon 9,Communications
Starlink-3266 ,USA,Commercial,Communications,LEO,Non-Polar Inclined,0.0,260,2021-12-18,SpaceX,Vandenberg AFB,Falcon 9,Communications
Starlink-3267 ,USA,Commercial,Communications,LEO,Non-Polar Inclined,0.0,260,2021-12-18,SpaceX,Vandenberg AFB,Falcon 9,Communications
Starlink-3268 ,USA,Commercial,Communications,LEO,Non-Polar Inclined,0.0,260,2021-12-18,SpaceX,Vandenberg AFB,Falcon 9,Communications
Starlink-3269 ,USA,Commercial,Communications,LEO,Non-Polar Inclined,0.0,260,2021-12-18,SpaceX,Vandenberg AFB,Falcon 9,Communications
Starlink-3270 ,USA,Commercial,Communications,LEO,Non-Polar Inclined,0.0,260,2021-12-18,SpaceX,Vandenberg AFB,Falcon 9,Communications
Starlink-3271 ,USA,Commercial,Communications,LEO,Non-Polar Inclined,0.0,260,2021-12-18,SpaceX,Vandenberg AFB,Falcon 9,Communications
Starlink-3272 ,USA,Commercial,Communications,LEO,Non-Polar Inclined,0.0,260,2021-12-18,SpaceX,Vandenberg AFB,Falcon 9,Communications
Starlink-3273 ,USA,Commercial,Communications,LEO,Non-Polar Inclined,0.0,260,2021-12-18,SpaceX,Vandenberg AFB,Falcon 9,Communications
Starlink-3274 ,USA,Commercial,Communications,LEO,Non-Polar Inclined,0.0,260,2021-12-18,SpaceX,Vandenberg AFB,Falcon 9,Communications
Starlink-3275 ,USA,Commercial,Communications,LEO,Non-Polar Inclined,0.0,260,2021-12-18,SpaceX,Vandenberg AFB,Falcon 9,Communications
Starlink-3276 ,USA,Commercial,Communications,LEO,Non-Polar Inclined,0.0,260,2021-12-18,SpaceX,Vandenberg AFB,Falcon 9,Communications
Starlink-3277 ,USA,Commercial,Communications,LEO,Non-Polar Inclined,0.0,260,2021-12-18,SpaceX,Vandenberg AFB,Falcon 9,Communications
Starlink-3278 ,USA,Commercial,Communications,LEO,Non-Polar Inclined,0.0,260,2022-01-06,SpaceX,Cape Canaveral,Falcon 9,Communications
Starlink-3279 ,USA,Commercial,Communications,LEO,Non-Polar Inclined,0.0,260,2021-12-18,SpaceX,Vandenberg AFB,Falcon 9,Communications
Starlink-3281 ,USA,Commercial,Communications,LEO,Non-Polar Inclined,0.0,260,2021-12-18,SpaceX,Vandenberg AFB,Falcon 9,Communications
Starlink-3282 ,USA,Commercial,Communications,LEO,Non-Polar Inclined,0.0,260,2021-12-18,SpaceX,Vandenberg AFB,Falcon 9,Communications
Starlink-3283 ,USA,Commercial,Communications,LEO,Non-Polar Inclined,0.0,260,2021-12-18,SpaceX,Vandenberg AFB,Falcon 9,Communications
Starlink-3284 ,USA,Commercial,Communications,LEO,Non-Polar Inclined,0.0,260,2021-12-18,SpaceX,Vandenberg AFB,Falcon 9,Communications
Starlink-3285 ,USA,Commercial,Communications,LEO,Non-Polar Inclined,0.0,260,2021-12-18,SpaceX,Vandenberg AFB,Falcon 9,Communications
Starlink-3286 ,USA,Commercial,Communications,LEO,Non-Polar Inclined,0.0,260,2021-12-18,SpaceX,Vandenberg AFB,Falcon 9,Communications
Starlink-3287 ,USA,Commercial,Communications,LEO,Non-Polar Inclined,0.0,260,2021-12-18,SpaceX,Vandenberg AFB,Falcon 9,Communications
Starlink-3288 ,USA,Commercial,Communications,LEO,Non-Polar Inclined,0.0,260,2021-12-18,SpaceX,Vandenberg AFB,Falcon 9,Communications
Starlink-3289 ,USA,Commercial,Communications,LEO,Non-Polar Inclined,0.0,260,2021-12-18,SpaceX,Vandenberg AFB,Falcon 9,Communications
Starlink-3290 ,USA,Commercial,Communications,LEO,Non-Polar Inclined,0.0,260,2022-01-06,SpaceX,Cape Canaveral,Falcon 9,Communications
Starlink-3291 ,USA,Commercial,Communications,LEO,Non-Polar Inclined,0.0,260,2021-12-18,SpaceX,Vandenberg AFB,Falcon 9,Communications
Starlink-3292 ,USA,Commercial,Communications,LEO,Non-Polar Inclined,0.0,260,2021-12-18,SpaceX,Vandenberg AFB,Falcon 9,Communications
Starlink-3293 ,USA,Commercial,Communications,LEO,Non-Polar Inclined,0.0,260,2021-12-18,SpaceX,Vandenberg AFB,Falcon 9,Communications
Starlink-3294 ,USA,Commercial,Communications,LEO,Non-Polar Inclined,0.0,260,2022-01-06,SpaceX,Cape Canaveral,Falcon 9,Communications
Starlink-3295 ,USA,Commercial,Communications,LEO,Non-Polar Inclined,0.0,260,2022-01-06,SpaceX,Cape Canaveral,Falcon 9,Communications
Starlink-3296 ,USA,Commercial,Communications,LEO,Non-Polar Inclined,0.0,260,2021-12-18,SpaceX,Vandenberg AFB,Falcon 9,Communications
Starlink-3297 ,USA,Commercial,Communications,LEO,Non-Polar Inclined,0.0,260,2021-12-18,SpaceX,Vandenberg AFB,Falcon 9,Communications
Starlink-3298 ,USA,Commercial,Communications,LEO,Non-Polar Inclined,0.0,260,2021-12-18,SpaceX,Vandenberg AFB,Falcon 9,Communications
Starlink-3299 ,USA,Commercial,Communications,LEO,Non-Polar Inclined,0.0,260,2022-01-06,SpaceX,Cape Canaveral,Falcon 9,Communications
Starlink-3300 ,USA,Commercial,Communications,LEO,Non-Polar Inclined,0.0,260,2022-01-06,SpaceX,Cape Canaveral,Falcon 9,Communications
Starlink-3301 ,USA,Commercial,Communications,LEO,Non-Polar Inclined,0.0,260,2021-12-18,SpaceX,Vandenberg AFB,Falcon 9,Communications
Starlink-3302 ,USA,Commercial,Communications,LEO,Non-Polar Inclined,0.0,260,2022-01-06,SpaceX,Cape Canaveral,Falcon 9,Communications
Starlink-3303 ,USA,Commercial,Communications,LEO,Non-Polar Inclined,0.0,260,2021-12-18,SpaceX,Vandenberg AFB,Falcon 9,Communications
Starlink-3304 ,USA,Commercial,Communications,LEO,Non-Polar Inclined,0.0,260,2021-12-18,SpaceX,Vandenberg AFB,Falcon 9,Communications
Starlink-3305 ,USA,Commercial,Communications,LEO,Non-Polar Inclined,0.0,260,2021-12-18,SpaceX,Vandenberg AFB,Falcon 9,Communications
Starlink-3306 ,USA,Commercial,Communications,LEO,Non-Polar Inclined,0.0,260,2021-12-18,SpaceX,Vandenberg AFB,Falcon 9,Communications
Starlink-3308 ,USA,Commercial,Communications,LEO,Non-Polar Inclined,0.0,260,2022-01-06,SpaceX,Cape Canaveral,Falcon 9,Communications
Starlink-3309 ,USA,Commercial,Communications,LEO,Non-Polar Inclined,0.0,260,2021-12-18,SpaceX,Vandenberg AFB,Falcon 9,Communications
Starlink-3310 ,USA,Commercial,Communications,LEO,Non-Polar Inclined,0.0,260,2022-01-06,SpaceX,Cape Canaveral,Falcon 9,Communications
Starlink-3311 ,USA,Commercial,Communications,LEO,Non-Polar Inclined,0.0,260,2022-01-06,SpaceX,Cape Canaveral,Falcon 9,Communications
Starlink-3312 ,USA,Commercial,Communications,LEO,Non-Polar Inclined,0.0,260,2022-01-06,SpaceX,Cape Canaveral,Falcon 9,Communications
Starlink-3313 ,USA,Commercial,Communications,LEO,Non-Polar Inclined,0.0,260,2021-12-18,SpaceX,Vandenberg AFB,Falcon 9,Communications
Starlink-3314 ,USA,Commercial,Communications,LEO,Non-Polar Inclined,0.0,260,2022-01-06,SpaceX,Cape Canaveral,Falcon 9,Communications
Starlink-3315 ,USA,Commercial,Communications,LEO,Non-Polar Inclined,0.0,260,2022-01-06,SpaceX,Cape Canaveral,Falcon 9,Communications
Starlink-3316 ,USA,Commercial,Communications,LEO,Non-Polar Inclined,0.0,260,2022-01-06,SpaceX,Cape Canaveral,Falcon 9,Communications
Starlink-3317 ,USA,Commercial,Communications,LEO,Non-Polar Inclined,0.0,260,2021-12-18,SpaceX,Vandenberg AFB,Falcon 9,Communications
Starlink-3318 ,USA,Commercial,Communications,LEO,Non-Polar Inclined,0.0,260,2022-01-06,SpaceX,Cape Canaveral,Falcon 9,Communications
Starlink-3319 ,USA,Commercial,Communications,LEO,Non-Polar Inclined,0.0,260,2022-01-06,SpaceX,Cape Canaveral,Falcon 9,Communications
Starlink-3320 ,USA,Commercial,Communications,LEO,Non-Polar Inclined,0.0,260,2022-01-06,SpaceX,Cape Canaveral,Falcon 9,Communications
Starlink-3321 ,USA,Commercial,Communications,LEO,Non-Polar Inclined,0.0,260,2022-01-06,SpaceX,Cape Canaveral,Falcon 9,Communications
Starlink-3322 ,USA,Commercial,Communications,LEO,Non-Polar Inclined,0.0,260,2022-01-06,SpaceX,Cape Canaveral,Falcon 9,Communications
Starlink-3323 ,USA,Commercial,Communications,LEO,Non-Polar Inclined,0.0,260,2022-01-06,SpaceX,Cape Canaveral,Falcon 9,Communications
Starlink-3324 ,USA,Commercial,Communications,LEO,Non-Polar Inclined,0.0,260,2022-01-06,SpaceX,Cape Canaveral,Falcon 9,Communications
Starlink-3325 ,USA,Commercial,Communications,LEO,Non-Polar Inclined,0.0,260,2022-01-06,SpaceX,Cape Canaveral,Falcon 9,Communications
Starlink-3326 ,USA,Commercial,Communications,LEO,Non-Polar Inclined,0.0,260,2022-01-06,SpaceX,Cape Canaveral,Falcon 9,Communications
Starlink-3327 ,USA,Commercial,Communications,LEO,Non-Polar Inclined,0.0,260,2022-01-06,SpaceX,Cape Canaveral,Falcon 9,Communications
Starlink-3328 ,USA,Commercial,Communications,LEO,Non-Polar Inclined,0.0,260,2022-01-06,SpaceX,Cape Canaveral,Falcon 9,Communications
Starlink-3329 ,USA,Commercial,Communications,LEO,Non-Polar Inclined,0.0,260,2022-01-06,SpaceX,Cape Canaveral,Falcon 9,Communications
Starlink-3330 ,USA,Commercial,Communications,LEO,Non-Polar Inclined,0.0,260,2022-01-06,SpaceX,Cape Canaveral,Falcon 9,Communications
Starlink-3331 ,USA,Commercial,Communications,LEO,Non-Polar Inclined,0.0,260,2022-01-06,SpaceX,Cape Canaveral,Falcon 9,Communications
Starlink-3332 ,USA,Commercial,Communications,LEO,Non-Polar Inclined,0.0,260,2022-01-06,SpaceX,Cape Canaveral,Falcon 9,Communications
Starlink-3333 ,USA,Commercial,Communications,LEO,Non-Polar Inclined,0.0,260,2022-01-06,SpaceX,Cape Canaveral,Falcon 9,Communications
Starlink-3334 ,USA,Commercial,Communications,LEO,Non-Polar Inclined,0.0,260,2022-01-06,SpaceX,Cape Canaveral,Falcon 9,Communications
Starlink-3335 ,USA,Commercial,Communications,LEO,Non-Polar Inclined,0.0,260,2022-01-06,SpaceX,Cape Canaveral,Falcon 9,Communications
Starlink-3336 ,USA,Commercial,Communications,LEO,Non-Polar Inclined,0.0,260,2022-01-06,SpaceX,Cape Canaveral,Falcon 9,Communications
Starlink-3337 ,USA,Commercial,Communications,LEO,Non-Polar Inclined,0.0,260,2022-01-06,SpaceX,Cape Canaveral,Falcon 9,Communications
Starlink-3338 ,USA,Commercial,Communications,LEO,Non-Polar Inclined,0.0,260,2022-01-06,SpaceX,Cape Canaveral,Falcon 9,Communications
Starlink-3339 ,USA,Commercial,Communications,LEO,Non-Polar Inclined,0.0,260,2022-01-06,SpaceX,Cape Canaveral,Falcon 9,Communications
Starlink-3340 ,USA,Commercial,Communications,LEO,Non-Polar Inclined,0.0,260,2022-01-06,SpaceX,Cape Canaveral,Falcon 9,Communications
Starlink-3341 ,USA,Commercial,Communications,LEO,Non-Polar Inclined,0.0,260,2022-01-06,SpaceX,Cape Canaveral,Falcon 9,Communications
Starlink-3342 ,USA,Commercial,Communications,LEO,Non-Polar Inclined,0.0,260,2022-01-06,SpaceX,Cape Canaveral,Falcon 9,Communications
Starlink-3343 ,USA,Commercial,Communications,LEO,Non-Polar Inclined,0.0,260,2022-01-06,SpaceX,Cape Canaveral,Falcon 9,Communications
Starlink-3344 ,USA,Commercial,Communications,LEO,Non-Polar Inclined,0.0,260,2022-01-19,SpaceX,Cape Canaveral,Falcon 9,Communications
Starlink-3346 ,USA,Commercial,Communications,LEO,Non-Polar Inclined,0.0,260,2022-01-06,SpaceX,Cape Canaveral,Falcon 9,Communications
Starlink-3347 ,USA,Commercial,Communications,LEO,Non-Polar Inclined,0.0,260,2022-01-06,SpaceX,Cape Canaveral,Falcon 9,Communications
Starlink-3348 ,USA,Commercial,Communications,LEO,Non-Polar Inclined,0.0,260,2022-01-06,SpaceX,Cape Canaveral,Falcon 9,Communications
Starlink-3349 ,USA,Commercial,Communications,LEO,Non-Polar Inclined,0.0,260,2022-01-06,SpaceX,Cape Canaveral,Falcon 9,Communications
Starlink-3350 ,USA,Commercial,Communications,LEO,Non-Polar Inclined,0.0,260,2022-01-19,SpaceX,Cape Canaveral,Falcon 9,Communications
Starlink-3352 ,USA,Commercial,Communications,LEO,Non-Polar Inclined,0.0,260,2022-01-19,SpaceX,Cape Canaveral,Falcon 9,Communications
Starlink-3353 ,USA,Commercial,Communications,LEO,Non-Polar Inclined,0.0,260,2022-01-06,SpaceX,Cape Canaveral,Falcon 9,Communications
Starlink-3354 ,USA,Commercial,Communications,LEO,Non-Polar Inclined,0.0,260,2022-01-19,SpaceX,Cape Canaveral,Falcon 9,Communications
Starlink-3355 ,USA,Commercial,Communications,LEO,Non-Polar Inclined,0.0,260,2022-01-06,SpaceX,Cape Canaveral,Falcon 9,Communications
Starlink-3356 ,USA,Commercial,Communications,LEO,Non-Polar Inclined,0.0,260,2022-01-19,SpaceX,Cape Canaveral,Falcon 9,Communications
Starlink-3357 ,USA,Commercial,Communications,LEO,Non-Polar Inclined,0.0,260,2022-01-19,SpaceX,Cape Canaveral,Falcon 9,Communications
Starlink-3358 ,USA,Commercial,Communications,LEO,Non-Polar Inclined,0.0,260,2022-01-19,SpaceX,Cape Canaveral,Falcon 9,Communications
Starlink-3359 ,USA,Commercial,Communications,LEO,Non-Polar Inclined,0.0,260,2022-01-19,SpaceX,Cape Canaveral,Falcon 9,Communications
Starlink-3360 ,USA,Commercial,Communications,LEO,Non-Polar Inclined,0.0,260,2022-01-19,SpaceX,Cape Canaveral,Falcon 9,Communications
Starlink-3361 ,USA,Commercial,Communications,LEO,Non-Polar Inclined,0.0,260,2022-01-19,SpaceX,Cape Canaveral,Falcon 9,Communications
Starlink-3362 ,USA,Commercial,Communications,LEO,Non-Polar Inclined,0.0,260,2022-01-19,SpaceX,Cape Canaveral,Falcon 9,Communications
Starlink-3363 ,USA,Commercial,Communications,LEO,Non-Polar Inclined,0.0,260,2022-01-19,SpaceX,Cape Canaveral,Falcon 9,Communications
Starlink-3364 ,USA,Commercial,Communications,LEO,Non-Polar Inclined,0.0,260,2022-01-19,SpaceX,Cape Canaveral,Falcon 9,Communications
Starlink-3365 ,USA,Commercial,Communications,LEO,Non-Polar Inclined,0.0,260,2022-01-19,SpaceX,Cape Canaveral,Falcon 9,Communications
Starlink-3366 ,USA,Commercial,Communications,LEO,Non-Polar Inclined,0.0,260,2022-01-19,SpaceX,Cape Canaveral,Falcon 9,Communications
Starlink-3368 ,USA,Commercial,Communications,LEO,Non-Polar Inclined,0.0,260,2022-01-19,SpaceX,Cape Canaveral,Falcon 9,Communications
Starlink-3369 ,USA,Commercial,Communications,LEO,Non-Polar Inclined,0.0,260,2022-01-19,SpaceX,Cape Canaveral,Falcon 9,Communications
Starlink-3370 ,USA,Commercial,Communications,LEO,Non-Polar Inclined,0.0,260,2022-01-19,SpaceX,Cape Canaveral,Falcon 9,Communications
Starlink-3372 ,USA,Commercial,Communications,LEO,Non-Polar Inclined,0.0,260,2022-01-19,SpaceX,Cape Canaveral,Falcon 9,Communications
Starlink-3373 ,USA,Commercial,Communications,LEO,Non-Polar Inclined,0.0,260,2022-01-19,SpaceX,Cape Canaveral,Falcon 9,Communications
Starlink-3374 ,USA,Commercial,Communications,LEO,Non-Polar Inclined,0.0,260,2022-01-19,SpaceX,Cape Canaveral,Falcon 9,Communications
Starlink-3375 ,USA,Commercial,Communications,LEO,Non-Polar Inclined,0.0,260,2022-01-19,SpaceX,Cape Canaveral,Falcon 9,Communications
Starlink-3386 ,USA,Commercial,Communications,LEO,Non-Polar Inclined,0.0,260,2022-01-19,SpaceX,Cape Canaveral,Falcon 9,Communications
Starlink-3387 ,USA,Commercial,Communications,LEO,Non-Polar Inclined,0.0,260,2022-01-19,SpaceX,Cape Canaveral,Falcon 9,Communications
Starlink-3388 ,USA,Commercial,Communications,LEO,Non-Polar Inclined,0.0,260,2022-01-19,SpaceX,Cape Canaveral,Falcon 9,Communications
Starlink-3389 ,USA,Commercial,Communications,LEO,Non-Polar Inclined,0.0,260,2022-01-19,SpaceX,Cape Canaveral,Falcon 9,Communications
Starlink-3390 ,USA,Commercial,Communications,LEO,Non-Polar Inclined,0.0,260,2022-01-19,SpaceX,Cape Canaveral,Falcon 9,Communications
Starlink-3391 ,USA,Commercial,Communications,LEO,Non-Polar Inclined,0.0,260,2022-01-19,SpaceX,Cape Canaveral,Falcon 9,Communications
Starlink-3392 ,USA,Commercial,Communications,LEO,Non-Polar Inclined,0.0,260,2022-01-19,SpaceX,Cape Canaveral,Falcon 9,Communications
Starlink-3393 ,USA,Commercial,Communications,LEO,Non-Polar Inclined,0.0,260,2022-01-19,SpaceX,Cape Canaveral,Falcon 9,Communications
Starlink-3394 ,USA,Commercial,Communications,LEO,Non-Polar Inclined,0.0,260,2022-01-19,SpaceX,Cape Canaveral,Falcon 9,Communications
Starlink-3395 ,USA,Commercial,Communications,LEO,Non-Polar Inclined,0.0,260,2022-01-19,SpaceX,Cape Canaveral,Falcon 9,Communications
Starlink-3396 ,USA,Commercial,Communications,LEO,Non-Polar Inclined,0.0,260,2022-01-19,SpaceX,Cape Canaveral,Falcon 9,Communications
Starlink-3397 ,USA,Commercial,Communications,LEO,Non-Polar Inclined,0.0,260,2022-01-19,SpaceX,Cape Canaveral,Falcon 9,Communications
Starlink-3398 ,USA,Commercial,Communications,LEO,Non-Polar Inclined,0.0,260,2022-01-19,SpaceX,Cape Canaveral,Falcon 9,Communications
Starlink-3399 ,USA,Commercial,Communications,LEO,Non-Polar Inclined,0.0,260,2022-01-19,SpaceX,Cape Canaveral,Falcon 9,Communications
Starlink-3400 ,USA,Commercial,Communications,LEO,Non-Polar Inclined,0.0,260,2022-01-19,SpaceX,Cape Canaveral,Falcon 9,Communications
Starlink-3401 ,USA,Commercial,Communications,LEO,Non-Polar Inclined,0.0,260,2022-02-03,SpaceX,Cape Canaveral,Falcon 9,Communications
Starlink-3415 ,USA,Commercial,Communications,LEO,Non-Polar Inclined,0.0,260,2022-02-03,SpaceX,Cape Canaveral,Falcon 9,Communications
Starlink-3419 ,USA,Commercial,Communications,LEO,Non-Polar Inclined,0.0,260,2022-02-03,SpaceX,Cape Canaveral,Falcon 9,Communications
Starlink-3445 ,USA,Commercial,Communications,LEO,Non-Polar Inclined,0.0,260,2022-02-21,SpaceX,Cape Canaveral,Falcon 9,Communications
Starlink-3446 ,USA,Commercial,Communications,LEO,Non-Polar Inclined,0.0,260,2022-02-21,SpaceX,Cape Canaveral,Falcon 9,Communications
Starlink-3447 ,USA,Commercial,Communications,LEO,Non-Polar Inclined,0.0,260,2022-02-21,SpaceX,Cape Canaveral,Falcon 9,Communications
Starlink-3448 ,USA,Commercial,Communications,LEO,Non-Polar Inclined,0.0,260,2022-02-21,SpaceX,Cape Canaveral,Falcon 9,Communications
Starlink-3449 ,USA,Commercial,Communications,LEO,Non-Polar Inclined,0.0,260,2022-02-21,SpaceX,Cape Canaveral,Falcon 9,Communications
Starlink-3450 ,USA,Commercial,Communications,LEO,Non-Polar Inclined,0.0,260,2022-02-21,SpaceX,Cape Canaveral,Falcon 9,Communications
Starlink-3451 ,USA,Commercial,Communications,LEO,Non-Polar Inclined,0.0,260,2022-02-21,SpaceX,Cape Canaveral,Falcon 9,Communications
Starlink-3452 ,USA,Commercial,Communications,LEO,Non-Polar Inclined,0.0,260,2022-02-21,SpaceX,Cape Canaveral,Falcon 9,Communications
Starlink-3456 ,USA,Commercial,Communications,LEO,Non-Polar Inclined,0.0,260,2022-02-21,SpaceX,Cape Canaveral,Falcon 9,Communications
Starlink-3457 ,USA,Commercial,Communications,LEO,Non-Polar Inclined,0.0,260,2022-02-21,SpaceX,Cape Canaveral,Falcon 9,Communications
Starlink-3458 ,USA,Commercial,Communications,LEO,Non-Polar Inclined,0.0,260,2022-02-21,SpaceX,Cape Canaveral,Falcon 9,Communications
Starlink-3459 ,USA,Commercial,Communications,LEO,Non-Polar Inclined,0.0,260,2022-02-21,SpaceX,Cape Canaveral,Falcon 9,Communications
Starlink-3460 ,USA,Commercial,Communications,LEO,Non-Polar Inclined,0.0,260,2022-02-21,SpaceX,Cape Canaveral,Falcon 9,Communications
Starlink-3500 ,USA,Commercial,Communications,LEO,Non-Polar Inclined,0.0,260,2022-02-21,SpaceX,Cape Canaveral,Falcon 9,Communications
Starlink-3501 ,USA,Commercial,Communications,LEO,Non-Polar Inclined,0.0,260,2022-02-21,SpaceX,Cape Canaveral,Falcon 9,Communications
Starlink-3502 ,USA,Commercial,Communications,LEO,Non-Polar Inclined,0.0,260,2022-02-21,SpaceX,Cape Canaveral,Falcon 9,Communications
Starlink-3503 ,USA,Commercial,Communications,LEO,Non-Polar Inclined,0.0,260,2022-03-03,SpaceX,Cape Canaveral,Falcon 9,Communications
Starlink-3504 ,USA,Commercial,Communications,LEO,Non-Polar Inclined,0.0,260,2022-03-03,SpaceX,Cape Canaveral,Falcon 9,Communications
Starlink-3505 ,USA,Commercial,Communications,LEO,Non-Polar Inclined,0.0,260,2022-02-21,SpaceX,Cape Canaveral,Falcon 9,Communications
Starlink-3506 ,USA,Commercial,Communications,LEO,Non-Polar Inclined,0.0,260,2022-02-21,SpaceX,Cape Canaveral,Falcon 9,Communications
Starlink-3507 ,USA,Commercial,Communications,LEO,Non-Polar Inclined,0.0,260,2022-02-21,SpaceX,Cape Canaveral,Falcon 9,Communications
Starlink-3508 ,USA,Commercial,Communications,LEO,Non-Polar Inclined,0.0,260,2022-03-03,SpaceX,Cape Canaveral,Falcon 9,Communications
Starlink-3509 ,USA,Commercial,Communications,LEO,Non-Polar Inclined,0.0,260,2022-02-21,SpaceX,Cape Canaveral,Falcon 9,Communications
Starlink-3511 ,USA,Commercial,Communications,LEO,Non-Polar Inclined,0.0,260,2022-02-21,SpaceX,Cape Canaveral,Falcon 9,Communications
Starlink-3512 ,USA,Commercial,Communications,LEO,Non-Polar Inclined,0.0,260,2022-02-21,SpaceX,Cape Canaveral,Falcon 9,Communications
Starlink-3513 ,USA,Commercial,Communications,LEO,Non-Polar Inclined,0.0,260,2022-02-21,SpaceX,Cape Canaveral,Falcon 9,Communications
Starlink-3514 ,USA,Commercial,Communications,LEO,Non-Polar Inclined,0.0,260,2022-02-21,SpaceX,Cape Canaveral,Falcon 9,Communications
Starlink-3515 ,USA,Commercial,Communications,LEO,Non-Polar Inclined,0.0,260,2022-02-21,SpaceX,Cape Canaveral,Falcon 9,Communications
Starlink-3516 ,USA,Commercial,Communications,LEO,Non-Polar Inclined,0.0,260,2022-02-21,SpaceX,Cape Canaveral,Falcon 9,Communications
Starlink-3517 ,USA,Commercial,Communications,LEO,Non-Polar Inclined,0.0,260,2022-02-21,SpaceX,Cape Canaveral,Falcon 9,Communications
Starlink-3518 ,USA,Commercial,Communications,LEO,Non-Polar Inclined,0.0,260,2022-02-21,SpaceX,Cape Canaveral,Falcon 9,Communications
Starlink-3519 ,USA,Commercial,Communications,LEO,Non-Polar Inclined,0.0,260,2022-03-03,SpaceX,Cape Canaveral,Falcon 9,Communications
Starlink-3520 ,USA,Commercial,Communications,LEO,Non-Polar Inclined,0.0,260,2022-02-21,SpaceX,Cape Canaveral,Falcon 9,Communications
Starlink-3521 ,USA,Commercial,Communications,LEO,Non-Polar Inclined,0.0,260,2022-02-21,SpaceX,Cape Canaveral,Falcon 9,Communications
Starlink-3522 ,USA,Commercial,Communications,LEO,Non-Polar Inclined,0.0,260,2022-02-21,SpaceX,Cape Canaveral,Falcon 9,Communications
Starlink-3523 ,USA,Commercial,Communications,LEO,Non-Polar Inclined,0.0,260,2022-02-21,SpaceX,Cape Canaveral,Falcon 9,Communications
Starlink-3524 ,USA,Commercial,Communications,LEO,Non-Polar Inclined,0.0,260,2022-02-21,SpaceX,Cape Canaveral,Falcon 9,Communications
Starlink-3525 ,USA,Commercial,Communications,LEO,Non-Polar Inclined,0.0,260,2022-02-21,SpaceX,Cape Canaveral,Falcon 9,Communications
Starlink-3526 ,USA,Commercial,Communications,LEO,Non-Polar Inclined,0.0,260,2022-02-21,SpaceX,Cape Canaveral,Falcon 9,Communications
Starlink-3527 ,USA,Commercial,Communications,LEO,Non-Polar Inclined,0.0,260,2022-02-21,SpaceX,Cape Canaveral,Falcon 9,Communications
Starlink-3528 ,USA,Commercial,Communications,LEO,Non-Polar Inclined,0.0,260,2022-02-21,SpaceX,Cape Canaveral,Falcon 9,Communications
Starlink-3529 ,USA,Commercial,Communications,LEO,Non-Polar Inclined,0.0,260,2022-02-21,SpaceX,Cape Canaveral,Falcon 9,Communications
Starlink-3530 ,USA,Commercial,Communications,LEO,Non-Polar Inclined,0.0,260,2022-02-21,SpaceX,Cape Canaveral,Falcon 9,Communications
Starlink-3531 ,USA,Commercial,Communications,LEO,Non-Polar Inclined,0.0,260,2022-02-21,SpaceX,Cape Canaveral,Falcon 9,Communications
Starlink-3532 ,USA,Commercial,Communications,LEO,Non-Polar Inclined,0.0,260,2022-02-21,SpaceX,Cape Canaveral,Falcon 9,Communications
Starlink-3533 ,USA,Commercial,Communications,LEO,Non-Polar Inclined,0.0,260,2022-02-21,SpaceX,Cape Canaveral,Falcon 9,Communications
Starlink-3534 ,USA,Commercial,Communications,LEO,Non-Polar Inclined,0.0,260,2022-03-19,SpaceX,Cape Canaveral,Falcon 9,Communications
Starlink-3535 ,USA,Commercial,Communications,LEO,Non-Polar Inclined,0.0,260,2022-02-21,SpaceX,Cape Canaveral,Falcon 9,Communications
Starlink-3536 ,USA,Commercial,Communications,LEO,Non-Polar Inclined,0.0,260,2022-03-03,SpaceX,Cape Canaveral,Falcon 9,Communications
Starlink-3537 ,USA,Commercial,Communications,LEO,Non-Polar Inclined,0.0,260,2022-03-19,SpaceX,Cape Canaveral,Falcon 9,Communications
Starlink-3538 ,USA,Commercial,Communications,LEO,Non-Polar Inclined,0.0,260,2022-03-09,SpaceX,Cape Canaveral,Falcon 9,Communications
Starlink-3539 ,USA,Commercial,Communications,LEO,Non-Polar Inclined,0.0,260,2022-03-03,SpaceX,Cape Canaveral,Falcon 9,Communications
Starlink-3540 ,USA,Commercial,Communications,LEO,Non-Polar Inclined,0.0,260,2022-02-21,SpaceX,Cape Canaveral,Falcon 9,Communications
Starlink-3541 ,USA,Commercial,Communications,LEO,Non-Polar Inclined,0.0,260,2022-03-03,SpaceX,Cape Canaveral,Falcon 9,Communications
Starlink-3542 ,USA,Commercial,Communications,LEO,Non-Polar Inclined,0.0,260,2022-03-03,SpaceX,Cape Canaveral,Falcon 9,Communications
Starlink-3543 ,USA,Commercial,Communications,LEO,Non-Polar Inclined,0.0,260,2022-02-21,SpaceX,Cape Canaveral,Falcon 9,Communications
Starlink-3544 ,USA,Commercial,Communications,LEO,Non-Polar Inclined,0.0,260,2022-02-25,SpaceX,Cape Canaveral,Falcon 9,Communications
Starlink-3545 ,USA,Commercial,Communications,LEO,Non-Polar Inclined,0.0,260,2022-03-03,SpaceX,Cape Canaveral,Falcon 9,Communications
Starlink-3546 ,USA,Commercial,Communications,LEO,Non-Polar Inclined,0.0,260,2022-02-21,SpaceX,Cape Canaveral,Falcon 9,Communications
Starlink-3547 ,USA,Commercial,Communications,LEO,Non-Polar Inclined,0.0,260,2022-03-03,SpaceX,Cape Canaveral,Falcon 9,Communications
Starlink-3548 ,USA,Commercial,Communications,LEO,Non-Polar Inclined,0.0,260,2022-03-03,SpaceX,Cape Canaveral,Falcon 9,Communications
Starlink-3549 ,USA,Commercial,Communications,LEO,Non-Polar Inclined,0.0,260,2022-03-03,SpaceX,Cape Canaveral,Falcon 9,Communications
Starlink-3550 ,USA,Commercial,Communications,LEO,Non-Polar Inclined,0.0,260,2022-04-29,SpaceX,Cape Canaveral,Falcon 9,Communications
Starlink-3551 ,USA,Commercial,Communications,LEO,Non-Polar Inclined,0.0,260,2022-03-03,SpaceX,Cape Canaveral,Falcon 9,Communications
Starlink-3552 ,USA,Commercial,Communications,LEO,Non-Polar Inclined,0.0,260,2022-02-25,SpaceX,Cape Canaveral,Falcon 9,Communications
Starlink-3553 ,USA,Commercial,Communications,LEO,Non-Polar Inclined,0.0,260,2022-03-03,SpaceX,Cape Canaveral,Falcon 9,Communications
Starlink-3554 ,USA,Commercial,Communications,LEO,Non-Polar Inclined,0.0,260,2022-03-03,SpaceX,Cape Canaveral,Falcon 9,Communications
Starlink-3555 ,USA,Commercial,Communications,LEO,Non-Polar Inclined,0.0,260,2022-03-03,SpaceX,Cape Canaveral,Falcon 9,Communications
Starlink-3556 ,USA,Commercial,Communications,LEO,Non-Polar Inclined,0.0,260,2022-03-03,SpaceX,Cape Canaveral,Falcon 9,Communications
Starlink-3557 ,USA,Commercial,Communications,LEO,Non-Polar Inclined,0.0,260,2022-02-25,SpaceX,Cape Canaveral,Falcon 9,Communications
Starlink-3558 ,USA,Commercial,Communications,LEO,Non-Polar Inclined,0.0,260,2022-03-19,SpaceX,Cape Canaveral,Falcon 9,Communications
Starlink-3559 ,USA,Commercial,Communications,LEO,Non-Polar Inclined,0.0,260,2022-03-03,SpaceX,Cape Canaveral,Falcon 9,Communications
Starlink-3560 ,USA,Commercial,Communications,LEO,Non-Polar Inclined,0.0,260,2022-03-03,SpaceX,Cape Canaveral,Falcon 9,Communications
Starlink-3561 ,USA,Commercial,Communications,LEO,Non-Polar Inclined,0.0,260,2022-04-21,SpaceX,Cape Canaveral,Falcon 9,Communications
Starlink-3562 ,USA,Commercial,Communications,LEO,Non-Polar Inclined,0.0,260,2022-03-03,SpaceX,Cape Canaveral,Falcon 9,Communications
Starlink-3563 ,USA,Commercial,Communications,LEO,Non-Polar Inclined,0.0,260,2022-03-03,SpaceX,Cape Canaveral,Falcon 9,Communications
Starlink-3564 ,USA,Commercial,Communications,LEO,Non-Polar Inclined,0.0,260,2022-04-21,SpaceX,Cape Canaveral,Falcon 9,Communications
Starlink-3565 ,USA,Commercial,Communications,LEO,Non-Polar Inclined,0.0,260,2022-03-03,SpaceX,Cape Canaveral,Falcon 9,Communications
Starlink-3566 ,USA,Commercial,Communications,LEO,Non-Polar Inclined,0.0,260,2022-03-03,SpaceX,Cape Canaveral,Falcon 9,Communications
Starlink-3567 ,USA,Commercial,Communications,LEO,Non-Polar Inclined,0.0,260,2022-03-03,SpaceX,Cape Canaveral,Falcon 9,Communications
Starlink-3568 ,USA,Commercial,Communications,LEO,Non-Polar Inclined,0.0,260,2022-03-03,SpaceX,Cape Canaveral,Falcon 9,Communications
Starlink-3569 ,USA,Commercial,Communications,LEO,Non-Polar Inclined,0.0,260,2022-02-25,SpaceX,Cape Canaveral,Falcon 9,Communications
Starlink-3570 ,USA,Commercial,Communications,LEO,Non-Polar Inclined,0.0,260,2022-03-03,SpaceX,Cape Canaveral,Falcon 9,Communications
Starlink-3571 ,USA,Commercial,Communications,LEO,Non-Polar Inclined,0.0,260,2022-03-03,SpaceX,Cape Canaveral,Falcon 9,Communications
Starlink-3572 ,USA,Commercial,Communications,LEO,Non-Polar Inclined,0.0,260,2022-03-03,SpaceX,Cape Canaveral,Falcon 9,Communications
Starlink-3573 ,USA,Commercial,Communications,LEO,Non-Polar Inclined,0.0,260,2022-02-25,SpaceX,Cape Canaveral,Falcon 9,Communications
Starlink-3574 ,USA,Commercial,Communications,LEO,Non-Polar Inclined,0.0,260,2022-03-03,SpaceX,Cape Canaveral,Falcon 9,Communications
Starlink-3575 ,USA,Commercial,Communications,LEO,Non-Polar Inclined,0.0,260,2022-03-03,SpaceX,Cape Canaveral,Falcon 9,Communications
Starlink-3576 ,USA,Commercial,Communications,LEO,Non-Polar Inclined,0.0,260,2022-03-03,SpaceX,Cape Canaveral,Falcon 9,Communications
Starlink-3577 ,USA,Commercial,Communications,LEO,Non-Polar Inclined,0.0,260,2022-03-03,SpaceX,Cape Canaveral,Falcon 9,Communications
Starlink-3578 ,USA,Commercial,Communications,LEO,Non-Polar Inclined,0.0,260,2022-03-03,SpaceX,Cape Canaveral,Falcon 9,Communications
Starlink-3579 ,USA,Commercial,Communications,LEO,Non-Polar Inclined,0.0,260,2022-03-03,SpaceX,Cape Canaveral,Falcon 9,Communications
Starlink-3580 ,USA,Commercial,Communications,LEO,Non-Polar Inclined,0.0,260,2022-02-25,SpaceX,Cape Canaveral,Falcon 9,Communications
Starlink-3581 ,USA,Commercial,Communications,LEO,Non-Polar Inclined,0.0,260,2022-02-25,SpaceX,Cape Canaveral,Falcon 9,Communications
Starlink-3582 ,USA,Commercial,Communications,LEO,Non-Polar Inclined,0.0,260,2022-03-03,SpaceX,Cape Canaveral,Falcon 9,Communications
Starlink-3583 ,USA,Commercial,Communications,LEO,Non-Polar Inclined,0.0,260,2022-03-03,SpaceX,Cape Canaveral,Falcon 9,Communications
Starlink-3584 ,USA,Commercial,Communications,LEO,Non-Polar Inclined,0.0,260,2022-03-03,SpaceX,Cape Canaveral,Falcon 9,Communications
Starlink-3585 ,USA,Commercial,Communications,LEO,Non-Polar Inclined,0.0,260,2022-03-03,SpaceX,Cape Canaveral,Falcon 9,Communications
Starlink-3586 ,USA,Commercial,Communications,LEO,Non-Polar Inclined,0.0,260,2022-02-25,SpaceX,Cape Canaveral,Falcon 9,Communications
Starlink-3587 ,USA,Commercial,Communications,LEO,Non-Polar Inclined,0.0,260,2022-03-03,SpaceX,Cape Canaveral,Falcon 9,Communications
Starlink-3588 ,USA,Commercial,Communications,LEO,Non-Polar Inclined,0.0,260,2022-03-03,SpaceX,Cape Canaveral,Falcon 9,Communications
Starlink-3589 ,USA,Commercial,Communications,LEO,Non-Polar Inclined,0.0,260,2022-03-09,SpaceX,Cape Canaveral,Falcon 9,Communications
Starlink-3590 ,USA,Commercial,Communications,LEO,Non-Polar Inclined,0.0,260,2022-03-03,SpaceX,Cape Canaveral,Falcon 9,Communications
Starlink-3591 ,USA,Commercial,Communications,LEO,Non-Polar Inclined,0.0,260,2022-03-03,SpaceX,Cape Canaveral,Falcon 9,Communications
Starlink-3592 ,USA,Commercial,Communications,LEO,Non-Polar Inclined,0.0,260,2022-02-25,SpaceX,Cape Canaveral,Falcon 9,Communications
Starlink-3593 ,USA,Commercial,Communications,LEO,Non-Polar Inclined,0.0,260,2022-03-03,SpaceX,Cape Canaveral,Falcon 9,Communications
Starlink-3594 ,USA,Commercial,Communications,LEO,Non-Polar Inclined,0.0,260,2022-03-03,SpaceX,Cape Canaveral,Falcon 9,Communications
Starlink-3595 ,USA,Commercial,Communications,LEO,Non-Polar Inclined,0.0,260,2022-03-03,SpaceX,Cape Canaveral,Falcon 9,Communications
Starlink-3596 ,USA,Commercial,Communications,LEO,Non-Polar Inclined,0.0,260,2022-02-25,SpaceX,Cape Canaveral,Falcon 9,Communications
Starlink-3597 ,USA,Commercial,Communications,LEO,Non-Polar Inclined,0.0,260,2022-03-03,SpaceX,Cape Canaveral,Falcon 9,Communications
Starlink-3598 ,USA,Commercial,Communications,LEO,Non-Polar Inclined,0.0,260,2022-03-03,SpaceX,Cape Canaveral,Falcon 9,Communications
Starlink-3599 ,USA,Commercial,Communications,LEO,Non-Polar Inclined,0.0,260,2022-02-25,SpaceX,Cape Canaveral,Falcon 9,Communications
Starlink-36 ,USA,Commercial,Communications,LEO,Non-Polar Inclined,0.0,227,2019-05-24,SpaceX,Cape Canaveral,Falcon 9,Communications
Starlink-3600 ,USA,Commercial,Communications,LEO,Non-Polar Inclined,0.0,260,2022-02-25,SpaceX,Cape Canaveral,Falcon 9,Communications
Starlink-3601 ,USA,Commercial,Communications,LEO,Non-Polar Inclined,0.0,260,2022-02-25,SpaceX,Cape Canaveral,Falcon 9,Communications
Starlink-3602 ,USA,Commercial,Communications,LEO,Non-Polar Inclined,0.0,260,2022-02-25,SpaceX,Cape Canaveral,Falcon 9,Communications
Starlink-3603 ,USA,Commercial,Communications,LEO,Non-Polar Inclined,0.0,260,2022-02-25,SpaceX,Cape Canaveral,Falcon 9,Communications
Starlink-3604 ,USA,Commercial,Communications,LEO,Non-Polar Inclined,0.0,260,2022-02-25,SpaceX,Cape Canaveral,Falcon 9,Communications
Starlink-3605 ,USA,Commercial,Communications,LEO,Non-Polar Inclined,0.0,260,2022-02-25,SpaceX,Cape Canaveral,Falcon 9,Communications
Starlink-3606 ,USA,Commercial,Communications,LEO,Non-Polar Inclined,0.0,260,2022-02-25,SpaceX,Cape Canaveral,Falcon 9,Communications
Starlink-3607 ,USA,Commercial,Communications,LEO,Non-Polar Inclined,0.0,260,2022-02-25,SpaceX,Cape Canaveral,Falcon 9,Communications
Starlink-3608 ,USA,Commercial,Communications,LEO,Non-Polar Inclined,0.0,260,2022-02-25,SpaceX,Cape Canaveral,Falcon 9,Communications
Starlink-3609 ,USA,Commercial,Communications,LEO,Non-Polar Inclined,0.0,260,2022-02-25,SpaceX,Cape Canaveral,Falcon 9,Communications
Starlink-3610 ,USA,Commercial,Communications,LEO,Non-Polar Inclined,0.0,260,2022-02-25,SpaceX,Cape Canaveral,Falcon 9,Communications
Starlink-3611 ,USA,Commercial,Communications,LEO,Non-Polar Inclined,0.0,260,2022-02-25,SpaceX,Cape Canaveral,Falcon 9,Communications
Starlink-3612 ,USA,Commercial,Communications,LEO,Non-Polar Inclined,0.0,260,2022-02-25,SpaceX,Cape Canaveral,Falcon 9,Communications
Starlink-3613 ,USA,Commercial,Communications,LEO,Non-Polar Inclined,0.0,260,2022-02-25,SpaceX,Cape Canaveral,Falcon 9,Communications
Starlink-3614 ,USA,Commercial,Communications,LEO,Non-Polar Inclined,0.0,260,2022-02-25,SpaceX,Cape Canaveral,Falcon 9,Communications
Starlink-3615 ,USA,Commercial,Communications,LEO,Non-Polar Inclined,0.0,260,2022-02-25,SpaceX,Cape Canaveral,Falcon 9,Communications
Starlink-3616 ,USA,Commercial,Communications,LEO,Non-Polar Inclined,0.0,260,2022-02-25,SpaceX,Cape Canaveral,Falcon 9,Communications
Starlink-3617 ,USA,Commercial,Communications,LEO,Non-Polar Inclined,0.0,260,2022-02-25,SpaceX,Cape Canaveral,Falcon 9,Communications
Starlink-3618 ,USA,Commercial,Communications,LEO,Non-Polar Inclined,0.0,260,2022-03-09,SpaceX,Cape Canaveral,Falcon 9,Communications
Starlink-3619 ,USA,Commercial,Communications,LEO,Non-Polar Inclined,0.0,260,2022-02-25,SpaceX,Cape Canaveral,Falcon 9,Communications
Starlink-3620 ,USA,Commercial,Communications,LEO,Non-Polar Inclined,0.0,260,2022-02-25,SpaceX,Cape Canaveral,Falcon 9,Communications
Starlink-3621 ,USA,Commercial,Communications,LEO,Non-Polar Inclined,0.0,260,2022-02-25,SpaceX,Cape Canaveral,Falcon 9,Communications
Starlink-3622 ,USA,Commercial,Communications,LEO,Non-Polar Inclined,0.0,260,2022-02-25,SpaceX,Cape Canaveral,Falcon 9,Communications
Starlink-3623 ,USA,Commercial,Communications,LEO,Non-Polar Inclined,0.0,260,2022-02-25,SpaceX,Cape Canaveral,Falcon 9,Communications
Starlink-3624 ,USA,Commercial,Communications,LEO,Non-Polar Inclined,0.0,260,2022-02-25,SpaceX,Cape Canaveral,Falcon 9,Communications
Starlink-3625 ,USA,Commercial,Communications,LEO,Non-Polar Inclined,0.0,260,2022-02-25,SpaceX,Cape Canaveral,Falcon 9,Communications
Starlink-3626 ,USA,Commercial,Communications,LEO,Non-Polar Inclined,0.0,260,2022-02-25,SpaceX,Cape Canaveral,Falcon 9,Communications
Starlink-3627 ,USA,Commercial,Communications,LEO,Non-Polar Inclined,0.0,260,2022-02-25,SpaceX,Cape Canaveral,Falcon 9,Communications
Starlink-3628 ,USA,Commercial,Communications,LEO,Non-Polar Inclined,0.0,260,2022-02-25,SpaceX,Cape Canaveral,Falcon 9,Communications
Starlink-3629 ,USA,Commercial,Communications,LEO,Non-Polar Inclined,0.0,260,2022-02-25,SpaceX,Cape Canaveral,Falcon 9,Communications
Starlink-3630 ,USA,Commercial,Communications,LEO,Non-Polar Inclined,0.0,260,2022-02-25,SpaceX,Cape Canaveral,Falcon 9,Communications
Starlink-3631 ,USA,Commercial,Communications,LEO,Non-Polar Inclined,0.0,260,2022-02-25,SpaceX,Cape Canaveral,Falcon 9,Communications
Starlink-3632 ,USA,Commercial,Communications,LEO,Non-Polar Inclined,0.0,260,2022-02-25,SpaceX,Cape Canaveral,Falcon 9,Communications
Starlink-3633 ,USA,Commercial,Communications,LEO,Non-Polar Inclined,0.0,260,2022-02-25,SpaceX,Cape Canaveral,Falcon 9,Communications
Starlink-3634 ,USA,Commercial,Communications,LEO,Non-Polar Inclined,0.0,260,2022-02-25,SpaceX,Cape Canaveral,Falcon 9,Communications
Starlink-3635 ,USA,Commercial,Communications,LEO,Non-Polar Inclined,0.0,260,2022-03-09,SpaceX,Cape Canaveral,Falcon 9,Communications
Starlink-3636 ,USA,Commercial,Communications,LEO,Non-Polar Inclined,0.0,260,2022-03-09,SpaceX,Cape Canaveral,Falcon 9,Communications
Starlink-3637 ,USA,Commercial,Communications,LEO,Non-Polar Inclined,0.0,260,2022-02-25,SpaceX,Cape Canaveral,Falcon 9,Communications
Starlink-3638 ,USA,Commercial,Communications,LEO,Non-Polar Inclined,0.0,260,2022-02-25,SpaceX,Cape Canaveral,Falcon 9,Communications
Starlink-3639 ,USA,Commercial,Communications,LEO,Non-Polar Inclined,0.0,260,2022-02-25,SpaceX,Cape Canaveral,Falcon 9,Communications
Starlink-3640 ,USA,Commercial,Communications,LEO,Non-Polar Inclined,0.0,260,2022-03-09,SpaceX,Cape Canaveral,Falcon 9,Communications
Starlink-3641 ,USA,Commercial,Communications,LEO,Non-Polar Inclined,0.0,260,2022-02-25,SpaceX,Cape Canaveral,Falcon 9,Communications
Starlink-3642 ,USA,Commercial,Communications,LEO,Non-Polar Inclined,0.0,260,2022-03-09,SpaceX,Cape Canaveral,Falcon 9,Communications
Starlink-3643 ,USA,Commercial,Communications,LEO,Non-Polar Inclined,0.0,260,2022-03-09,SpaceX,Cape Canaveral,Falcon 9,Communications
Starlink-3644 ,USA,Commercial,Communications,LEO,Non-Polar Inclined,0.0,260,2022-03-09,SpaceX,Cape Canaveral,Falcon 9,Communications
Starlink-3645 ,USA,Commercial,Communications,LEO,Non-Polar Inclined,0.0,260,2022-03-09,SpaceX,Cape Canaveral,Falcon 9,Communications
Starlink-3646 ,USA,Commercial,Communications,LEO,Non-Polar Inclined,0.0,260,2022-02-25,SpaceX,Cape Canaveral,Falcon 9,Communications
Starlink-3647 ,USA,Commercial,Communications,LEO,Non-Polar Inclined,0.0,260,2022-03-09,SpaceX,Cape Canaveral,Falcon 9,Communications
Starlink-3648 ,USA,Commercial,Communications,LEO,Non-Polar Inclined,0.0,260,2022-03-09,SpaceX,Cape Canaveral,Falcon 9,Communications
Starlink-3649 ,USA,Commercial,Communications,LEO,Non-Polar Inclined,0.0,260,2022-03-09,SpaceX,Cape Canaveral,Falcon 9,Communications
Starlink-3650 ,USA,Commercial,Communications,LEO,Non-Polar Inclined,0.0,260,2022-03-09,SpaceX,Cape Canaveral,Falcon 9,Communications
Starlink-3651 ,USA,Commercial,Communications,LEO,Non-Polar Inclined,0.0,260,2022-03-09,SpaceX,Cape Canaveral,Falcon 9,Communications
Starlink-3652 ,USA,Commercial,Communications,LEO,Non-Polar Inclined,0.0,260,2022-03-09,SpaceX,Cape Canaveral,Falcon 9,Communications
Starlink-3653 ,USA,Commercial,Communications,LEO,Non-Polar Inclined,0.0,260,2022-03-09,SpaceX,Cape Canaveral,Falcon 9,Communications
Starlink-3654 ,USA,Commercial,Communications,LEO,Non-Polar Inclined,0.0,260,2022-03-09,SpaceX,Cape Canaveral,Falcon 9,Communications
Starlink-3655 ,USA,Commercial,Communications,LEO,Non-Polar Inclined,0.0,260,2022-03-09,SpaceX,Cape Canaveral,Falcon 9,Communications
Starlink-3656 ,USA,Commercial,Communications,LEO,Non-Polar Inclined,0.0,260,2022-03-09,SpaceX,Cape Canaveral,Falcon 9,Communications
Starlink-3657 ,USA,Commercial,Communications,LEO,Non-Polar Inclined,0.0,260,2022-03-09,SpaceX,Cape Canaveral,Falcon 9,Communications
Starlink-3658 ,USA,Commercial,Communications,LEO,Non-Polar Inclined,0.0,260,2022-03-19,SpaceX,Cape Canaveral,Falcon 9,Communications
Starlink-3659 ,USA,Commercial,Communications,LEO,Non-Polar Inclined,0.0,260,2022-03-09,SpaceX,Cape Canaveral,Falcon 9,Communications
Starlink-3660 ,USA,Commercial,Communications,LEO,Non-Polar Inclined,0.0,260,2022-03-09,SpaceX,Cape Canaveral,Falcon 9,Communications
Starlink-3661 ,USA,Commercial,Communications,LEO,Non-Polar Inclined,0.0,260,2022-03-19,SpaceX,Cape Canaveral,Falcon 9,Communications
Starlink-3663 ,USA,Commercial,Communications,LEO,Non-Polar Inclined,0.0,260,2022-03-09,SpaceX,Cape Canaveral,Falcon 9,Communications
Starlink-3664 ,USA,Commercial,Communications,LEO,Non-Polar Inclined,0.0,260,2022-03-09,SpaceX,Cape Canaveral,Falcon 9,Communications
Starlink-3665 ,USA,Commercial,Communications,LEO,Non-Polar Inclined,0.0,260,2022-03-19,SpaceX,Cape Canaveral,Falcon 9,Communications
Starlink-3666 ,USA,Commercial,Communications,LEO,Non-Polar Inclined,0.0,260,2022-03-09,SpaceX,Cape Canaveral,Falcon 9,Communications
Starlink-3667 ,USA,Commercial,Communications,LEO,Non-Polar Inclined,0.0,260,2022-03-09,SpaceX,Cape Canaveral,Falcon 9,Communications
Starlink-3668 ,USA,Commercial,Communications,LEO,Non-Polar Inclined,0.0,260,2022-03-09,SpaceX,Cape Canaveral,Falcon 9,Communications
Starlink-3669 ,USA,Commercial,Communications,LEO,Non-Polar Inclined,0.0,260,2022-03-09,SpaceX,Cape Canaveral,Falcon 9,Communications
Starlink-3670 ,USA,Commercial,Communications,LEO,Non-Polar Inclined,0.0,260,2022-03-19,SpaceX,Cape Canaveral,Falcon 9,Communications
Starlink-3671 ,USA,Commercial,Communications,LEO,Non-Polar Inclined,0.0,260,2022-03-09,SpaceX,Cape Canaveral,Falcon 9,Communications
Starlink-3672 ,USA,Commercial,Communications,LEO,Non-Polar Inclined,0.0,260,2022-03-09,SpaceX,Cape Canaveral,Falcon 9,Communications
Starlink-3673 ,USA,Commercial,Communications,LEO,Non-Polar Inclined,0.0,260,2022-03-19,SpaceX,Cape Canaveral,Falcon 9,Communications
Starlink-3674 ,USA,Commercial,Communications,LEO,Non-Polar Inclined,0.0,260,2022-03-09,SpaceX,Cape Canaveral,Falcon 9,Communications
Starlink-3675 ,USA,Commercial,Communications,LEO,Non-Polar Inclined,0.0,260,2022-03-09,SpaceX,Cape Canaveral,Falcon 9,Communications
Starlink-3677 ,USA,Commercial,Communications,LEO,Non-Polar Inclined,0.0,260,2022-03-09,SpaceX,Cape Canaveral,Falcon 9,Communications
Starlink-3678 ,USA,Commercial,Communications,LEO,Non-Polar Inclined,0.0,260,2022-03-19,SpaceX,Cape Canaveral,Falcon 9,Communications
Starlink-3679 ,USA,Commercial,Communications,LEO,Non-Polar Inclined,0.0,260,2022-03-09,SpaceX,Cape Canaveral,Falcon 9,Communications
Starlink-3680 ,USA,Commercial,Communications,LEO,Non-Polar Inclined,0.0,260,2022-03-09,SpaceX,Cape Canaveral,Falcon 9,Communications
Starlink-3681 ,USA,Commercial,Communications,LEO,Non-Polar Inclined,0.0,260,2022-03-09,SpaceX,Cape Canaveral,Falcon 9,Communications
Starlink-3682 ,USA,Commercial,Communications,LEO,Non-Polar Inclined,0.0,260,2022-03-19,SpaceX,Cape Canaveral,Falcon 9,Communications
Starlink-3683 ,USA,Commercial,Communications,LEO,Non-Polar Inclined,0.0,260,2022-07-17,SpaceX,Cape Canaveral,Falcon 9,Communications
Starlink-3684 ,USA,Commercial,Communications,LEO,Non-Polar Inclined,0.0,260,2022-03-19,SpaceX,Cape Canaveral,Falcon 9,Communications
Starlink-3685 ,USA,Commercial,Communications,LEO,Non-Polar Inclined,0.0,260,2022-03-19,SpaceX,Cape Canaveral,Falcon 9,Communications
Starlink-3686 ,USA,Commercial,Communications,LEO,Non-Polar Inclined,0.0,260,2022-04-21,SpaceX,Cape Canaveral,Falcon 9,Communications
Starlink-3687 ,USA,Commercial,Communications,LEO,Non-Polar Inclined,0.0,260,2022-03-19,SpaceX,Cape Canaveral,Falcon 9,Communications
Starlink-3688 ,USA,Commercial,Communications,LEO,Non-Polar Inclined,0.0,260,2022-04-21,SpaceX,Cape Canaveral,Falcon 9,Communications
Starlink-3689 ,USA,Commercial,Communications,LEO,Non-Polar Inclined,0.0,260,2022-03-09,SpaceX,Cape Canaveral,Falcon 9,Communications
Starlink-3690 ,USA,Commercial,Communications,LEO,Non-Polar Inclined,0.0,260,2022-03-09,SpaceX,Cape Canaveral,Falcon 9,Communications
Starlink-3691 ,USA,Commercial,Communications,LEO,Non-Polar Inclined,0.0,260,2022-03-09,SpaceX,Cape Canaveral,Falcon 9,Communications
Starlink-3692 ,USA,Commercial,Communications,LEO,Non-Polar Inclined,0.0,260,2022-03-09,SpaceX,Cape Canaveral,Falcon 9,Communications
Starlink-3694 ,USA,Commercial,Communications,LEO,Non-Polar Inclined,0.0,260,2022-03-09,SpaceX,Cape Canaveral,Falcon 9,Communications
Starlink-3696 ,USA,Commercial,Communications,LEO,Non-Polar Inclined,0.0,260,2022-03-09,SpaceX,Cape Canaveral,Falcon 9,Communications
Starlink-3697 ,USA,Commercial,Communications,LEO,Non-Polar Inclined,0.0,260,2022-03-09,SpaceX,Cape Canaveral,Falcon 9,Communications
Starlink-3698 ,USA,Commercial,Communications,LEO,Non-Polar Inclined,0.0,260,2022-03-19,SpaceX,Cape Canaveral,Falcon 9,Communications
Starlink-3699 ,USA,Commercial,Communications,LEO,Non-Polar Inclined,0.0,260,2022-03-09,SpaceX,Cape Canaveral,Falcon 9,Communications
Starlink-3700 ,USA,Commercial,Communications,LEO,Non-Polar Inclined,0.0,260,2022-03-09,SpaceX,Cape Canaveral,Falcon 9,Communications
Starlink-3701 ,USA,Commercial,Communications,LEO,Non-Polar Inclined,0.0,260,2022-03-19,SpaceX,Cape Canaveral,Falcon 9,Communications
Starlink-3702 ,USA,Commercial,Communications,LEO,Non-Polar Inclined,0.0,260,2022-03-19,SpaceX,Cape Canaveral,Falcon 9,Communications
Starlink-3703 ,USA,Commercial,Communications,LEO,Non-Polar Inclined,0.0,260,2022-03-19,SpaceX,Cape Canaveral,Falcon 9,Communications
Starlink-3704 ,USA,Commercial,Communications,LEO,Non-Polar Inclined,0.0,260,2022-03-09,SpaceX,Cape Canaveral,Falcon 9,Communications
Starlink-3705 ,USA,Commercial,Communications,LEO,Non-Polar Inclined,0.0,260,2022-03-19,SpaceX,Cape Canaveral,Falcon 9,Communications
Starlink-3706 ,USA,Commercial,Communications,LEO,Non-Polar Inclined,0.0,260,2022-03-19,SpaceX,Cape Canaveral,Falcon 9,Communications
Starlink-3707 ,USA,Commercial,Communications,LEO,Non-Polar Inclined,0.0,260,2022-03-19,SpaceX,Cape Canaveral,Falcon 9,Communications
Starlink-3708 ,USA,Commercial,Communications,LEO,Non-Polar Inclined,0.0,260,2022-03-19,SpaceX,Cape Canaveral,Falcon 9,Communications
Starlink-3709 ,USA,Commercial,Communications,LEO,Non-Polar Inclined,0.0,260,2022-03-19,SpaceX,Cape Canaveral,Falcon 9,Communications
Starlink-3711 ,USA,Commercial,Communications,LEO,Non-Polar Inclined,0.0,260,2022-03-19,SpaceX,Cape Canaveral,Falcon 9,Communications
Starlink-3712 ,USA,Commercial,Communications,LEO,Non-Polar Inclined,0.0,260,2022-03-19,SpaceX,Cape Canaveral,Falcon 9,Communications
Starlink-3713 ,USA,Commercial,Communications,LEO,Non-Polar Inclined,0.0,260,2022-03-19,SpaceX,Cape Canaveral,Falcon 9,Communications
Starlink-3714 ,USA,Commercial,Communications,LEO,Non-Polar Inclined,0.0,260,2022-03-19,SpaceX,Cape Canaveral,Falcon 9,Communications
Starlink-3715 ,USA,Commercial,Communications,LEO,Non-Polar Inclined,0.0,260,2022-03-19,SpaceX,Cape Canaveral,Falcon 9,Communications
Starlink-3716 ,USA,Commercial,Communications,LEO,Non-Polar Inclined,0.0,260,2022-03-19,SpaceX,Cape Canaveral,Falcon 9,Communications
Starlink-3717 ,USA,Commercial,Communications,LEO,Non-Polar Inclined,0.0,260,2022-03-19,SpaceX,Cape Canaveral,Falcon 9,Communications
Starlink-3718 ,USA,Commercial,Communications,LEO,Non-Polar Inclined,0.0,260,2022-03-19,SpaceX,Cape Canaveral,Falcon 9,Communications
Starlink-3720 ,USA,Commercial,Communications,LEO,Non-Polar Inclined,0.0,260,2022-03-19,SpaceX,Cape Canaveral,Falcon 9,Communications
Starlink-3721 ,USA,Commercial,Communications,LEO,Non-Polar Inclined,0.0,260,2022-03-19,SpaceX,Cape Canaveral,Falcon 9,Communications
Starlink-3722 ,USA,Commercial,Communications,LEO,Non-Polar Inclined,0.0,260,2022-03-19,SpaceX,Cape Canaveral,Falcon 9,Communications
Starlink-3723 ,USA,Commercial,Communications,LEO,Non-Polar Inclined,0.0,260,2022-03-19,SpaceX,Cape Canaveral,Falcon 9,Communications
Starlink-3724 ,USA,Commercial,Communications,LEO,Non-Polar Inclined,0.0,260,2022-04-21,SpaceX,Cape Canaveral,Falcon 9,Communications
Starlink-3725 ,USA,Commercial,Communications,LEO,Non-Polar Inclined,0.0,260,2022-03-19,SpaceX,Cape Canaveral,Falcon 9,Communications
Starlink-3726 ,USA,Commercial,Communications,LEO,Non-Polar Inclined,0.0,260,2022-03-19,SpaceX,Cape Canaveral,Falcon 9,Communications
Starlink-3727 ,USA,Commercial,Communications,LEO,Non-Polar Inclined,0.0,260,2022-03-19,SpaceX,Cape Canaveral,Falcon 9,Communications
Starlink-3728 ,USA,Commercial,Communications,LEO,Non-Polar Inclined,0.0,260,2022-04-29,SpaceX,Cape Canaveral,Falcon 9,Communications
Starlink-3729 ,USA,Commercial,Communications,LEO,Non-Polar Inclined,0.0,260,2022-03-19,SpaceX,Cape Canaveral,Falcon 9,Communications
Starlink-3730 ,USA,Commercial,Communications,LEO,Non-Polar Inclined,0.0,260,2022-03-19,SpaceX,Cape Canaveral,Falcon 9,Communications
Starlink-3732 ,USA,Commercial,Communications,LEO,Non-Polar Inclined,0.0,260,2022-03-19,SpaceX,Cape Canaveral,Falcon 9,Communications
Starlink-3733 ,USA,Commercial,Communications,LEO,Non-Polar Inclined,0.0,260,2022-03-19,SpaceX,Cape Canaveral,Falcon 9,Communications
Starlink-3734 ,USA,Commercial,Communications,LEO,Non-Polar Inclined,0.0,260,2022-03-19,SpaceX,Cape Canaveral,Falcon 9,Communications
Starlink-3735 ,USA,Commercial,Communications,LEO,Non-Polar Inclined,0.0,260,2022-03-19,SpaceX,Cape Canaveral,Falcon 9,Communications
Starlink-3736 ,USA,Commercial,Communications,LEO,Non-Polar Inclined,0.0,260,2022-03-19,SpaceX,Cape Canaveral,Falcon 9,Communications
Starlink-3737 ,USA,Commercial,Communications,LEO,Non-Polar Inclined,0.0,260,2022-03-19,SpaceX,Cape Canaveral,Falcon 9,Communications
Starlink-3738 ,USA,Commercial,Communications,LEO,Non-Polar Inclined,0.0,260,2022-03-19,SpaceX,Cape Canaveral,Falcon 9,Communications
Starlink-3739 ,USA,Commercial,Communications,LEO,Non-Polar Inclined,0.0,260,2022-04-21,SpaceX,Cape Canaveral,Falcon 9,Communications
Starlink-3740 ,USA,Commercial,Communications,LEO,Non-Polar Inclined,0.0,260,2022-04-21,SpaceX,Cape Canaveral,Falcon 9,Communications
Starlink-3741 ,USA,Commercial,Communications,LEO,Non-Polar Inclined,0.0,260,2022-05-14,SpaceX,Cape Canaveral,Falcon 9,Communications
Starlink-3742 ,USA,Commercial,Communications,LEO,Non-Polar Inclined,0.0,260,2022-04-21,SpaceX,Cape Canaveral,Falcon 9,Communications
Starlink-3743 ,USA,Commercial,Communications,LEO,Non-Polar Inclined,0.0,260,2022-03-19,SpaceX,Cape Canaveral,Falcon 9,Communications
Starlink-3744 ,USA,Commercial,Communications,LEO,Non-Polar Inclined,0.0,260,2022-04-21,SpaceX,Cape Canaveral,Falcon 9,Communications
Starlink-3745 ,USA,Commercial,Communications,LEO,Non-Polar Inclined,0.0,260,2022-04-21,SpaceX,Cape Canaveral,Falcon 9,Communications
Starlink-3746 ,USA,Commercial,Communications,LEO,Non-Polar Inclined,0.0,260,2022-04-21,SpaceX,Cape Canaveral,Falcon 9,Communications
Starlink-3747 ,USA,Commercial,Communications,LEO,Non-Polar Inclined,0.0,260,2022-04-21,SpaceX,Cape Canaveral,Falcon 9,Communications
Starlink-3748 ,USA,Commercial,Communications,LEO,Non-Polar Inclined,0.0,260,2022-04-21,SpaceX,Cape Canaveral,Falcon 9,Communications
Starlink-3749 ,USA,Commercial,Communications,LEO,Non-Polar Inclined,0.0,260,2022-04-21,SpaceX,Cape Canaveral,Falcon 9,Communications
Starlink-3750 ,USA,Commercial,Communications,LEO,Non-Polar Inclined,0.0,260,2022-04-21,SpaceX,Cape Canaveral,Falcon 9,Communications
Starlink-3751 ,USA,Commercial,Communications,LEO,Non-Polar Inclined,0.0,260,2022-04-21,SpaceX,Cape Canaveral,Falcon 9,Communications
Starlink-3752 ,USA,Commercial,Communications,LEO,Non-Polar Inclined,0.0,260,2022-04-21,SpaceX,Cape Canaveral,Falcon 9,Communications
Starlink-3753 ,USA,Commercial,Communications,LEO,Non-Polar Inclined,0.0,260,2022-04-21,SpaceX,Cape Canaveral,Falcon 9,Communications
Starlink-3754 ,USA,Commercial,Communications,LEO,Non-Polar Inclined,0.0,260,2022-04-29,SpaceX,Cape Canaveral,Falcon 9,Communications
Starlink-3755 ,USA,Commercial,Communications,LEO,Non-Polar Inclined,0.0,260,2022-04-21,SpaceX,Cape Canaveral,Falcon 9,Communications
Starlink-3756 ,USA,Commercial,Communications,LEO,Non-Polar Inclined,0.0,260,2022-04-21,SpaceX,Cape Canaveral,Falcon 9,Communications
Starlink-3757 ,USA,Commercial,Communications,LEO,Non-Polar Inclined,0.0,260,2022-05-13,SpaceX,Vandenberg AFB,Falcon 9,Communications
Starlink-3758 ,USA,Commercial,Communications,LEO,Non-Polar Inclined,0.0,260,2022-04-21,SpaceX,Cape Canaveral,Falcon 9,Communications
Starlink-3759 ,USA,Commercial,Communications,LEO,Non-Polar Inclined,0.0,260,2022-04-21,SpaceX,Cape Canaveral,Falcon 9,Communications
Starlink-3760 ,USA,Commercial,Communications,LEO,Non-Polar Inclined,0.0,260,2022-04-21,SpaceX,Cape Canaveral,Falcon 9,Communications
Starlink-3761 ,USA,Commercial,Communications,LEO,Non-Polar Inclined,0.0,260,2022-04-21,SpaceX,Cape Canaveral,Falcon 9,Communications
Starlink-3762 ,USA,Commercial,Communications,LEO,Non-Polar Inclined,0.0,260,2022-04-29,SpaceX,Cape Canaveral,Falcon 9,Communications
Starlink-3763 ,USA,Commercial,Communications,LEO,Non-Polar Inclined,0.0,260,2022-05-13,SpaceX,Vandenberg AFB,Falcon 9,Communications
Starlink-3764 ,USA,Commercial,Communications,LEO,Non-Polar Inclined,0.0,260,2022-04-21,SpaceX,Cape Canaveral,Falcon 9,Communications
Starlink-3765 ,USA,Commercial,Communications,LEO,Non-Polar Inclined,0.0,260,2022-04-21,SpaceX,Cape Canaveral,Falcon 9,Communications
Starlink-3766 ,USA,Commercial,Communications,LEO,Non-Polar Inclined,0.0,260,2022-04-21,SpaceX,Cape Canaveral,Falcon 9,Communications
Starlink-3767 ,USA,Commercial,Communications,LEO,Non-Polar Inclined,0.0,260,2022-04-29,SpaceX,Cape Canaveral,Falcon 9,Communications
Starlink-3768 ,USA,Commercial,Communications,LEO,Non-Polar Inclined,0.0,260,2022-04-21,SpaceX,Cape Canaveral,Falcon 9,Communications
Starlink-3769 ,USA,Commercial,Communications,LEO,Non-Polar Inclined,0.0,260,2022-04-21,SpaceX,Cape Canaveral,Falcon 9,Communications
Starlink-3770 ,USA,Commercial,Communications,LEO,Non-Polar Inclined,0.0,260,2022-05-13,SpaceX,Vandenberg AFB,Falcon 9,Communications
Starlink-3771 ,USA,Commercial,Communications,LEO,Non-Polar Inclined,0.0,260,2022-04-21,SpaceX,Cape Canaveral,Falcon 9,Communications
Starlink-3772 ,USA,Commercial,Communications,LEO,Non-Polar Inclined,0.0,260,2022-04-21,SpaceX,Cape Canaveral,Falcon 9,Communications
Starlink-3773 ,USA,Commercial,Communications,LEO,Non-Polar Inclined,0.0,260,2022-04-21,SpaceX,Cape Canaveral,Falcon 9,Communications
Starlink-3774 ,USA,Commercial,Communications,LEO,Non-Polar Inclined,0.0,260,2022-05-18,SpaceX,Cape Canaveral,Falcon 9,Communications
Starlink-3775 ,USA,Commercial,Communications,LEO,Non-Polar Inclined,0.0,260,2022-04-21,SpaceX,Cape Canaveral,Falcon 9,Communications
Starlink-3776 ,USA,Commercial,Communications,LEO,Non-Polar Inclined,0.0,260,2022-04-21,SpaceX,Cape Canaveral,Falcon 9,Communications
Starlink-3777 ,USA,Commercial,Communications,LEO,Non-Polar Inclined,0.0,260,2022-04-21,SpaceX,Cape Canaveral,Falcon 9,Communications
Starlink-3778 ,USA,Commercial,Communications,LEO,Non-Polar Inclined,0.0,260,2022-04-21,SpaceX,Cape Canaveral,Falcon 9,Communications
Starlink-3779 ,USA,Commercial,Communications,LEO,Non-Polar Inclined,0.0,260,2022-04-21,SpaceX,Cape Canaveral,Falcon 9,Communications
Starlink-3780 ,USA,Commercial,Communications,LEO,Non-Polar Inclined,0.0,260,2022-04-21,SpaceX,Cape Canaveral,Falcon 9,Communications
Starlink-3781 ,USA,Commercial,Communications,LEO,Non-Polar Inclined,0.0,260,2022-04-21,SpaceX,Cape Canaveral,Falcon 9,Communications
Starlink-3782 ,USA,Commercial,Communications,LEO,Non-Polar Inclined,0.0,260,2022-04-21,SpaceX,Cape Canaveral,Falcon 9,Communications
Starlink-3783 ,USA,Commercial,Communications,LEO,Non-Polar Inclined,0.0,260,2022-04-21,SpaceX,Cape Canaveral,Falcon 9,Communications
Starlink-3784 ,USA,Commercial,Communications,LEO,Non-Polar Inclined,0.0,260,2022-04-21,SpaceX,Cape Canaveral,Falcon 9,Communications
Starlink-3785 ,USA,Commercial,Communications,LEO,Non-Polar Inclined,0.0,260,2022-04-29,SpaceX,Cape Canaveral,Falcon 9,Communications
Starlink-3786 ,USA,Commercial,Communications,LEO,Non-Polar Inclined,0.0,260,2022-04-21,SpaceX,Cape Canaveral,Falcon 9,Communications
Starlink-3787 ,USA,Commercial,Communications,LEO,Non-Polar Inclined,0.0,260,2022-04-21,SpaceX,Cape Canaveral,Falcon 9,Communications
Starlink-3788 ,USA,Commercial,Communications,LEO,Non-Polar Inclined,0.0,260,2022-04-21,SpaceX,Cape Canaveral,Falcon 9,Communications
Starlink-3789 ,USA,Commercial,Communications,LEO,Non-Polar Inclined,0.0,260,2022-04-21,SpaceX,Cape Canaveral,Falcon 9,Communications
Starlink-3790 ,USA,Commercial,Communications,LEO,Non-Polar Inclined,0.0,260,2022-04-21,SpaceX,Cape Canaveral,Falcon 9,Communications
Starlink-3791 ,USA,Commercial,Communications,LEO,Non-Polar Inclined,0.0,260,2022-04-21,SpaceX,Cape Canaveral,Falcon 9,Communications
Starlink-3792 ,USA,Commercial,Communications,LEO,Non-Polar Inclined,0.0,260,2022-04-29,SpaceX,Cape Canaveral,Falcon 9,Communications
Starlink-3793 ,USA,Commercial,Communications,LEO,Non-Polar Inclined,0.0,260,2022-04-29,SpaceX,Cape Canaveral,Falcon 9,Communications
Starlink-3794 ,USA,Commercial,Communications,LEO,Non-Polar Inclined,0.0,260,2022-05-14,SpaceX,Cape Canaveral,Falcon 9,Communications
Starlink-3795 ,USA,Commercial,Communications,LEO,Non-Polar Inclined,0.0,260,2022-04-21,SpaceX,Cape Canaveral,Falcon 9,Communications
Starlink-3796 ,USA,Commercial,Communications,LEO,Non-Polar Inclined,0.0,260,2022-04-29,SpaceX,Cape Canaveral,Falcon 9,Communications
Starlink-3797 ,USA,Commercial,Communications,LEO,Non-Polar Inclined,0.0,260,2022-04-29,SpaceX,Cape Canaveral,Falcon 9,Communications
Starlink-3798 ,USA,Commercial,Communications,LEO,Non-Polar Inclined,0.0,260,2022-04-29,SpaceX,Cape Canaveral,Falcon 9,Communications
Starlink-3799 ,USA,Commercial,Communications,LEO,Non-Polar Inclined,0.0,260,2022-04-29,SpaceX,Cape Canaveral,Falcon 9,Communications
Starlink-3800 ,USA,Commercial,Communications,LEO,Non-Polar Inclined,0.0,260,2022-04-29,SpaceX,Cape Canaveral,Falcon 9,Communications
Starlink-3801 ,USA,Commercial,Communications,LEO,Non-Polar Inclined,0.0,260,2022-04-29,SpaceX,Cape Canaveral,Falcon 9,Communications
Starlink-3802 ,USA,Commercial,Communications,LEO,Non-Polar Inclined,0.0,260,2022-04-21,SpaceX,Cape Canaveral,Falcon 9,Communications
Starlink-3803 ,USA,Commercial,Communications,LEO,Non-Polar Inclined,0.0,260,2022-04-29,SpaceX,Cape Canaveral,Falcon 9,Communications
Starlink-3804 ,USA,Commercial,Communications,LEO,Non-Polar Inclined,0.0,260,2022-04-21,SpaceX,Cape Canaveral,Falcon 9,Communications
Starlink-3805 ,USA,Commercial,Communications,LEO,Non-Polar Inclined,0.0,260,2022-04-29,SpaceX,Cape Canaveral,Falcon 9,Communications
Starlink-3806 ,USA,Commercial,Communications,LEO,Non-Polar Inclined,0.0,260,2022-04-29,SpaceX,Cape Canaveral,Falcon 9,Communications
Starlink-3807 ,USA,Commercial,Communications,LEO,Non-Polar Inclined,0.0,260,2022-04-29,SpaceX,Cape Canaveral,Falcon 9,Communications
Starlink-3808 ,USA,Commercial,Communications,LEO,Non-Polar Inclined,0.0,260,2022-04-29,SpaceX,Cape Canaveral,Falcon 9,Communications
Starlink-3809 ,USA,Commercial,Communications,LEO,Non-Polar Inclined,0.0,260,2022-06-17,SpaceX,Cape Canaveral,Falcon 9,Communications
Starlink-3810 ,USA,Commercial,Communications,LEO,Non-Polar Inclined,0.0,260,2022-04-21,SpaceX,Cape Canaveral,Falcon 9,Communications
Starlink-3811 ,USA,Commercial,Communications,LEO,Non-Polar Inclined,0.0,260,2022-04-29,SpaceX,Cape Canaveral,Falcon 9,Communications
Starlink-3812 ,USA,Commercial,Communications,LEO,Non-Polar Inclined,0.0,260,2022-04-29,SpaceX,Cape Canaveral,Falcon 9,Communications
Starlink-3813 ,USA,Commercial,Communications,LEO,Non-Polar Inclined,0.0,260,2022-05-06,SpaceX,Cape Canaveral,Falcon 9,Communications
Starlink-3814 ,USA,Commercial,Communications,LEO,Non-Polar Inclined,0.0,260,2022-04-29,SpaceX,Cape Canaveral,Falcon 9,Communications
Starlink-3815 ,USA,Commercial,Communications,LEO,Non-Polar Inclined,0.0,260,2022-04-29,SpaceX,Cape Canaveral,Falcon 9,Communications
Starlink-3817 ,USA,Commercial,Communications,LEO,Non-Polar Inclined,0.0,260,2022-04-29,SpaceX,Cape Canaveral,Falcon 9,Communications
Starlink-3818 ,USA,Commercial,Communications,LEO,Non-Polar Inclined,0.0,260,2022-04-29,SpaceX,Cape Canaveral,Falcon 9,Communications
Starlink-3819 ,USA,Commercial,Communications,LEO,Non-Polar Inclined,0.0,260,2022-04-29,SpaceX,Cape Canaveral,Falcon 9,Communications
Starlink-3820 ,USA,Commercial,Communications,LEO,Non-Polar Inclined,0.0,260,2022-04-29,SpaceX,Cape Canaveral,Falcon 9,Communications
Starlink-3821 ,USA,Commercial,Communications,LEO,Non-Polar Inclined,0.0,260,2022-04-29,SpaceX,Cape Canaveral,Falcon 9,Communications
Starlink-3822 ,USA,Commercial,Communications,LEO,Non-Polar Inclined,0.0,260,2022-04-21,SpaceX,Cape Canaveral,Falcon 9,Communications
Starlink-3823 ,USA,Commercial,Communications,LEO,Non-Polar Inclined,0.0,260,2022-04-29,SpaceX,Cape Canaveral,Falcon 9,Communications
Starlink-3824 ,USA,Commercial,Communications,LEO,Non-Polar Inclined,0.0,260,2022-04-29,SpaceX,Cape Canaveral,Falcon 9,Communications
Starlink-3825 ,USA,Commercial,Communications,LEO,Non-Polar Inclined,0.0,260,2022-05-06,SpaceX,Cape Canaveral,Falcon 9,Communications
Starlink-3826 ,USA,Commercial,Communications,LEO,Non-Polar Inclined,0.0,260,2022-04-29,SpaceX,Cape Canaveral,Falcon 9,Communications
Starlink-3827 ,USA,Commercial,Communications,LEO,Non-Polar Inclined,0.0,260,2022-04-29,SpaceX,Cape Canaveral,Falcon 9,Communications
Starlink-3828 ,USA,Commercial,Communications,LEO,Non-Polar Inclined,0.0,260,2022-05-06,SpaceX,Cape Canaveral,Falcon 9,Communications
Starlink-3829 ,USA,Commercial,Communications,LEO,Non-Polar Inclined,0.0,260,2022-04-29,SpaceX,Cape Canaveral,Falcon 9,Communications
Starlink-3830 ,USA,Commercial,Communications,LEO,Non-Polar Inclined,0.0,260,2022-04-29,SpaceX,Cape Canaveral,Falcon 9,Communications
Starlink-3831 ,USA,Commercial,Communications,LEO,Non-Polar Inclined,0.0,260,2022-04-29,SpaceX,Cape Canaveral,Falcon 9,Communications
Starlink-3832 ,USA,Commercial,Communications,LEO,Non-Polar Inclined,0.0,260,2022-05-14,SpaceX,Cape Canaveral,Falcon 9,Communications
Starlink-3833 ,USA,Commercial,Communications,LEO,Non-Polar Inclined,0.0,260,2022-05-13,SpaceX,Vandenberg AFB,Falcon 9,Communications
Starlink-3834 ,USA,Commercial,Communications,LEO,Non-Polar Inclined,0.0,260,2022-04-29,SpaceX,Cape Canaveral,Falcon 9,Communications
Starlink-3835 ,USA,Commercial,Communications,LEO,Non-Polar Inclined,0.0,260,2022-05-06,SpaceX,Cape Canaveral,Falcon 9,Communications
Starlink-3836 ,USA,Commercial,Communications,LEO,Non-Polar Inclined,0.0,260,2022-05-13,SpaceX,Vandenberg AFB,Falcon 9,Communications
Starlink-3837 ,USA,Commercial,Communications,LEO,Non-Polar Inclined,0.0,260,2022-04-29,SpaceX,Cape Canaveral,Falcon 9,Communications
Starlink-3838 ,USA,Commercial,Communications,LEO,Non-Polar Inclined,0.0,260,2022-04-29,SpaceX,Cape Canaveral,Falcon 9,Communications
Starlink-3839 ,USA,Commercial,Communications,LEO,Non-Polar Inclined,0.0,260,2022-05-06,SpaceX,Cape Canaveral,Falcon 9,Communications
Starlink-3840 ,USA,Commercial,Communications,LEO,Non-Polar Inclined,0.0,260,2022-05-06,SpaceX,Cape Canaveral,Falcon 9,Communications
Starlink-3841 ,USA,Commercial,Communications,LEO,Non-Polar Inclined,0.0,260,2022-04-29,SpaceX,Cape Canaveral,Falcon 9,Communications
Starlink-3842 ,USA,Commercial,Communications,LEO,Non-Polar Inclined,0.0,260,2022-05-06,SpaceX,Cape Canaveral,Falcon 9,Communications
Starlink-3843 ,USA,Commercial,Communications,LEO,Non-Polar Inclined,0.0,260,2022-04-29,SpaceX,Cape Canaveral,Falcon 9,Communications
Starlink-3844 ,USA,Commercial,Communications,LEO,Non-Polar Inclined,0.0,260,2022-05-18,SpaceX,Cape Canaveral,Falcon 9,Communications
Starlink-3845 ,USA,Commercial,Communications,LEO,Non-Polar Inclined,0.0,260,2022-05-13,SpaceX,Vandenberg AFB,Falcon 9,Communications
Starlink-3846 ,USA,Commercial,Communications,LEO,Non-Polar Inclined,0.0,260,2022-05-14,SpaceX,Cape Canaveral,Falcon 9,Communications
Starlink-3847 ,USA,Commercial,Communications,LEO,Non-Polar Inclined,0.0,260,2022-04-29,SpaceX,Cape Canaveral,Falcon 9,Communications
Starlink-3848 ,USA,Commercial,Communications,LEO,Non-Polar Inclined,0.0,260,2022-04-29,SpaceX,Cape Canaveral,Falcon 9,Communications
Starlink-3849 ,USA,Commercial,Communications,LEO,Non-Polar Inclined,0.0,260,2022-04-29,SpaceX,Cape Canaveral,Falcon 9,Communications
Starlink-3850 ,USA,Commercial,Communications,LEO,Non-Polar Inclined,0.0,260,2022-04-29,SpaceX,Cape Canaveral,Falcon 9,Communications
Starlink-3851 ,USA,Commercial,Communications,LEO,Non-Polar Inclined,0.0,260,2022-04-29,SpaceX,Cape Canaveral,Falcon 9,Communications
Starlink-3852 ,USA,Commercial,Communications,LEO,Non-Polar Inclined,0.0,260,2022-04-29,SpaceX,Cape Canaveral,Falcon 9,Communications
Starlink-3853 ,USA,Commercial,Communications,LEO,Non-Polar Inclined,0.0,260,2022-04-29,SpaceX,Cape Canaveral,Falcon 9,Communications
Starlink-3854 ,USA,Commercial,Communications,LEO,Non-Polar Inclined,0.0,260,2022-05-14,SpaceX,Cape Canaveral,Falcon 9,Communications
Starlink-3855 ,USA,Commercial,Communications,LEO,Non-Polar Inclined,0.0,260,2022-05-06,SpaceX,Cape Canaveral,Falcon 9,Communications
Starlink-3856 ,USA,Commercial,Communications,LEO,Non-Polar Inclined,0.0,260,2022-05-06,SpaceX,Cape Canaveral,Falcon 9,Communications
Starlink-3857 ,USA,Commercial,Communications,LEO,Non-Polar Inclined,0.0,260,2022-05-06,SpaceX,Cape Canaveral,Falcon 9,Communications
Starlink-3858 ,USA,Commercial,Communications,LEO,Non-Polar Inclined,0.0,260,2022-05-13,SpaceX,Vandenberg AFB,Falcon 9,Communications
Starlink-3859 ,USA,Commercial,Communications,LEO,Non-Polar Inclined,0.0,260,2022-05-06,SpaceX,Cape Canaveral,Falcon 9,Communications
Starlink-3860 ,USA,Commercial,Communications,LEO,Non-Polar Inclined,0.0,260,2022-05-06,SpaceX,Cape Canaveral,Falcon 9,Communications
Starlink-3861 ,USA,Commercial,Communications,LEO,Non-Polar Inclined,0.0,260,2022-05-06,SpaceX,Cape Canaveral,Falcon 9,Communications
Starlink-3862 ,USA,Commercial,Communications,LEO,Non-Polar Inclined,0.0,260,2022-05-06,SpaceX,Cape Canaveral,Falcon 9,Communications
Starlink-3863 ,USA,Commercial,Communications,LEO,Non-Polar Inclined,0.0,260,2022-05-06,SpaceX,Cape Canaveral,Falcon 9,Communications
Starlink-3864 ,USA,Commercial,Communications,LEO,Non-Polar Inclined,0.0,260,2022-05-06,SpaceX,Cape Canaveral,Falcon 9,Communications
Starlink-3865 ,USA,Commercial,Communications,LEO,Non-Polar Inclined,0.0,260,2022-05-06,SpaceX,Cape Canaveral,Falcon 9,Communications
Starlink-3866 ,USA,Commercial,Communications,LEO,Non-Polar Inclined,0.0,260,2022-05-06,SpaceX,Cape Canaveral,Falcon 9,Communications
Starlink-3867 ,USA,Commercial,Communications,LEO,Non-Polar Inclined,0.0,260,2022-05-13,SpaceX,Vandenberg AFB,Falcon 9,Communications
Starlink-3868 ,USA,Commercial,Communications,LEO,Non-Polar Inclined,0.0,260,2022-05-14,SpaceX,Cape Canaveral,Falcon 9,Communications
Starlink-3869 ,USA,Commercial,Communications,LEO,Non-Polar Inclined,0.0,260,2022-05-13,SpaceX,Vandenberg AFB,Falcon 9,Communications
Starlink-3870,USA,Commercial,Communications,LEO,Non-Polar Inclined,0.0,260,2022-05-06,SpaceX,Cape Canaveral,Falcon 9,Communications
Starlink-3871 ,USA,Commercial,Communications,LEO,Non-Polar Inclined,0.0,260,2022-05-06,SpaceX,Cape Canaveral,Falcon 9,Communications
Starlink-3872 ,USA,Commercial,Communications,LEO,Non-Polar Inclined,0.0,260,2022-05-06,SpaceX,Cape Canaveral,Falcon 9,Communications
Starlink-3873 ,USA,Commercial,Communications,LEO,Non-Polar Inclined,0.0,260,2022-05-06,SpaceX,Cape Canaveral,Falcon 9,Communications
Starlink-3874 ,USA,Commercial,Communications,LEO,Non-Polar Inclined,0.0,260,2022-04-29,SpaceX,Cape Canaveral,Falcon 9,Communications
Starlink-3875 ,USA,Commercial,Communications,LEO,Non-Polar Inclined,0.0,260,2022-05-06,SpaceX,Cape Canaveral,Falcon 9,Communications
Starlink-3876 ,USA,Commercial,Communications,LEO,Non-Polar Inclined,0.0,260,2022-04-29,SpaceX,Cape Canaveral,Falcon 9,Communications
Starlink-3877 ,USA,Commercial,Communications,LEO,Non-Polar Inclined,0.0,260,2022-04-29,SpaceX,Cape Canaveral,Falcon 9,Communications
Starlink-3878 ,USA,Commercial,Communications,LEO,Non-Polar Inclined,0.0,260,2022-05-06,SpaceX,Cape Canaveral,Falcon 9,Communications
Starlink-3879 ,USA,Commercial,Communications,LEO,Non-Polar Inclined,0.0,260,2022-05-06,SpaceX,Cape Canaveral,Falcon 9,Communications
Starlink-3880 ,USA,Commercial,Communications,LEO,Non-Polar Inclined,0.0,260,2022-04-29,SpaceX,Cape Canaveral,Falcon 9,Communications
Starlink-3881 ,USA,Commercial,Communications,LEO,Non-Polar Inclined,0.0,260,2022-05-06,SpaceX,Cape Canaveral,Falcon 9,Communications
Starlink-3882 ,USA,Commercial,Communications,LEO,Non-Polar Inclined,0.0,260,2022-05-06,SpaceX,Cape Canaveral,Falcon 9,Communications
Starlink-3883 ,USA,Commercial,Communications,LEO,Non-Polar Inclined,0.0,260,2022-05-06,SpaceX,Cape Canaveral,Falcon 9,Communications
Starlink-3884 ,USA,Commercial,Communications,LEO,Non-Polar Inclined,0.0,260,2022-05-06,SpaceX,Cape Canaveral,Falcon 9,Communications
Starlink-3885 ,USA,Commercial,Communications,LEO,Non-Polar Inclined,0.0,260,2022-05-06,SpaceX,Cape Canaveral,Falcon 9,Communications
Starlink-3886 ,USA,Commercial,Communications,LEO,Non-Polar Inclined,0.0,260,2022-05-13,SpaceX,Vandenberg AFB,Falcon 9,Communications
Starlink-3887 ,USA,Commercial,Communications,LEO,Non-Polar Inclined,0.0,260,2022-05-06,SpaceX,Cape Canaveral,Falcon 9,Communications
Starlink-3888 ,USA,Commercial,Communications,LEO,Non-Polar Inclined,0.0,260,2022-05-06,SpaceX,Cape Canaveral,Falcon 9,Communications
Starlink-3889 ,USA,Commercial,Communications,LEO,Non-Polar Inclined,0.0,260,2022-04-29,SpaceX,Cape Canaveral,Falcon 9,Communications
Starlink-3890 ,USA,Commercial,Communications,LEO,Non-Polar Inclined,0.0,260,2022-05-06,SpaceX,Cape Canaveral,Falcon 9,Communications
Starlink-3891 ,USA,Commercial,Communications,LEO,Non-Polar Inclined,0.0,260,2022-05-14,SpaceX,Cape Canaveral,Falcon 9,Communications
Starlink-3892 ,USA,Commercial,Communications,LEO,Non-Polar Inclined,0.0,260,2022-05-06,SpaceX,Cape Canaveral,Falcon 9,Communications
Starlink-3893 ,USA,Commercial,Communications,LEO,Non-Polar Inclined,0.0,260,2022-05-13,SpaceX,Vandenberg AFB,Falcon 9,Communications
Starlink-3894 ,USA,Commercial,Communications,LEO,Non-Polar Inclined,0.0,260,2022-05-06,SpaceX,Cape Canaveral,Falcon 9,Communications
Starlink-3895 ,USA,Commercial,Communications,LEO,Non-Polar Inclined,0.0,260,2022-05-13,SpaceX,Vandenberg AFB,Falcon 9,Communications
Starlink-3896 ,USA,Commercial,Communications,LEO,Non-Polar Inclined,0.0,260,2022-05-06,SpaceX,Cape Canaveral,Falcon 9,Communications
Starlink-3897 ,USA,Commercial,Communications,LEO,Non-Polar Inclined,0.0,260,2022-05-13,SpaceX,Vandenberg AFB,Falcon 9,Communications
Starlink-3898 ,USA,Commercial,Communications,LEO,Non-Polar Inclined,0.0,260,2022-05-06,SpaceX,Cape Canaveral,Falcon 9,Communications
Starlink-3899 ,USA,Commercial,Communications,LEO,Non-Polar Inclined,0.0,260,2022-05-06,SpaceX,Cape Canaveral,Falcon 9,Communications
Starlink-3900 ,USA,Commercial,Communications,LEO,Non-Polar Inclined,0.0,260,2022-05-06,SpaceX,Cape Canaveral,Falcon 9,Communications
Starlink-3901 ,USA,Commercial,Communications,LEO,Non-Polar Inclined,0.0,260,2022-05-13,SpaceX,Vandenberg AFB,Falcon 9,Communications
Starlink-3902 ,USA,Commercial,Communications,LEO,Non-Polar Inclined,0.0,260,2022-05-06,SpaceX,Cape Canaveral,Falcon 9,Communications
Starlink-3903 ,USA,Commercial,Communications,LEO,Non-Polar Inclined,0.0,260,2022-05-06,SpaceX,Cape Canaveral,Falcon 9,Communications
Starlink-3904 ,USA,Commercial,Communications,LEO,Non-Polar Inclined,0.0,260,2022-05-06,SpaceX,Cape Canaveral,Falcon 9,Communications
Starlink-3905 ,USA,Commercial,Communications,LEO,Non-Polar Inclined,0.0,260,2022-05-06,SpaceX,Cape Canaveral,Falcon 9,Communications
Starlink-3906 ,USA,Commercial,Communications,LEO,Non-Polar Inclined,0.0,260,2022-05-13,SpaceX,Vandenberg AFB,Falcon 9,Communications
Starlink-3907 ,USA,Commercial,Communications,LEO,Non-Polar Inclined,0.0,260,2022-05-06,SpaceX,Cape Canaveral,Falcon 9,Communications
Starlink-3908 ,USA,Commercial,Communications,LEO,Non-Polar Inclined,0.0,260,2022-05-06,SpaceX,Cape Canaveral,Falcon 9,Communications
Starlink-3909 ,USA,Commercial,Communications,LEO,Non-Polar Inclined,0.0,260,2022-05-06,SpaceX,Cape Canaveral,Falcon 9,Communications
Starlink-3910 ,USA,Commercial,Communications,LEO,Non-Polar Inclined,0.0,260,2022-05-13,SpaceX,Vandenberg AFB,Falcon 9,Communications
Starlink-3911 ,USA,Commercial,Communications,LEO,Non-Polar Inclined,0.0,260,2022-05-13,SpaceX,Vandenberg AFB,Falcon 9,Communications
Starlink-3912 ,USA,Commercial,Communications,LEO,Non-Polar Inclined,0.0,260,2022-05-06,SpaceX,Cape Canaveral,Falcon 9,Communications
Starlink-3913 ,USA,Commercial,Communications,LEO,Non-Polar Inclined,0.0,260,2022-05-06,SpaceX,Cape Canaveral,Falcon 9,Communications
Starlink-3914 ,USA,Commercial,Communications,LEO,Non-Polar Inclined,0.0,260,2022-05-06,SpaceX,Cape Canaveral,Falcon 9,Communications
Starlink-3915 ,USA,Commercial,Communications,LEO,Non-Polar Inclined,0.0,260,2022-05-13,SpaceX,Vandenberg AFB,Falcon 9,Communications
Starlink-3916 ,USA,Commercial,Communications,LEO,Non-Polar Inclined,0.0,260,2022-05-06,SpaceX,Cape Canaveral,Falcon 9,Communications
Starlink-3917 ,USA,Commercial,Communications,LEO,Non-Polar Inclined,0.0,260,2022-05-13,SpaceX,Vandenberg AFB,Falcon 9,Communications
Starlink-3918 ,USA,Commercial,Communications,LEO,Non-Polar Inclined,0.0,260,2022-05-06,SpaceX,Cape Canaveral,Falcon 9,Communications
Starlink-3919 ,USA,Commercial,Communications,LEO,Non-Polar Inclined,0.0,260,2022-05-13,SpaceX,Vandenberg AFB,Falcon 9,Communications
Starlink-3920 ,USA,Commercial,Communications,LEO,Non-Polar Inclined,0.0,260,2022-05-13,SpaceX,Vandenberg AFB,Falcon 9,Communications
Starlink-3921 ,USA,Commercial,Communications,LEO,Non-Polar Inclined,0.0,260,2022-05-14,SpaceX,Cape Canaveral,Falcon 9,Communications
Starlink-3922 ,USA,Commercial,Communications,LEO,Non-Polar Inclined,0.0,260,2022-05-13,SpaceX,Vandenberg AFB,Falcon 9,Communications
Starlink-3923 ,USA,Commercial,Communications,LEO,Non-Polar Inclined,0.0,260,2022-05-06,SpaceX,Cape Canaveral,Falcon 9,Communications
Starlink-3924 ,USA,Commercial,Communications,LEO,Non-Polar Inclined,0.0,260,2022-05-13,SpaceX,Vandenberg AFB,Falcon 9,Communications
Starlink-3925 ,USA,Commercial,Communications,LEO,Non-Polar Inclined,0.0,260,2022-05-06,SpaceX,Cape Canaveral,Falcon 9,Communications
Starlink-3926 ,USA,Commercial,Communications,LEO,Non-Polar Inclined,0.0,260,2022-05-13,SpaceX,Vandenberg AFB,Falcon 9,Communications
Starlink-3927 ,USA,Commercial,Communications,LEO,Non-Polar Inclined,0.0,260,2022-05-13,SpaceX,Vandenberg AFB,Falcon 9,Communications
Starlink-3928 ,USA,Commercial,Communications,LEO,Non-Polar Inclined,0.0,260,2022-05-14,SpaceX,Cape Canaveral,Falcon 9,Communications
Starlink-3929 ,USA,Commercial,Communications,LEO,Non-Polar Inclined,0.0,260,2022-05-13,SpaceX,Vandenberg AFB,Falcon 9,Communications
Starlink-3930 ,USA,Commercial,Communications,LEO,Non-Polar Inclined,0.0,260,2022-05-13,SpaceX,Vandenberg AFB,Falcon 9,Communications
Starlink-3931 ,USA,Commercial,Communications,LEO,Non-Polar Inclined,0.0,260,2022-05-13,SpaceX,Vandenberg AFB,Falcon 9,Communications
Starlink-3932 ,USA,Commercial,Communications,LEO,Non-Polar Inclined,0.0,260,2022-05-13,SpaceX,Vandenberg AFB,Falcon 9,Communications
Starlink-3933 ,USA,Commercial,Communications,LEO,Non-Polar Inclined,0.0,260,2022-05-13,SpaceX,Vandenberg AFB,Falcon 9,Communications
Starlink-3934 ,USA,Commercial,Communications,LEO,Non-Polar Inclined,0.0,260,2022-05-18,SpaceX,Cape Canaveral,Falcon 9,Communications
Starlink-3935 ,USA,Commercial,Communications,LEO,Non-Polar Inclined,0.0,260,2022-05-13,SpaceX,Vandenberg AFB,Falcon 9,Communications
Starlink-3936 ,USA,Commercial,Communications,LEO,Non-Polar Inclined,0.0,260,2022-05-18,SpaceX,Cape Canaveral,Falcon 9,Communications
Starlink-3937 ,USA,Commercial,Communications,LEO,Non-Polar Inclined,0.0,260,2022-05-13,SpaceX,Vandenberg AFB,Falcon 9,Communications
Starlink-3938 ,USA,Commercial,Communications,LEO,Non-Polar Inclined,0.0,260,2022-05-13,SpaceX,Vandenberg AFB,Falcon 9,Communications
Starlink-3939 ,USA,Commercial,Communications,LEO,Non-Polar Inclined,0.0,260,2022-05-13,SpaceX,Vandenberg AFB,Falcon 9,Communications
Starlink-3940 ,USA,Commercial,Communications,LEO,Non-Polar Inclined,0.0,260,2022-05-13,SpaceX,Vandenberg AFB,Falcon 9,Communications
Starlink-3941 ,USA,Commercial,Communications,LEO,Non-Polar Inclined,0.0,260,2022-05-14,SpaceX,Cape Canaveral,Falcon 9,Communications
Starlink-3942 ,USA,Commercial,Communications,LEO,Non-Polar Inclined,0.0,260,2022-05-13,SpaceX,Vandenberg AFB,Falcon 9,Communications
Starlink-3943 ,USA,Commercial,Communications,LEO,Non-Polar Inclined,0.0,260,2022-05-13,SpaceX,Vandenberg AFB,Falcon 9,Communications
Starlink-3944 ,USA,Commercial,Communications,LEO,Non-Polar Inclined,0.0,260,2022-05-13,SpaceX,Vandenberg AFB,Falcon 9,Communications
Starlink-3945 ,USA,Commercial,Communications,LEO,Non-Polar Inclined,0.0,260,2022-05-18,SpaceX,Cape Canaveral,Falcon 9,Communications
Starlink-3946 ,USA,Commercial,Communications,LEO,Non-Polar Inclined,0.0,260,2022-05-18,SpaceX,Cape Canaveral,Falcon 9,Communications
Starlink-3947 ,USA,Commercial,Communications,LEO,Non-Polar Inclined,0.0,260,2022-05-14,SpaceX,Cape Canaveral,Falcon 9,Communications
Starlink-3948 ,USA,Commercial,Communications,LEO,Non-Polar Inclined,0.0,260,2022-05-13,SpaceX,Vandenberg AFB,Falcon 9,Communications
Starlink-3949 ,USA,Commercial,Communications,LEO,Non-Polar Inclined,0.0,260,2022-05-13,SpaceX,Vandenberg AFB,Falcon 9,Communications
Starlink-3950 ,USA,Commercial,Communications,LEO,Non-Polar Inclined,0.0,260,2022-07-24,SpaceX,Cape Canaveral,Falcon 9,Communications
Starlink-3951 ,USA,Commercial,Communications,LEO,Non-Polar Inclined,0.0,260,2022-05-13,SpaceX,Vandenberg AFB,Falcon 9,Communications
Starlink-3952 ,USA,Commercial,Communications,LEO,Non-Polar Inclined,0.0,260,2022-05-13,SpaceX,Vandenberg AFB,Falcon 9,Communications
Starlink-3953 ,USA,Commercial,Communications,LEO,Non-Polar Inclined,0.0,260,2022-05-13,SpaceX,Vandenberg AFB,Falcon 9,Communications
Starlink-3954 ,USA,Commercial,Communications,LEO,Non-Polar Inclined,0.0,260,2022-05-13,SpaceX,Vandenberg AFB,Falcon 9,Communications
Starlink-3955 ,USA,Commercial,Communications,LEO,Non-Polar Inclined,0.0,260,2022-05-13,SpaceX,Vandenberg AFB,Falcon 9,Communications
Starlink-3956 ,USA,Commercial,Communications,LEO,Non-Polar Inclined,0.0,260,2022-05-13,SpaceX,Vandenberg AFB,Falcon 9,Communications
Starlink-3957 ,USA,Commercial,Communications,LEO,Non-Polar Inclined,0.0,260,2022-05-13,SpaceX,Vandenberg AFB,Falcon 9,Communications
Starlink-3958 ,USA,Commercial,Communications,LEO,Non-Polar Inclined,0.0,260,2022-05-13,SpaceX,Vandenberg AFB,Falcon 9,Communications
Starlink-3959 ,USA,Commercial,Communications,LEO,Non-Polar Inclined,0.0,260,2022-05-13,SpaceX,Vandenberg AFB,Falcon 9,Communications
Starlink-3960 ,USA,Commercial,Communications,LEO,Non-Polar Inclined,0.0,260,2022-05-18,SpaceX,Cape Canaveral,Falcon 9,Communications
Starlink-3961 ,USA,Commercial,Communications,LEO,Non-Polar Inclined,0.0,260,2022-05-14,SpaceX,Cape Canaveral,Falcon 9,Communications
Starlink-3962 ,USA,Commercial,Communications,LEO,Non-Polar Inclined,0.0,260,2022-05-18,SpaceX,Cape Canaveral,Falcon 9,Communications
Starlink-3963 ,USA,Commercial,Communications,LEO,Non-Polar Inclined,0.0,260,2022-05-14,SpaceX,Cape Canaveral,Falcon 9,Communications
Starlink-3964 ,USA,Commercial,Communications,LEO,Non-Polar Inclined,0.0,260,2022-05-13,SpaceX,Vandenberg AFB,Falcon 9,Communications
Starlink-3965 ,USA,Commercial,Communications,LEO,Non-Polar Inclined,0.0,260,2022-05-13,SpaceX,Vandenberg AFB,Falcon 9,Communications
Starlink-3966 ,USA,Commercial,Communications,LEO,Non-Polar Inclined,0.0,260,2022-05-13,SpaceX,Vandenberg AFB,Falcon 9,Communications
Starlink-3967 ,USA,Commercial,Communications,LEO,Non-Polar Inclined,0.0,260,2022-05-14,SpaceX,Cape Canaveral,Falcon 9,Communications
Starlink-3968 ,USA,Commercial,Communications,LEO,Non-Polar Inclined,0.0,260,2022-05-14,SpaceX,Cape Canaveral,Falcon 9,Communications
Starlink-3969 ,USA,Commercial,Communications,LEO,Non-Polar Inclined,0.0,260,2022-05-13,SpaceX,Vandenberg AFB,Falcon 9,Communications
Starlink-3970 ,USA,Commercial,Communications,LEO,Non-Polar Inclined,0.0,260,2022-05-18,SpaceX,Cape Canaveral,Falcon 9,Communications
Starlink-3971 ,USA,Commercial,Communications,LEO,Non-Polar Inclined,0.0,260,2022-05-14,SpaceX,Cape Canaveral,Falcon 9,Communications
Starlink-3972 ,USA,Commercial,Communications,LEO,Non-Polar Inclined,0.0,260,2022-05-18,SpaceX,Cape Canaveral,Falcon 9,Communications
Starlink-3973 ,USA,Commercial,Communications,LEO,Non-Polar Inclined,0.0,260,2022-05-14,SpaceX,Cape Canaveral,Falcon 9,Communications
Starlink-3974 ,USA,Commercial,Communications,LEO,Non-Polar Inclined,0.0,260,2022-05-14,SpaceX,Cape Canaveral,Falcon 9,Communications
Starlink-3975 ,USA,Commercial,Communications,LEO,Non-Polar Inclined,0.0,260,2022-05-14,SpaceX,Cape Canaveral,Falcon 9,Communications
Starlink-3976 ,USA,Commercial,Communications,LEO,Non-Polar Inclined,0.0,260,2022-05-18,SpaceX,Cape Canaveral,Falcon 9,Communications
Starlink-3977 ,USA,Commercial,Communications,LEO,Non-Polar Inclined,0.0,260,2022-05-14,SpaceX,Cape Canaveral,Falcon 9,Communications
Starlink-3978 ,USA,Commercial,Communications,LEO,Non-Polar Inclined,0.0,260,2022-05-14,SpaceX,Cape Canaveral,Falcon 9,Communications
Starlink-3979 ,USA,Commercial,Communications,LEO,Non-Polar Inclined,0.0,260,2022-05-14,SpaceX,Cape Canaveral,Falcon 9,Communications
Starlink-3980 ,USA,Commercial,Communications,LEO,Non-Polar Inclined,0.0,260,2022-05-14,SpaceX,Cape Canaveral,Falcon 9,Communications
Starlink-3981 ,USA,Commercial,Communications,LEO,Non-Polar Inclined,0.0,260,2022-05-18,SpaceX,Cape Canaveral,Falcon 9,Communications
Starlink-3982 ,USA,Commercial,Communications,LEO,Non-Polar Inclined,0.0,260,2022-05-14,SpaceX,Cape Canaveral,Falcon 9,Communications
Starlink-3983 ,USA,Commercial,Communications,LEO,Non-Polar Inclined,0.0,260,2022-05-14,SpaceX,Cape Canaveral,Falcon 9,Communications
Starlink-3984 ,USA,Commercial,Communications,LEO,Non-Polar Inclined,0.0,260,2022-05-14,SpaceX,Cape Canaveral,Falcon 9,Communications
Starlink-3985 ,USA,Commercial,Communications,LEO,Non-Polar Inclined,0.0,260,2022-05-14,SpaceX,Cape Canaveral,Falcon 9,Communications
Starlink-3986 ,USA,Commercial,Communications,LEO,Non-Polar Inclined,0.0,260,2022-05-14,SpaceX,Cape Canaveral,Falcon 9,Communications
Starlink-3987 ,USA,Commercial,Communications,LEO,Non-Polar Inclined,0.0,260,2022-05-18,SpaceX,Cape Canaveral,Falcon 9,Communications
Starlink-3988 ,USA,Commercial,Communications,LEO,Non-Polar Inclined,0.0,260,2022-05-14,SpaceX,Cape Canaveral,Falcon 9,Communications
Starlink-3989 ,USA,Commercial,Communications,LEO,Non-Polar Inclined,0.0,260,2022-05-14,SpaceX,Cape Canaveral,Falcon 9,Communications
Starlink-3990 ,USA,Commercial,Communications,LEO,Non-Polar Inclined,0.0,260,2022-05-14,SpaceX,Cape Canaveral,Falcon 9,Communications
Starlink-3991 ,USA,Commercial,Communications,LEO,Non-Polar Inclined,0.0,260,2022-05-14,SpaceX,Cape Canaveral,Falcon 9,Communications
Starlink-3992 ,USA,Commercial,Communications,LEO,Non-Polar Inclined,0.0,260,2022-05-14,SpaceX,Cape Canaveral,Falcon 9,Communications
Starlink-3994 ,USA,Commercial,Communications,LEO,Non-Polar Inclined,0.0,260,2022-05-14,SpaceX,Cape Canaveral,Falcon 9,Communications
Starlink-3995 ,USA,Commercial,Communications,LEO,Non-Polar Inclined,0.0,260,2022-05-14,SpaceX,Cape Canaveral,Falcon 9,Communications
Starlink-3996 ,USA,Commercial,Communications,LEO,Non-Polar Inclined,0.0,260,2022-05-14,SpaceX,Cape Canaveral,Falcon 9,Communications
Starlink-3997 ,USA,Commercial,Communications,LEO,Non-Polar Inclined,0.0,260,2022-05-14,SpaceX,Cape Canaveral,Falcon 9,Communications
Starlink-3998 ,USA,Commercial,Communications,LEO,Non-Polar Inclined,0.0,260,2022-05-14,SpaceX,Cape Canaveral,Falcon 9,Communications
Starlink-3999 ,USA,Commercial,Communications,LEO,Non-Polar Inclined,0.0,260,2022-05-18,SpaceX,Cape Canaveral,Falcon 9,Communications
Starlink-4000 ,USA,Commercial,Communications,LEO,Non-Polar Inclined,0.0,260,2022-05-14,SpaceX,Cape Canaveral,Falcon 9,Communications
Starlink-4001 ,USA,Commercial,Communications,LEO,Non-Polar Inclined,0.0,260,2022-05-14,SpaceX,Cape Canaveral,Falcon 9,Communications
Starlink-4002 ,USA,Commercial,Communications,LEO,Non-Polar Inclined,0.0,260,2022-05-14,SpaceX,Cape Canaveral,Falcon 9,Communications
Starlink-4003 ,USA,Commercial,Communications,LEO,Non-Polar Inclined,0.0,260,2022-05-18,SpaceX,Cape Canaveral,Falcon 9,Communications
Starlink-4004 ,USA,Commercial,Communications,LEO,Non-Polar Inclined,0.0,260,2022-05-18,SpaceX,Cape Canaveral,Falcon 9,Communications
Starlink-4005 ,USA,Commercial,Communications,LEO,Non-Polar Inclined,0.0,260,2022-05-18,SpaceX,Cape Canaveral,Falcon 9,Communications
Starlink-4006 ,USA,Commercial,Communications,LEO,Non-Polar Inclined,0.0,260,2022-05-18,SpaceX,Cape Canaveral,Falcon 9,Communications
Starlink-4007 ,USA,Commercial,Communications,LEO,Non-Polar Inclined,0.0,260,2022-05-18,SpaceX,Cape Canaveral,Falcon 9,Communications
Starlink-4008 ,USA,Commercial,Communications,LEO,Non-Polar Inclined,0.0,260,2022-05-14,SpaceX,Cape Canaveral,Falcon 9,Communications
Starlink-4009 ,USA,Commercial,Communications,LEO,Non-Polar Inclined,0.0,260,2022-05-14,SpaceX,Cape Canaveral,Falcon 9,Communications
Starlink-4010 ,USA,Commercial,Communications,LEO,Non-Polar Inclined,0.0,260,2022-06-17,SpaceX,Cape Canaveral,Falcon 9,Communications
Starlink-4011 ,USA,Commercial,Communications,LEO,Non-Polar Inclined,0.0,260,2022-05-14,SpaceX,Cape Canaveral,Falcon 9,Communications
Starlink-4012 ,USA,Commercial,Communications,LEO,Non-Polar Inclined,0.0,260,2022-05-14,SpaceX,Cape Canaveral,Falcon 9,Communications
Starlink-4013 ,USA,Commercial,Communications,LEO,Non-Polar Inclined,0.0,260,2022-05-14,SpaceX,Cape Canaveral,Falcon 9,Communications
Starlink-4014 ,USA,Commercial,Communications,LEO,Non-Polar Inclined,0.0,260,2022-05-18,SpaceX,Cape Canaveral,Falcon 9,Communications
Starlink-4015 ,USA,Commercial,Communications,LEO,Non-Polar Inclined,0.0,260,2022-05-14,SpaceX,Cape Canaveral,Falcon 9,Communications
Starlink-4016 ,USA,Commercial,Communications,LEO,Non-Polar Inclined,0.0,260,2022-05-14,SpaceX,Cape Canaveral,Falcon 9,Communications
Starlink-4017 ,USA,Commercial,Communications,LEO,Non-Polar Inclined,0.0,260,2022-05-18,SpaceX,Cape Canaveral,Falcon 9,Communications
Starlink-4018 ,USA,Commercial,Communications,LEO,Non-Polar Inclined,0.0,260,2022-05-18,SpaceX,Cape Canaveral,Falcon 9,Communications
Starlink-4019 ,USA,Commercial,Communications,LEO,Non-Polar Inclined,0.0,260,2022-05-14,SpaceX,Cape Canaveral,Falcon 9,Communications
Starlink-4020 ,USA,Commercial,Communications,LEO,Non-Polar Inclined,0.0,260,2022-05-18,SpaceX,Cape Canaveral,Falcon 9,Communications
Starlink-4021 ,USA,Commercial,Communications,LEO,Non-Polar Inclined,0.0,260,2022-07-17,SpaceX,Cape Canaveral,Falcon 9,Communications
Starlink-4022 ,USA,Commercial,Communications,LEO,Non-Polar Inclined,0.0,260,2022-05-14,SpaceX,Cape Canaveral,Falcon 9,Communications
Starlink-4023 ,USA,Commercial,Communications,LEO,Non-Polar Inclined,0.0,260,2022-07-17,SpaceX,Cape Canaveral,Falcon 9,Communications
Starlink-4024 ,USA,Commercial,Communications,LEO,Non-Polar Inclined,0.0,260,2022-05-14,SpaceX,Cape Canaveral,Falcon 9,Communications
Starlink-4025 ,USA,Commercial,Communications,LEO,Non-Polar Inclined,0.0,260,2022-05-18,SpaceX,Cape Canaveral,Falcon 9,Communications
Starlink-4026 ,USA,Commercial,Communications,LEO,Non-Polar Inclined,0.0,260,2022-05-14,SpaceX,Cape Canaveral,Falcon 9,Communications
Starlink-4027 ,USA,Commercial,Communications,LEO,Non-Polar Inclined,0.0,260,2022-05-14,SpaceX,Cape Canaveral,Falcon 9,Communications
Starlink-4028 ,USA,Commercial,Communications,LEO,Non-Polar Inclined,0.0,260,2022-05-18,SpaceX,Cape Canaveral,Falcon 9,Communications
Starlink-4029 ,USA,Commercial,Communications,LEO,Non-Polar Inclined,0.0,260,2022-05-18,SpaceX,Cape Canaveral,Falcon 9,Communications
Starlink-4030 ,USA,Commercial,Communications,LEO,Non-Polar Inclined,0.0,260,2022-05-18,SpaceX,Cape Canaveral,Falcon 9,Communications
Starlink-4031 ,USA,Commercial,Communications,LEO,Non-Polar Inclined,0.0,260,2022-05-18,SpaceX,Cape Canaveral,Falcon 9,Communications
Starlink-4032 ,USA,Commercial,Communications,LEO,Non-Polar Inclined,0.0,260,2022-05-18,SpaceX,Cape Canaveral,Falcon 9,Communications
Starlink-4033 ,USA,Commercial,Communications,LEO,Non-Polar Inclined,0.0,260,2022-05-18,SpaceX,Cape Canaveral,Falcon 9,Communications
Starlink-4034 ,USA,Commercial,Communications,LEO,Non-Polar Inclined,0.0,260,2022-05-18,SpaceX,Cape Canaveral,Falcon 9,Communications
Starlink-4035 ,USA,Commercial,Communications,LEO,Non-Polar Inclined,0.0,260,2022-05-18,SpaceX,Cape Canaveral,Falcon 9,Communications
Starlink-4036 ,USA,Commercial,Communications,LEO,Non-Polar Inclined,0.0,260,2022-06-17,SpaceX,Cape Canaveral,Falcon 9,Communications
Starlink-4037 ,USA,Commercial,Communications,LEO,Non-Polar Inclined,0.0,260,2022-05-18,SpaceX,Cape Canaveral,Falcon 9,Communications
Starlink-4038 ,USA,Commercial,Communications,LEO,Non-Polar Inclined,0.0,260,2022-07-17,SpaceX,Cape Canaveral,Falcon 9,Communications
Starlink-4039 ,USA,Commercial,Communications,LEO,Non-Polar Inclined,0.0,260,2022-05-18,SpaceX,Cape Canaveral,Falcon 9,Communications
Starlink-4040 ,USA,Commercial,Communications,LEO,Non-Polar Inclined,0.0,260,2022-07-17,SpaceX,Cape Canaveral,Falcon 9,Communications
Starlink-4041 ,USA,Commercial,Communications,LEO,Non-Polar Inclined,0.0,260,2022-05-18,SpaceX,Cape Canaveral,Falcon 9,Communications
Starlink-4042 ,USA,Commercial,Communications,LEO,Non-Polar Inclined,0.0,260,2022-05-18,SpaceX,Cape Canaveral,Falcon 9,Communications
Starlink-4043 ,USA,Commercial,Communications,LEO,Non-Polar Inclined,0.0,260,2022-06-17,SpaceX,Cape Canaveral,Falcon 9,Communications
Starlink-4044 ,USA,Commercial,Communications,LEO,Non-Polar Inclined,0.0,260,2022-05-18,SpaceX,Cape Canaveral,Falcon 9,Communications
Starlink-4045 ,USA,Commercial,Communications,LEO,Non-Polar Inclined,0.0,260,2022-07-17,SpaceX,Cape Canaveral,Falcon 9,Communications
Starlink-4046 ,USA,Commercial,Communications,LEO,Non-Polar Inclined,0.0,260,2022-06-17,SpaceX,Cape Canaveral,Falcon 9,Communications
Starlink-4047 ,USA,Commercial,Communications,LEO,Non-Polar Inclined,0.0,260,2022-07-24,SpaceX,Cape Canaveral,Falcon 9,Communications
Starlink-4048 ,USA,Commercial,Communications,LEO,Non-Polar Inclined,0.0,260,2022-06-17,SpaceX,Cape Canaveral,Falcon 9,Communications
Starlink-4049 ,USA,Commercial,Communications,LEO,Non-Polar Inclined,0.0,260,2022-06-17,SpaceX,Cape Canaveral,Falcon 9,Communications
Starlink-4050 ,USA,Commercial,Communications,LEO,Non-Polar Inclined,0.0,260,2022-07-24,SpaceX,Cape Canaveral,Falcon 9,Communications
Starlink-4051 ,USA,Commercial,Communications,LEO,Non-Polar Inclined,0.0,260,2022-07-24,SpaceX,Cape Canaveral,Falcon 9,Communications
Starlink-4052 ,USA,Commercial,Communications,LEO,Non-Polar Inclined,0.0,260,2022-07-17,SpaceX,Cape Canaveral,Falcon 9,Communications
Starlink-4053,USA,Commercial,Communications,LEO,Non-Polar Inclined,0.0,260,2022-08-19,SpaceX,Cape Canaveral,Falcon 9,Communications
Starlink-4054 ,USA,Commercial,Communications,LEO,Non-Polar Inclined,0.0,260,2022-07-17,SpaceX,Cape Canaveral,Falcon 9,Communications
Starlink-4055 ,USA,Commercial,Communications,LEO,Non-Polar Inclined,0.0,260,2022-07-17,SpaceX,Cape Canaveral,Falcon 9,Communications
Starlink-4056 ,USA,Commercial,Communications,LEO,Non-Polar Inclined,0.0,260,2022-07-24,SpaceX,Cape Canaveral,Falcon 9,Communications
Starlink-4057 ,USA,Commercial,Communications,LEO,Non-Polar Inclined,0.0,260,2022-07-24,SpaceX,Cape Canaveral,Falcon 9,Communications
Starlink-4058 ,USA,Commercial,Communications,LEO,Non-Polar Inclined,0.0,260,2022-07-24,SpaceX,Cape Canaveral,Falcon 9,Communications
Starlink-4059 ,USA,Commercial,Communications,LEO,Non-Polar Inclined,0.0,260,2022-07-24,SpaceX,Cape Canaveral,Falcon 9,Communications
Starlink-4060 ,USA,Commercial,Communications,LEO,Non-Polar Inclined,0.0,260,2022-07-24,SpaceX,Cape Canaveral,Falcon 9,Communications
Starlink-4061 ,USA,Commercial,Communications,LEO,Non-Polar Inclined,0.0,260,2022-07-24,SpaceX,Cape Canaveral,Falcon 9,Communications
Starlink-4062 ,USA,Commercial,Communications,LEO,Non-Polar Inclined,0.0,260,2022-07-24,SpaceX,Cape Canaveral,Falcon 9,Communications
Starlink-4063 ,USA,Commercial,Communications,LEO,Non-Polar Inclined,0.0,260,2022-07-17,SpaceX,Cape Canaveral,Falcon 9,Communications
Starlink-4064 ,USA,Commercial,Communications,LEO,Non-Polar Inclined,0.0,260,2022-05-18,SpaceX,Cape Canaveral,Falcon 9,Communications
Starlink-4065 ,USA,Commercial,Communications,LEO,Non-Polar Inclined,0.0,260,2022-06-17,SpaceX,Cape Canaveral,Falcon 9,Communications
Starlink-4066 ,USA,Commercial,Communications,LEO,Non-Polar Inclined,0.0,260,2022-07-17,SpaceX,Cape Canaveral,Falcon 9,Communications
Starlink-4067 ,USA,Commercial,Communications,LEO,Non-Polar Inclined,0.0,260,2022-05-18,SpaceX,Cape Canaveral,Falcon 9,Communications
Starlink-4068 ,USA,Commercial,Communications,LEO,Non-Polar Inclined,0.0,260,2022-05-18,SpaceX,Cape Canaveral,Falcon 9,Communications
Starlink-4069 ,USA,Commercial,Communications,LEO,Non-Polar Inclined,0.0,260,2022-07-24,SpaceX,Cape Canaveral,Falcon 9,Communications
Starlink-4070 ,USA,Commercial,Communications,LEO,Non-Polar Inclined,0.0,260,2022-05-18,SpaceX,Cape Canaveral,Falcon 9,Communications
Starlink-4071 ,USA,Commercial,Communications,LEO,Non-Polar Inclined,0.0,260,2022-05-18,SpaceX,Cape Canaveral,Falcon 9,Communications
Starlink-4072 ,USA,Commercial,Communications,LEO,Non-Polar Inclined,0.0,260,2022-05-18,SpaceX,Cape Canaveral,Falcon 9,Communications
Starlink-4073 ,USA,Commercial,Communications,LEO,Non-Polar Inclined,0.0,260,2022-05-18,SpaceX,Cape Canaveral,Falcon 9,Communications
Starlink-4074 ,USA,Commercial,Communications,LEO,Non-Polar Inclined,0.0,260,2022-05-18,SpaceX,Cape Canaveral,Falcon 9,Communications
Starlink-4075 ,USA,Commercial,Communications,LEO,Non-Polar Inclined,0.0,260,2022-05-18,SpaceX,Cape Canaveral,Falcon 9,Communications
Starlink-4076 ,USA,Commercial,Communications,LEO,Non-Polar Inclined,0.0,260,2022-05-18,SpaceX,Cape Canaveral,Falcon 9,Communications
Starlink-4077 ,USA,Commercial,Communications,LEO,Non-Polar Inclined,0.0,260,2022-07-17,SpaceX,Cape Canaveral,Falcon 9,Communications
Starlink-4078 ,USA,Commercial,Communications,LEO,Non-Polar Inclined,0.0,260,2022-05-18,SpaceX,Cape Canaveral,Falcon 9,Communications
Starlink-4079 ,USA,Commercial,Communications,LEO,Non-Polar Inclined,0.0,260,2022-05-18,SpaceX,Cape Canaveral,Falcon 9,Communications
Starlink-4080 ,USA,Commercial,Communications,LEO,Non-Polar Inclined,0.0,260,2022-06-17,SpaceX,Cape Canaveral,Falcon 9,Communications
Starlink-4081 ,USA,Commercial,Communications,LEO,Non-Polar Inclined,0.0,260,2022-05-18,SpaceX,Cape Canaveral,Falcon 9,Communications
Starlink-4082 ,USA,Commercial,Communications,LEO,Non-Polar Inclined,0.0,260,2022-05-18,SpaceX,Cape Canaveral,Falcon 9,Communications
Starlink-4083 ,USA,Commercial,Communications,LEO,Non-Polar Inclined,0.0,260,2022-06-17,SpaceX,Cape Canaveral,Falcon 9,Communications
Starlink-4084 ,USA,Commercial,Communications,LEO,Non-Polar Inclined,0.0,260,2022-05-18,SpaceX,Cape Canaveral,Falcon 9,Communications
Starlink-4085 ,USA,Commercial,Communications,LEO,Non-Polar Inclined,0.0,260,2022-07-24,SpaceX,Cape Canaveral,Falcon 9,Communications
Starlink-4086 ,USA,Commercial,Communications,LEO,Non-Polar Inclined,0.0,260,2022-06-17,SpaceX,Cape Canaveral,Falcon 9,Communications
Starlink-4087 ,USA,Commercial,Communications,LEO,Non-Polar Inclined,0.0,260,2022-07-17,SpaceX,Cape Canaveral,Falcon 9,Communications
Starlink-4088 ,USA,Commercial,Communications,LEO,Non-Polar Inclined,0.0,260,2022-07-17,SpaceX,Cape Canaveral,Falcon 9,Communications
Starlink-4089 ,USA,Commercial,Communications,LEO,Non-Polar Inclined,0.0,260,2022-06-17,SpaceX,Cape Canaveral,Falcon 9,Communications
Starlink-4090 ,USA,Commercial,Communications,LEO,Non-Polar Inclined,0.0,260,2022-07-17,SpaceX,Cape Canaveral,Falcon 9,Communications
Starlink-4091 ,USA,Commercial,Communications,LEO,Non-Polar Inclined,0.0,260,2022-06-17,SpaceX,Cape Canaveral,Falcon 9,Communications
Starlink-4092 ,USA,Commercial,Communications,LEO,Non-Polar Inclined,0.0,260,2022-06-17,SpaceX,Cape Canaveral,Falcon 9,Communications
Starlink-4093 ,USA,Commercial,Communications,LEO,Non-Polar Inclined,0.0,260,2022-07-17,SpaceX,Cape Canaveral,Falcon 9,Communications
Starlink-4094 ,USA,Commercial,Communications,LEO,Non-Polar Inclined,0.0,260,2022-07-17,SpaceX,Cape Canaveral,Falcon 9,Communications
Starlink-4095 ,USA,Commercial,Communications,LEO,Non-Polar Inclined,0.0,260,2022-07-17,SpaceX,Cape Canaveral,Falcon 9,Communications
Starlink-4096 ,USA,Commercial,Communications,LEO,Non-Polar Inclined,0.0,260,2022-07-17,SpaceX,Cape Canaveral,Falcon 9,Communications
Starlink-4097 ,USA,Commercial,Communications,LEO,Non-Polar Inclined,0.0,260,2022-07-24,SpaceX,Cape Canaveral,Falcon 9,Communications
Starlink-4098 ,USA,Commercial,Communications,LEO,Non-Polar Inclined,0.0,260,2022-07-17,SpaceX,Cape Canaveral,Falcon 9,Communications
Starlink-4099 ,USA,Commercial,Communications,LEO,Non-Polar Inclined,0.0,260,2022-07-17,SpaceX,Cape Canaveral,Falcon 9,Communications
Starlink-4100 ,USA,Commercial,Communications,LEO,Non-Polar Inclined,0.0,260,2022-07-17,SpaceX,Cape Canaveral,Falcon 9,Communications
Starlink-4101 ,USA,Commercial,Communications,LEO,Non-Polar Inclined,0.0,260,2022-07-17,SpaceX,Cape Canaveral,Falcon 9,Communications
Starlink-4102 ,USA,Commercial,Communications,LEO,Non-Polar Inclined,0.0,260,2022-07-17,SpaceX,Cape Canaveral,Falcon 9,Communications
Starlink-4103 ,USA,Commercial,Communications,LEO,Non-Polar Inclined,0.0,260,2022-07-17,SpaceX,Cape Canaveral,Falcon 9,Communications
Starlink-4104 ,USA,Commercial,Communications,LEO,Non-Polar Inclined,0.0,260,2022-07-17,SpaceX,Cape Canaveral,Falcon 9,Communications
Starlink-4105 ,USA,Commercial,Communications,LEO,Non-Polar Inclined,0.0,260,2022-07-17,SpaceX,Cape Canaveral,Falcon 9,Communications
Starlink-4106 ,USA,Commercial,Communications,LEO,Non-Polar Inclined,0.0,260,2022-07-17,SpaceX,Cape Canaveral,Falcon 9,Communications
Starlink-4107 ,USA,Commercial,Communications,LEO,Non-Polar Inclined,0.0,260,2022-07-24,SpaceX,Cape Canaveral,Falcon 9,Communications
Starlink-4108 ,USA,Commercial,Communications,LEO,Non-Polar Inclined,0.0,260,2022-06-17,SpaceX,Cape Canaveral,Falcon 9,Communications
Starlink-4109 ,USA,Commercial,Communications,LEO,Non-Polar Inclined,0.0,260,2022-07-24,SpaceX,Cape Canaveral,Falcon 9,Communications
Starlink-4110 ,USA,Commercial,Communications,LEO,Non-Polar Inclined,0.0,260,2022-07-17,SpaceX,Cape Canaveral,Falcon 9,Communications
Starlink-4111 ,USA,Commercial,Communications,LEO,Non-Polar Inclined,0.0,260,2022-07-17,SpaceX,Cape Canaveral,Falcon 9,Communications
Starlink-4112 ,USA,Commercial,Communications,LEO,Non-Polar Inclined,0.0,260,2022-06-17,SpaceX,Cape Canaveral,Falcon 9,Communications
Starlink-4113 ,USA,Commercial,Communications,LEO,Non-Polar Inclined,0.0,260,2022-07-24,SpaceX,Cape Canaveral,Falcon 9,Communications
Starlink-4114 ,USA,Commercial,Communications,LEO,Non-Polar Inclined,0.0,260,2022-07-17,SpaceX,Cape Canaveral,Falcon 9,Communications
Starlink-4115 ,USA,Commercial,Communications,LEO,Non-Polar Inclined,0.0,260,2022-07-07,SpaceX,Cape Canaveral,Falcon 9,Communications
Starlink-4116 ,USA,Commercial,Communications,LEO,Non-Polar Inclined,0.0,260,2022-07-17,SpaceX,Cape Canaveral,Falcon 9,Communications
Starlink-4117 ,USA,Commercial,Communications,LEO,Non-Polar Inclined,0.0,260,2022-07-17,SpaceX,Cape Canaveral,Falcon 9,Communications
Starlink-4118,USA,Commercial,Communications,LEO,Non-Polar Inclined,0.0,260,2022-08-19,SpaceX,Cape Canaveral,Falcon 9,Communications
Starlink-4119 ,USA,Commercial,Communications,LEO,Non-Polar Inclined,0.0,260,2022-07-07,SpaceX,Cape Canaveral,Falcon 9,Communications
Starlink-4120,USA,Commercial,Communications,LEO,Non-Polar Inclined,0.0,260,2022-08-19,SpaceX,Cape Canaveral,Falcon 9,Communications
Starlink-4121 ,USA,Commercial,Communications,LEO,Non-Polar Inclined,0.0,260,2022-07-07,SpaceX,Cape Canaveral,Falcon 9,Communications
Starlink-4122 ,USA,Commercial,Communications,LEO,Non-Polar Inclined,0.0,260,2022-07-24,SpaceX,Cape Canaveral,Falcon 9,Communications
Starlink-4123,USA,Commercial,Communications,LEO,Non-Polar Inclined,0.0,260,2022-08-19,SpaceX,Cape Canaveral,Falcon 9,Communications
Starlink-4124 ,USA,Commercial,Communications,LEO,Non-Polar Inclined,0.0,260,2022-07-24,SpaceX,Cape Canaveral,Falcon 9,Communications
Starlink-4125 ,USA,Commercial,Communications,LEO,Non-Polar Inclined,0.0,260,2022-07-24,SpaceX,Cape Canaveral,Falcon 9,Communications
Starlink-4126 ,USA,Commercial,Communications,LEO,Non-Polar Inclined,0.0,260,2022-06-17,SpaceX,Cape Canaveral,Falcon 9,Communications
Starlink-4127 ,USA,Commercial,Communications,LEO,Non-Polar Inclined,0.0,260,2022-07-24,SpaceX,Cape Canaveral,Falcon 9,Communications
Starlink-4128 ,USA,Commercial,Communications,LEO,Non-Polar Inclined,0.0,260,2022-07-24,SpaceX,Cape Canaveral,Falcon 9,Communications
Starlink-4129 ,USA,Commercial,Communications,LEO,Non-Polar Inclined,0.0,260,2022-07-24,SpaceX,Cape Canaveral,Falcon 9,Communications
Starlink-4130 ,USA,Commercial,Communications,LEO,Non-Polar Inclined,0.0,260,2022-07-24,SpaceX,Cape Canaveral,Falcon 9,Communications
Starlink-4131 ,USA,Commercial,Communications,LEO,Non-Polar Inclined,0.0,260,2022-07-24,SpaceX,Cape Canaveral,Falcon 9,Communications
Starlink-4132 ,USA,Commercial,Communications,LEO,Non-Polar Inclined,0.0,260,2022-07-24,SpaceX,Cape Canaveral,Falcon 9,Communications
Starlink-4133 ,USA,Commercial,Communications,LEO,Non-Polar Inclined,0.0,260,2022-07-24,SpaceX,Cape Canaveral,Falcon 9,Communications
Starlink-4134 ,USA,Commercial,Communications,LEO,Non-Polar Inclined,0.0,260,2022-07-24,SpaceX,Cape Canaveral,Falcon 9,Communications
Starlink-4135 ,USA,Commercial,Communications,LEO,Non-Polar Inclined,0.0,260,2022-07-24,SpaceX,Cape Canaveral,Falcon 9,Communications
Starlink-4136 ,USA,Commercial,Communications,LEO,Non-Polar Inclined,0.0,260,2022-07-24,SpaceX,Cape Canaveral,Falcon 9,Communications
Starlink-4137 ,USA,Commercial,Communications,LEO,Non-Polar Inclined,0.0,260,2022-07-07,SpaceX,Cape Canaveral,Falcon 9,Communications
Starlink-4138,USA,Commercial,Communications,LEO,Non-Polar Inclined,0.0,260,2022-08-19,SpaceX,Cape Canaveral,Falcon 9,Communications
Starlink-4139 ,USA,Commercial,Communications,LEO,Non-Polar Inclined,0.0,260,2022-06-17,SpaceX,Cape Canaveral,Falcon 9,Communications
Starlink-4140 ,USA,Commercial,Communications,LEO,Non-Polar Inclined,0.0,260,2022-07-24,SpaceX,Cape Canaveral,Falcon 9,Communications
Starlink-4141 ,USA,Commercial,Communications,LEO,Non-Polar Inclined,0.0,260,2022-07-17,SpaceX,Cape Canaveral,Falcon 9,Communications
Starlink-4142 ,USA,Commercial,Communications,LEO,Non-Polar Inclined,0.0,260,2022-07-24,SpaceX,Cape Canaveral,Falcon 9,Communications
Starlink-4143 ,USA,Commercial,Communications,LEO,Non-Polar Inclined,0.0,260,2022-07-07,SpaceX,Cape Canaveral,Falcon 9,Communications
Starlink-4144 ,USA,Commercial,Communications,LEO,Non-Polar Inclined,0.0,260,2022-07-24,SpaceX,Cape Canaveral,Falcon 9,Communications
Starlink-4145 ,USA,Commercial,Communications,LEO,Non-Polar Inclined,0.0,260,2022-07-17,SpaceX,Cape Canaveral,Falcon 9,Communications
Starlink-4146 ,USA,Commercial,Communications,LEO,Non-Polar Inclined,0.0,260,2022-07-24,SpaceX,Cape Canaveral,Falcon 9,Communications
Starlink-4147 ,USA,Commercial,Communications,LEO,Non-Polar Inclined,0.0,260,2022-07-24,SpaceX,Cape Canaveral,Falcon 9,Communications
Starlink-4148 ,USA,Commercial,Communications,LEO,Non-Polar Inclined,0.0,260,2022-07-24,SpaceX,Cape Canaveral,Falcon 9,Communications
Starlink-4149 ,USA,Commercial,Communications,LEO,Non-Polar Inclined,0.0,260,2022-07-24,SpaceX,Cape Canaveral,Falcon 9,Communications
Starlink-4150 ,USA,Commercial,Communications,LEO,Non-Polar Inclined,0.0,260,2022-07-17,SpaceX,Cape Canaveral,Falcon 9,Communications
Starlink-4151 ,USA,Commercial,Communications,LEO,Non-Polar Inclined,0.0,260,2022-07-07,SpaceX,Cape Canaveral,Falcon 9,Communications
Starlink-4152 ,USA,Commercial,Communications,LEO,Non-Polar Inclined,0.0,260,2022-07-17,SpaceX,Cape Canaveral,Falcon 9,Communications
Starlink-4153 ,USA,Commercial,Communications,LEO,Non-Polar Inclined,0.0,260,2022-07-07,SpaceX,Cape Canaveral,Falcon 9,Communications
Starlink-4154 ,USA,Commercial,Communications,LEO,Non-Polar Inclined,0.0,260,2022-07-17,SpaceX,Cape Canaveral,Falcon 9,Communications
Starlink-4155 ,USA,Commercial,Communications,LEO,Non-Polar Inclined,0.0,260,2022-07-07,SpaceX,Cape Canaveral,Falcon 9,Communications
Starlink-4156 ,USA,Commercial,Communications,LEO,Non-Polar Inclined,0.0,260,2022-07-07,SpaceX,Cape Canaveral,Falcon 9,Communications
Starlink-4157 ,USA,Commercial,Communications,LEO,Non-Polar Inclined,0.0,260,2022-07-07,SpaceX,Cape Canaveral,Falcon 9,Communications
Starlink-4158 ,USA,Commercial,Communications,LEO,Non-Polar Inclined,0.0,260,2022-07-07,SpaceX,Cape Canaveral,Falcon 9,Communications
Starlink-4159 ,USA,Commercial,Communications,LEO,Non-Polar Inclined,0.0,260,2022-07-24,SpaceX,Cape Canaveral,Falcon 9,Communications
Starlink-4160 ,USA,Commercial,Communications,LEO,Non-Polar Inclined,0.0,260,2022-07-07,SpaceX,Cape Canaveral,Falcon 9,Communications
Starlink-4162 ,USA,Commercial,Communications,LEO,Non-Polar Inclined,0.0,260,2022-07-24,SpaceX,Cape Canaveral,Falcon 9,Communications
Starlink-4163 ,USA,Commercial,Communications,LEO,Non-Polar Inclined,0.0,260,2022-07-24,SpaceX,Cape Canaveral,Falcon 9,Communications
Starlink-4164 ,USA,Commercial,Communications,LEO,Non-Polar Inclined,0.0,260,2022-07-24,SpaceX,Cape Canaveral,Falcon 9,Communications
Starlink-4165 ,USA,Commercial,Communications,LEO,Non-Polar Inclined,0.0,260,2022-07-24,SpaceX,Cape Canaveral,Falcon 9,Communications
Starlink-4166 ,USA,Commercial,Communications,LEO,Non-Polar Inclined,0.0,260,2022-07-24,SpaceX,Cape Canaveral,Falcon 9,Communications
Starlink-4167 ,USA,Commercial,Communications,LEO,Non-Polar Inclined,0.0,260,2022-07-07,SpaceX,Cape Canaveral,Falcon 9,Communications
Starlink-4168 ,USA,Commercial,Communications,LEO,Non-Polar Inclined,0.0,260,2022-06-17,SpaceX,Cape Canaveral,Falcon 9,Communications
Starlink-4169 ,USA,Commercial,Communications,LEO,Non-Polar Inclined,0.0,260,2022-07-24,SpaceX,Cape Canaveral,Falcon 9,Communications
Starlink-4170 ,USA,Commercial,Communications,LEO,Non-Polar Inclined,0.0,260,2022-07-17,SpaceX,Cape Canaveral,Falcon 9,Communications
Starlink-4171 ,USA,Commercial,Communications,LEO,Non-Polar Inclined,0.0,260,2022-06-17,SpaceX,Cape Canaveral,Falcon 9,Communications
Starlink-4172 ,USA,Commercial,Communications,LEO,Non-Polar Inclined,0.0,260,2022-07-24,SpaceX,Cape Canaveral,Falcon 9,Communications
Starlink-4173 ,USA,Commercial,Communications,LEO,Non-Polar Inclined,0.0,260,2022-07-24,SpaceX,Cape Canaveral,Falcon 9,Communications
Starlink-4174 ,USA,Commercial,Communications,LEO,Non-Polar Inclined,0.0,260,2022-07-24,SpaceX,Cape Canaveral,Falcon 9,Communications
Starlink-4175  ,USA,Commercial,Communications,LEO,Non-Polar Inclined,0.0,260,2022-07-24,SpaceX,Cape Canaveral,Falcon 9,Communications
Starlink-4176 ,USA,Commercial,Communications,LEO,Non-Polar Inclined,0.0,260,2022-07-24,SpaceX,Cape Canaveral,Falcon 9,Communications
Starlink-4177 ,USA,Commercial,Communications,LEO,Non-Polar Inclined,0.0,260,2022-07-07,SpaceX,Cape Canaveral,Falcon 9,Communications
Starlink-4178  ,USA,Commercial,Communications,LEO,Non-Polar Inclined,0.0,260,2022-07-24,SpaceX,Cape Canaveral,Falcon 9,Communications
Starlink-4179 ,USA,Commercial,Communications,LEO,Non-Polar Inclined,0.0,260,2022-07-24,SpaceX,Cape Canaveral,Falcon 9,Communications
Starlink-4180 ,USA,Commercial,Communications,LEO,Non-Polar Inclined,0.0,260,2022-07-24,SpaceX,Cape Canaveral,Falcon 9,Communications
Starlink-4181  ,USA,Commercial,Communications,LEO,Non-Polar Inclined,0.0,260,2022-06-17,SpaceX,Cape Canaveral,Falcon 9,Communications
Starlink-4182 ,USA,Commercial,Communications,LEO,Non-Polar Inclined,0.0,260,2022-07-24,SpaceX,Cape Canaveral,Falcon 9,Communications
Starlink-4183 ,USA,Commercial,Communications,LEO,Non-Polar Inclined,0.0,260,2022-07-07,SpaceX,Cape Canaveral,Falcon 9,Communications
Starlink-4184 ,USA,Commercial,Communications,LEO,Non-Polar Inclined,0.0,260,2022-06-17,SpaceX,Cape Canaveral,Falcon 9,Communications
Starlink-4185 ,USA,Commercial,Communications,LEO,Non-Polar Inclined,0.0,260,2022-07-17,SpaceX,Cape Canaveral,Falcon 9,Communications
Starlink-4186 ,USA,Commercial,Communications,LEO,Non-Polar Inclined,0.0,260,2022-06-17,SpaceX,Cape Canaveral,Falcon 9,Communications
Starlink-4187 ,USA,Commercial,Communications,LEO,Non-Polar Inclined,0.0,260,2022-06-17,SpaceX,Cape Canaveral,Falcon 9,Communications
Starlink-4188 ,USA,Commercial,Communications,LEO,Non-Polar Inclined,0.0,260,2022-06-17,SpaceX,Cape Canaveral,Falcon 9,Communications
Starlink-4189 ,USA,Commercial,Communications,LEO,Non-Polar Inclined,0.0,260,2022-06-17,SpaceX,Cape Canaveral,Falcon 9,Communications
Starlink-4190 ,USA,Commercial,Communications,LEO,Non-Polar Inclined,0.0,260,2022-07-07,SpaceX,Cape Canaveral,Falcon 9,Communications
Starlink-4191 ,USA,Commercial,Communications,LEO,Non-Polar Inclined,0.0,260,2022-06-17,SpaceX,Cape Canaveral,Falcon 9,Communications
Starlink-4192 ,USA,Commercial,Communications,LEO,Non-Polar Inclined,0.0,260,2022-06-17,SpaceX,Cape Canaveral,Falcon 9,Communications
Starlink-4193 ,USA,Commercial,Communications,LEO,Non-Polar Inclined,0.0,260,2022-06-17,SpaceX,Cape Canaveral,Falcon 9,Communications
Starlink-4194 ,USA,Commercial,Communications,LEO,Non-Polar Inclined,0.0,260,2022-07-07,SpaceX,Cape Canaveral,Falcon 9,Communications
Starlink-4195 ,USA,Commercial,Communications,LEO,Non-Polar Inclined,0.0,260,2022-06-17,SpaceX,Cape Canaveral,Falcon 9,Communications
Starlink-4196 ,USA,Commercial,Communications,LEO,Non-Polar Inclined,0.0,260,2022-06-17,SpaceX,Cape Canaveral,Falcon 9,Communications
Starlink-4197 ,USA,Commercial,Communications,LEO,Non-Polar Inclined,0.0,260,2022-06-17,SpaceX,Cape Canaveral,Falcon 9,Communications
Starlink-4198 ,USA,Commercial,Communications,LEO,Non-Polar Inclined,0.0,260,2022-06-17,SpaceX,Cape Canaveral,Falcon 9,Communications
Starlink-4199 ,USA,Commercial,Communications,LEO,Non-Polar Inclined,0.0,260,2022-06-17,SpaceX,Cape Canaveral,Falcon 9,Communications
Starlink-4200 ,USA,Commercial,Communications,LEO,Non-Polar Inclined,0.0,260,2022-06-17,SpaceX,Cape Canaveral,Falcon 9,Communications
Starlink-4201 ,USA,Commercial,Communications,LEO,Non-Polar Inclined,0.0,260,2022-06-17,SpaceX,Cape Canaveral,Falcon 9,Communications
Starlink-4202 ,USA,Commercial,Communications,LEO,Non-Polar Inclined,0.0,260,2022-06-17,SpaceX,Cape Canaveral,Falcon 9,Communications
Starlink-4203 ,USA,Commercial,Communications,LEO,Non-Polar Inclined,0.0,260,2022-07-07,SpaceX,Cape Canaveral,Falcon 9,Communications
Starlink-4204 ,USA,Commercial,Communications,LEO,Non-Polar Inclined,0.0,260,2022-06-17,SpaceX,Cape Canaveral,Falcon 9,Communications
Starlink-4205 ,USA,Commercial,Communications,LEO,Non-Polar Inclined,0.0,260,2022-07-17,SpaceX,Cape Canaveral,Falcon 9,Communications
Starlink-4206 ,USA,Commercial,Communications,LEO,Non-Polar Inclined,0.0,260,2022-06-17,SpaceX,Cape Canaveral,Falcon 9,Communications
Starlink-4207 ,USA,Commercial,Communications,LEO,Non-Polar Inclined,0.0,260,2022-06-17,SpaceX,Cape Canaveral,Falcon 9,Communications
Starlink-4208 ,USA,Commercial,Communications,LEO,Non-Polar Inclined,0.0,260,2022-06-17,SpaceX,Cape Canaveral,Falcon 9,Communications
Starlink-4209 ,USA,Commercial,Communications,LEO,Non-Polar Inclined,0.0,260,2022-06-17,SpaceX,Cape Canaveral,Falcon 9,Communications
Starlink-4210 ,USA,Commercial,Communications,LEO,Non-Polar Inclined,0.0,260,2022-06-17,SpaceX,Cape Canaveral,Falcon 9,Communications
Starlink-4211 ,USA,Commercial,Communications,LEO,Non-Polar Inclined,0.0,260,2022-06-17,SpaceX,Cape Canaveral,Falcon 9,Communications
Starlink-4212 ,USA,Commercial,Communications,LEO,Non-Polar Inclined,0.0,260,2022-06-17,SpaceX,Cape Canaveral,Falcon 9,Communications
Starlink-4213 ,USA,Commercial,Communications,LEO,Non-Polar Inclined,0.0,260,2022-06-17,SpaceX,Cape Canaveral,Falcon 9,Communications
Starlink-4214 ,USA,Commercial,Communications,LEO,Non-Polar Inclined,0.0,260,2022-06-17,SpaceX,Cape Canaveral,Falcon 9,Communications
Starlink-4215 ,USA,Commercial,Communications,LEO,Non-Polar Inclined,0.0,260,2022-07-07,SpaceX,Cape Canaveral,Falcon 9,Communications
Starlink-4216  ,USA,Commercial,Communications,LEO,Non-Polar Inclined,0.0,260,2022-07-07,SpaceX,Cape Canaveral,Falcon 9,Communications
Starlink-4217 ,USA,Commercial,Communications,LEO,Non-Polar Inclined,0.0,260,2022-07-07,SpaceX,Cape Canaveral,Falcon 9,Communications
Starlink-4218 ,USA,Commercial,Communications,LEO,Non-Polar Inclined,0.0,260,2022-07-07,SpaceX,Cape Canaveral,Falcon 9,Communications
Starlink-4251 ,USA,Commercial,Communications,LEO,Sun-Synchronous,0.0,260,2022-07-11,SpaceX,Cape Canaveral,Falcon 9,Communications
Starlink-4252 ,USA,Commercial,Communications,LEO,Sun-Synchronous,0.0,260,2022-07-11,SpaceX,Cape Canaveral,Falcon 9,Communications
Starlink-4253 ,USA,Commercial,Communications,LEO,Non-Polar Inclined,0.0,260,2022-07-07,SpaceX,Cape Canaveral,Falcon 9,Communications
Starlink-4254 ,USA,Commercial,Communications,LEO,Non-Polar Inclined,0.0,260,2022-07-07,SpaceX,Cape Canaveral,Falcon 9,Communications
Starlink-4255 ,USA,Commercial,Communications,LEO,Non-Polar Inclined,0.0,260,2022-07-07,SpaceX,Cape Canaveral,Falcon 9,Communications
Starlink-4256 ,USA,Commercial,Communications,LEO,Non-Polar Inclined,0.0,260,2022-07-07,SpaceX,Cape Canaveral,Falcon 9,Communications
Starlink-4257 ,USA,Commercial,Communications,LEO,Non-Polar Inclined,0.0,260,2022-07-17,SpaceX,Cape Canaveral,Falcon 9,Communications
Starlink-4258 ,USA,Commercial,Communications,LEO,Non-Polar Inclined,0.0,260,2022-07-17,SpaceX,Cape Canaveral,Falcon 9,Communications
Starlink-4259 ,USA,Commercial,Communications,LEO,Non-Polar Inclined,0.0,260,2022-07-07,SpaceX,Cape Canaveral,Falcon 9,Communications
Starlink-4260 ,USA,Commercial,Communications,LEO,Non-Polar Inclined,0.0,260,2022-07-07,SpaceX,Cape Canaveral,Falcon 9,Communications
Starlink-4261 ,USA,Commercial,Communications,LEO,Non-Polar Inclined,0.0,260,2022-06-17,SpaceX,Cape Canaveral,Falcon 9,Communications
Starlink-4262 ,USA,Commercial,Communications,LEO,Non-Polar Inclined,0.0,260,2022-07-07,SpaceX,Cape Canaveral,Falcon 9,Communications
Starlink-4263 ,USA,Commercial,Communications,LEO,Non-Polar Inclined,0.0,260,2022-07-07,SpaceX,Cape Canaveral,Falcon 9,Communications
Starlink-4264 ,USA,Commercial,Communications,LEO,Non-Polar Inclined,0.0,260,2022-07-07,SpaceX,Cape Canaveral,Falcon 9,Communications
Starlink-4265 ,USA,Commercial,Communications,LEO,Non-Polar Inclined,0.0,260,2022-07-07,SpaceX,Cape Canaveral,Falcon 9,Communications
Starlink-4266 ,USA,Commercial,Communications,LEO,Non-Polar Inclined,0.0,260,2022-06-17,SpaceX,Cape Canaveral,Falcon 9,Communications
Starlink-4267 ,USA,Commercial,Communications,LEO,Non-Polar Inclined,0.0,260,2022-06-17,SpaceX,Cape Canaveral,Falcon 9,Communications
Starlink-4268 ,USA,Commercial,Communications,LEO,Non-Polar Inclined,0.0,260,2022-07-17,SpaceX,Cape Canaveral,Falcon 9,Communications
Starlink-4269 ,USA,Commercial,Communications,LEO,Non-Polar Inclined,0.0,260,2022-07-07,SpaceX,Cape Canaveral,Falcon 9,Communications
Starlink-4270 ,USA,Commercial,Communications,LEO,Non-Polar Inclined,0.0,260,2022-06-17,SpaceX,Cape Canaveral,Falcon 9,Communications
Starlink-4271 ,USA,Commercial,Communications,LEO,Non-Polar Inclined,0.0,260,2022-07-07,SpaceX,Cape Canaveral,Falcon 9,Communications
Starlink-4272 ,USA,Commercial,Communications,LEO,Non-Polar Inclined,0.0,260,2022-06-17,SpaceX,Cape Canaveral,Falcon 9,Communications
Starlink-4273 ,USA,Commercial,Communications,LEO,Non-Polar Inclined,0.0,260,2022-07-17,SpaceX,Cape Canaveral,Falcon 9,Communications
Starlink-4274 ,USA,Commercial,Communications,LEO,Non-Polar Inclined,0.0,260,2022-06-17,SpaceX,Cape Canaveral,Falcon 9,Communications
Starlink-4275 ,USA,Commercial,Communications,LEO,Non-Polar Inclined,0.0,260,2022-07-07,SpaceX,Cape Canaveral,Falcon 9,Communications
Starlink-4276 ,USA,Commercial,Communications,LEO,Non-Polar Inclined,0.0,260,2022-07-17,SpaceX,Cape Canaveral,Falcon 9,Communications
Starlink-4277 ,USA,Commercial,Communications,LEO,Non-Polar Inclined,0.0,260,2022-07-07,SpaceX,Cape Canaveral,Falcon 9,Communications
Starlink-4278 ,USA,Commercial,Communications,LEO,Non-Polar Inclined,0.0,260,2022-07-17,SpaceX,Cape Canaveral,Falcon 9,Communications
Starlink-4279 ,USA,Commercial,Communications,LEO,Non-Polar Inclined,0.0,260,2022-07-07,SpaceX,Cape Canaveral,Falcon 9,Communications
Starlink-4280 ,USA,Commercial,Communications,LEO,Non-Polar Inclined,0.0,260,2022-07-17,SpaceX,Cape Canaveral,Falcon 9,Communications
Starlink-4281 ,USA,Commercial,Communications,LEO,Non-Polar Inclined,0.0,260,2022-07-07,SpaceX,Cape Canaveral,Falcon 9,Communications
Starlink-4282 ,USA,Commercial,Communications,LEO,Non-Polar Inclined,0.0,260,2022-07-07,SpaceX,Cape Canaveral,Falcon 9,Communications
Starlink-4283 ,USA,Commercial,Communications,LEO,Non-Polar Inclined,0.0,260,2022-07-07,SpaceX,Cape Canaveral,Falcon 9,Communications
Starlink-4284 ,USA,Commercial,Communications,LEO,Non-Polar Inclined,0.0,260,2022-07-07,SpaceX,Cape Canaveral,Falcon 9,Communications
Starlink-4285 ,USA,Commercial,Communications,LEO,Non-Polar Inclined,0.0,260,2022-07-07,SpaceX,Cape Canaveral,Falcon 9,Communications
Starlink-4286 ,USA,Commercial,Communications,LEO,Non-Polar Inclined,0.0,260,2022-07-07,SpaceX,Cape Canaveral,Falcon 9,Communications
Starlink-4287 ,USA,Commercial,Communications,LEO,Non-Polar Inclined,0.0,260,2022-07-07,SpaceX,Cape Canaveral,Falcon 9,Communications
Starlink-4289 ,USA,Commercial,Communications,LEO,Non-Polar Inclined,0.0,260,2022-07-07,SpaceX,Cape Canaveral,Falcon 9,Communications
Starlink-4290 ,USA,Commercial,Communications,LEO,Non-Polar Inclined,0.0,260,2022-07-07,SpaceX,Cape Canaveral,Falcon 9,Communications
Starlink-4291 ,USA,Commercial,Communications,LEO,Non-Polar Inclined,0.0,260,2022-07-07,SpaceX,Cape Canaveral,Falcon 9,Communications
Starlink-4292 ,USA,Commercial,Communications,LEO,Non-Polar Inclined,0.0,260,2022-07-17,SpaceX,Cape Canaveral,Falcon 9,Communications
Starlink-4293 ,USA,Commercial,Communications,LEO,Non-Polar Inclined,0.0,260,2022-07-07,SpaceX,Cape Canaveral,Falcon 9,Communications
Starlink-4294 ,USA,Commercial,Communications,LEO,Non-Polar Inclined,0.0,260,2022-07-17,SpaceX,Cape Canaveral,Falcon 9,Communications
Starlink-4295 ,USA,Commercial,Communications,LEO,Non-Polar Inclined,0.0,260,2022-07-07,SpaceX,Cape Canaveral,Falcon 9,Communications
Starlink-4296 ,USA,Commercial,Communications,LEO,Non-Polar Inclined,0.0,260,2022-07-07,SpaceX,Cape Canaveral,Falcon 9,Communications
Starlink-4297,USA,Commercial,Communications,LEO,Non-Polar Inclined,0.0,260,2022-08-19,SpaceX,Cape Canaveral,Falcon 9,Communications
Starlink-4298 ,USA,Commercial,Communications,LEO,Non-Polar Inclined,0.0,260,2022-07-17,SpaceX,Cape Canaveral,Falcon 9,Communications
Starlink-4299 ,USA,Commercial,Communications,LEO,Non-Polar Inclined,0.0,260,2022-07-17,SpaceX,Cape Canaveral,Falcon 9,Communications
Starlink-4300 ,USA,Commercial,Communications,LEO,Non-Polar Inclined,0.0,260,2022-07-17,SpaceX,Cape Canaveral,Falcon 9,Communications
Starlink-4301 ,USA,Commercial,Communications,LEO,Non-Polar Inclined,0.0,260,2022-07-07,SpaceX,Cape Canaveral,Falcon 9,Communications
Starlink-4302,USA,Commercial,Communications,LEO,Non-Polar Inclined,0.0,260,2022-08-12,SpaceX,Vandenberg AFB,Falcon 9,Communications
Starlink-4303,USA,Commercial,Communications,LEO,Non-Polar Inclined,0.0,260,2022-08-19,SpaceX,Cape Canaveral,Falcon 9,Communications
Starlink-4304 ,USA,Commercial,Communications,LEO,Non-Polar Inclined,0.0,260,2022-08-10,SpaceX,Cape Canaveral,Falcon 9,Communications
Starlink-4305 ,USA,Commercial,Communications,LEO,Sun-Synchronous,0.0,260,2022-07-11,SpaceX,Cape Canaveral,Falcon 9,Communications
Starlink-4306 ,USA,Commercial,Communications,LEO,Sun-Synchronous,0.0,260,2022-07-11,SpaceX,Cape Canaveral,Falcon 9,Communications
Starlink-4307 ,USA,Commercial,Communications,LEO,Sun-Synchronous,0.0,260,2022-07-11,SpaceX,Cape Canaveral,Falcon 9,Communications
Starlink-4308 ,USA,Commercial,Communications,LEO,Sun-Synchronous,0.0,260,2022-07-11,SpaceX,Cape Canaveral,Falcon 9,Communications
Starlink-4309 ,USA,Commercial,Communications,LEO,Sun-Synchronous,0.0,260,2022-07-11,SpaceX,Cape Canaveral,Falcon 9,Communications
Starlink-4310 ,USA,Commercial,Communications,LEO,Sun-Synchronous,0.0,260,2022-07-11,SpaceX,Cape Canaveral,Falcon 9,Communications
Starlink-4311 ,USA,Commercial,Communications,LEO,Sun-Synchronous,0.0,260,2022-07-11,SpaceX,Cape Canaveral,Falcon 9,Communications
Starlink-4312 ,USA,Commercial,Communications,LEO,Sun-Synchronous,0.0,260,2022-07-11,SpaceX,Cape Canaveral,Falcon 9,Communications
Starlink-4313 ,USA,Commercial,Communications,LEO,Sun-Synchronous,0.0,260,2022-07-11,SpaceX,Cape Canaveral,Falcon 9,Communications
Starlink-4314 ,USA,Commercial,Communications,LEO,Sun-Synchronous,0.0,260,2022-07-11,SpaceX,Cape Canaveral,Falcon 9,Communications
Starlink-4315 ,USA,Commercial,Communications,LEO,Sun-Synchronous,0.0,260,2022-07-11,SpaceX,Cape Canaveral,Falcon 9,Communications
Starlink-4316,USA,Commercial,Communications,LEO,Non-Polar Inclined,0.0,260,2022-08-12,SpaceX,Vandenberg AFB,Falcon 9,Communications
Starlink-4317 ,USA,Commercial,Communications,LEO,Sun-Synchronous,0.0,260,2022-07-11,SpaceX,Cape Canaveral,Falcon 9,Communications
Starlink-4318 ,USA,Commercial,Communications,LEO,Sun-Synchronous,0.0,260,2022-07-11,SpaceX,Cape Canaveral,Falcon 9,Communications
Starlink-4319 ,USA,Commercial,Communications,LEO,Sun-Synchronous,0.0,260,2022-07-11,SpaceX,Cape Canaveral,Falcon 9,Communications
Starlink-4320 ,USA,Commercial,Communications,LEO,Sun-Synchronous,0.0,260,2022-07-11,SpaceX,Cape Canaveral,Falcon 9,Communications
Starlink-4321 ,USA,Commercial,Communications,LEO,Sun-Synchronous,0.0,260,2022-07-11,SpaceX,Cape Canaveral,Falcon 9,Communications
Starlink-4322 ,USA,Commercial,Communications,LEO,Sun-Synchronous,0.0,260,2022-07-11,SpaceX,Cape Canaveral,Falcon 9,Communications
Starlink-4323 ,USA,Commercial,Communications,LEO,Sun-Synchronous,0.0,260,2022-07-11,SpaceX,Cape Canaveral,Falcon 9,Communications
Starlink-4324 ,USA,Commercial,Communications,LEO,Sun-Synchronous,0.0,260,2022-07-11,SpaceX,Cape Canaveral,Falcon 9,Communications
Starlink-4325 ,USA,Commercial,Communications,LEO,Sun-Synchronous,0.0,260,2022-07-11,SpaceX,Cape Canaveral,Falcon 9,Communications
Starlink-4326 ,USA,Commercial,Communications,LEO,Sun-Synchronous,0.0,260,2022-07-11,SpaceX,Cape Canaveral,Falcon 9,Communications
Starlink-4327 ,USA,Commercial,Communications,LEO,Sun-Synchronous,0.0,260,2022-07-11,SpaceX,Cape Canaveral,Falcon 9,Communications
Starlink-4328 ,USA,Commercial,Communications,LEO,Sun-Synchronous,0.0,260,2022-07-11,SpaceX,Cape Canaveral,Falcon 9,Communications
Starlink-4329 ,USA,Commercial,Communications,LEO,Sun-Synchronous,0.0,260,2022-07-11,SpaceX,Cape Canaveral,Falcon 9,Communications
Starlink-4330 ,USA,Commercial,Communications,LEO,Sun-Synchronous,0.0,260,2022-07-11,SpaceX,Cape Canaveral,Falcon 9,Communications
Starlink-4331 ,USA,Commercial,Communications,LEO,Sun-Synchronous,0.0,260,2022-07-11,SpaceX,Cape Canaveral,Falcon 9,Communications
Starlink-4332 ,USA,Commercial,Communications,LEO,Sun-Synchronous,0.0,260,2022-07-22,SpaceX,Vandenberg AFB,Falcon 9,Communications
Starlink-4333 ,USA,Commercial,Communications,LEO,Sun-Synchronous,0.0,260,2022-07-11,SpaceX,Cape Canaveral,Falcon 9,Communications
Starlink-4334,USA,Commercial,Communications,LEO,Sun-Synchronous,0.0,260,2022-08-31,SpaceX,Vandenberg AFB,Falcon 9,Communications
Starlink-4335 ,USA,Commercial,Communications,LEO,Sun-Synchronous,0.0,260,2022-07-22,SpaceX,Vandenberg AFB,Falcon 9,Communications
Starlink-4336 ,USA,Commercial,Communications,LEO,Sun-Synchronous,0.0,260,2022-07-11,SpaceX,Cape Canaveral,Falcon 9,Communications
Starlink-4337 ,USA,Commercial,Communications,LEO,Sun-Synchronous,0.0,260,2022-07-11,SpaceX,Cape Canaveral,Falcon 9,Communications
Starlink-4338 ,USA,Commercial,Communications,LEO,Sun-Synchronous,0.0,260,2022-07-11,SpaceX,Cape Canaveral,Falcon 9,Communications
Starlink-4339 ,USA,Commercial,Communications,LEO,Sun-Synchronous,0.0,260,2022-07-11,SpaceX,Cape Canaveral,Falcon 9,Communications
Starlink-4340,USA,Commercial,Communications,LEO,Non-Polar Inclined,0.0,260,2022-08-12,SpaceX,Vandenberg AFB,Falcon 9,Communications
Starlink-4341 ,USA,Commercial,Communications,LEO,Sun-Synchronous,0.0,260,2022-07-11,SpaceX,Cape Canaveral,Falcon 9,Communications
Starlink-4342 ,USA,Commercial,Communications,LEO,Sun-Synchronous,0.0,260,2022-07-11,SpaceX,Cape Canaveral,Falcon 9,Communications
Starlink-4343 ,USA,Commercial,Communications,LEO,Sun-Synchronous,0.0,260,2022-07-11,SpaceX,Cape Canaveral,Falcon 9,Communications
Starlink-4344 ,USA,Commercial,Communications,LEO,Sun-Synchronous,0.0,260,2022-07-11,SpaceX,Cape Canaveral,Falcon 9,Communications
Starlink-4345 ,USA,Commercial,Communications,LEO,Sun-Synchronous,0.0,260,2022-07-11,SpaceX,Cape Canaveral,Falcon 9,Communications
Starlink-4346 ,USA,Commercial,Communications,LEO,Sun-Synchronous,0.0,260,2022-07-11,SpaceX,Cape Canaveral,Falcon 9,Communications
Starlink-4347 ,USA,Commercial,Communications,LEO,Sun-Synchronous,0.0,260,2022-07-11,SpaceX,Cape Canaveral,Falcon 9,Communications
Starlink-4348 ,USA,Commercial,Communications,LEO,Sun-Synchronous,0.0,260,2022-07-11,SpaceX,Cape Canaveral,Falcon 9,Communications
Starlink-4349 ,USA,Commercial,Communications,LEO,Sun-Synchronous,0.0,260,2022-07-11,SpaceX,Cape Canaveral,Falcon 9,Communications
Starlink-4350 ,USA,Commercial,Communications,LEO,Sun-Synchronous,0.0,260,2022-07-11,SpaceX,Cape Canaveral,Falcon 9,Communications
Starlink-4351 ,USA,Commercial,Communications,LEO,Sun-Synchronous,0.0,260,2022-07-22,SpaceX,Vandenberg AFB,Falcon 9,Communications
Starlink-4352 ,USA,Commercial,Communications,LEO,Sun-Synchronous,0.0,260,2022-07-11,SpaceX,Cape Canaveral,Falcon 9,Communications
Starlink-4353 ,USA,Commercial,Communications,LEO,Sun-Synchronous,0.0,260,2022-07-22,SpaceX,Vandenberg AFB,Falcon 9,Communications
Starlink-4354 ,USA,Commercial,Communications,LEO,Sun-Synchronous,0.0,260,2022-07-22,SpaceX,Vandenberg AFB,Falcon 9,Communications
Starlink-4355 ,USA,Commercial,Communications,LEO,Sun-Synchronous,0.0,260,2022-07-11,SpaceX,Cape Canaveral,Falcon 9,Communications
Starlink-4356 ,USA,Commercial,Communications,LEO,Sun-Synchronous,0.0,260,2022-07-22,SpaceX,Vandenberg AFB,Falcon 9,Communications
Starlink-4357,USA,Commercial,Communications,LEO,Sun-Synchronous,0.0,260,2022-08-31,SpaceX,Vandenberg AFB,Falcon 9,Communications
Starlink-4358 ,USA,Commercial,Communications,LEO,Sun-Synchronous,0.0,260,2022-07-22,SpaceX,Vandenberg AFB,Falcon 9,Communications
Starlink-4359  ,USA,Commercial,Communications,LEO,Sun-Synchronous,0.0,260,2022-07-22,SpaceX,Vandenberg AFB,Falcon 9,Communications
Starlink-4360,USA,Commercial,Communications,LEO,Non-Polar Inclined,0.0,260,2022-08-12,SpaceX,Vandenberg AFB,Falcon 9,Communications
Starlink-4361,USA,Commercial,Communications,LEO,Non-Polar Inclined,0.0,260,2022-08-12,SpaceX,Vandenberg AFB,Falcon 9,Communications
Starlink-4362 ,USA,Commercial,Communications,LEO,Sun-Synchronous,0.0,260,2022-07-11,SpaceX,Cape Canaveral,Falcon 9,Communications
Starlink-4363 ,USA,Commercial,Communications,LEO,Sun-Synchronous,0.0,260,2022-07-22,SpaceX,Vandenberg AFB,Falcon 9,Communications
Starlink-4364 ,USA,Commercial,Communications,LEO,Sun-Synchronous,0.0,260,2022-07-22,SpaceX,Vandenberg AFB,Falcon 9,Communications
Starlink-4365 ,USA,Commercial,Communications,LEO,Sun-Synchronous,0.0,260,2022-07-22,SpaceX,Vandenberg AFB,Falcon 9,Communications
Starlink-4366 ,USA,Commercial,Communications,LEO,Sun-Synchronous,0.0,260,2022-07-22,SpaceX,Vandenberg AFB,Falcon 9,Communications
Starlink-4367 ,USA,Commercial,Communications,LEO,Sun-Synchronous,0.0,260,2022-07-22,SpaceX,Vandenberg AFB,Falcon 9,Communications
Starlink-4368 ,USA,Commercial,Communications,LEO,Sun-Synchronous,0.0,260,2022-07-22,SpaceX,Vandenberg AFB,Falcon 9,Communications
Starlink-4369 ,USA,Commercial,Communications,LEO,Sun-Synchronous,0.0,260,2022-07-22,SpaceX,Vandenberg AFB,Falcon 9,Communications
Starlink-4370 ,USA,Commercial,Communications,LEO,Sun-Synchronous,0.0,260,2022-07-22,SpaceX,Vandenberg AFB,Falcon 9,Communications
Starlink-4371 ,USA,Commercial,Communications,LEO,Sun-Synchronous,0.0,260,2022-07-22,SpaceX,Vandenberg AFB,Falcon 9,Communications
Starlink-4372 ,USA,Commercial,Communications,LEO,Sun-Synchronous,0.0,260,2022-07-22,SpaceX,Vandenberg AFB,Falcon 9,Communications
Starlink-4373 ,USA,Commercial,Communications,LEO,Sun-Synchronous,0.0,260,2022-07-22,SpaceX,Vandenberg AFB,Falcon 9,Communications
Starlink-4374,USA,Commercial,Communications,LEO,Sun-Synchronous,0.0,260,2022-08-31,SpaceX,Vandenberg AFB,Falcon 9,Communications
Starlink-4375 ,USA,Commercial,Communications,LEO,Sun-Synchronous,0.0,260,2022-07-22,SpaceX,Vandenberg AFB,Falcon 9,Communications
Starlink-4376 ,USA,Commercial,Communications,LEO,Sun-Synchronous,0.0,260,2022-07-22,SpaceX,Vandenberg AFB,Falcon 9,Communications
Starlink-4377 ,USA,Commercial,Communications,LEO,Sun-Synchronous,0.0,260,2022-07-22,SpaceX,Vandenberg AFB,Falcon 9,Communications
Starlink-4378,USA,Commercial,Communications,LEO,Non-Polar Inclined,0.0,260,2022-08-12,SpaceX,Vandenberg AFB,Falcon 9,Communications
Starlink-4379 ,USA,Commercial,Communications,LEO,Sun-Synchronous,0.0,260,2022-07-22,SpaceX,Vandenberg AFB,Falcon 9,Communications
Starlink-4380,USA,Commercial,Communications,LEO,Sun-Synchronous,0.0,260,2022-08-31,SpaceX,Vandenberg AFB,Falcon 9,Communications
Starlink-4381 ,USA,Commercial,Communications,LEO,Sun-Synchronous,0.0,260,2022-07-22,SpaceX,Vandenberg AFB,Falcon 9,Communications
Starlink-4382 ,USA,Commercial,Communications,LEO,Sun-Synchronous,0.0,260,2022-07-22,SpaceX,Vandenberg AFB,Falcon 9,Communications
Starlink-4383,USA,Commercial,Communications,LEO,Non-Polar Inclined,0.0,260,2022-08-12,SpaceX,Vandenberg AFB,Falcon 9,Communications
Starlink-4384 ,USA,Commercial,Communications,LEO,Sun-Synchronous,0.0,260,2022-07-22,SpaceX,Vandenberg AFB,Falcon 9,Communications
Starlink-4385 ,USA,Commercial,Communications,LEO,Sun-Synchronous,0.0,260,2022-07-22,SpaceX,Vandenberg AFB,Falcon 9,Communications
Starlink-4386,USA,Commercial,Communications,LEO,Sun-Synchronous,0.0,260,2022-08-31,SpaceX,Vandenberg AFB,Falcon 9,Communications
Starlink-4387,USA,Commercial,Communications,LEO,Non-Polar Inclined,0.0,260,2022-08-12,SpaceX,Vandenberg AFB,Falcon 9,Communications
Starlink-4388,USA,Commercial,Communications,LEO,Sun-Synchronous,0.0,260,2022-08-31,SpaceX,Vandenberg AFB,Falcon 9,Communications
Starlink-4389,USA,Commercial,Communications,LEO,Non-Polar Inclined,0.0,260,2022-08-12,SpaceX,Vandenberg AFB,Falcon 9,Communications
Starlink-4390,USA,Commercial,Communications,LEO,Sun-Synchronous,0.0,260,2022-08-31,SpaceX,Vandenberg AFB,Falcon 9,Communications
Starlink-4391 ,USA,Commercial,Communications,LEO,Sun-Synchronous,0.0,260,2022-07-22,SpaceX,Vandenberg AFB,Falcon 9,Communications
Starlink-4392,USA,Commercial,Communications,LEO,Non-Polar Inclined,0.0,260,2022-08-12,SpaceX,Vandenberg AFB,Falcon 9,Communications
Starlink-4393,USA,Commercial,Communications,LEO,Non-Polar Inclined,0.0,260,2022-08-12,SpaceX,Vandenberg AFB,Falcon 9,Communications
Starlink-4394,USA,Commercial,Communications,LEO,Non-Polar Inclined,0.0,260,2022-08-12,SpaceX,Vandenberg AFB,Falcon 9,Communications
Starlink-4395 ,USA,Commercial,Communications,LEO,Sun-Synchronous,0.0,260,2022-07-22,SpaceX,Vandenberg AFB,Falcon 9,Communications
Starlink-4396,USA,Commercial,Communications,LEO,Non-Polar Inclined,0.0,260,2022-08-28,SpaceX,Cape Canaveral,Falcon 9,Communications
Starlink-4397 ,USA,Commercial,Communications,LEO,Sun-Synchronous,0.0,260,2022-07-22,SpaceX,Vandenberg AFB,Falcon 9,Communications
Starlink-4398,USA,Commercial,Communications,LEO,Non-Polar Inclined,0.0,260,2022-08-12,SpaceX,Vandenberg AFB,Falcon 9,Communications
Starlink-4399,USA,Commercial,Communications,LEO,Non-Polar Inclined,0.0,260,2022-08-12,SpaceX,Vandenberg AFB,Falcon 9,Communications
Starlink-4400,USA,Commercial,Communications,LEO,Non-Polar Inclined,0.0,260,2022-08-12,SpaceX,Vandenberg AFB,Falcon 9,Communications
Starlink-4401,USA,Commercial,Communications,LEO,Non-Polar Inclined,0.0,260,2022-08-12,SpaceX,Vandenberg AFB,Falcon 9,Communications
Starlink-4402,USA,Commercial,Communications,LEO,Non-Polar Inclined,0.0,260,2022-08-12,SpaceX,Vandenberg AFB,Falcon 9,Communications
Starlink-4403 ,USA,Commercial,Communications,LEO,Sun-Synchronous,0.0,260,2022-07-22,SpaceX,Vandenberg AFB,Falcon 9,Communications
Starlink-4404 ,USA,Commercial,Communications,LEO,Sun-Synchronous,0.0,260,2022-07-22,SpaceX,Vandenberg AFB,Falcon 9,Communications
Starlink-4405  ,USA,Commercial,Communications,LEO,Sun-Synchronous,0.0,260,2022-07-22,SpaceX,Vandenberg AFB,Falcon 9,Communications
Starlink-4406,USA,Commercial,Communications,LEO,Sun-Synchronous,0.0,260,2022-08-31,SpaceX,Vandenberg AFB,Falcon 9,Communications
Starlink-4407 ,USA,Commercial,Communications,LEO,Sun-Synchronous,0.0,260,2022-07-22,SpaceX,Vandenberg AFB,Falcon 9,Communications
Starlink-4408 ,USA,Commercial,Communications,LEO,Sun-Synchronous,0.0,260,2022-07-22,SpaceX,Vandenberg AFB,Falcon 9,Communications
Starlink-4409 ,USA,Commercial,Communications,LEO,Sun-Synchronous,0.0,260,2022-07-22,SpaceX,Vandenberg AFB,Falcon 9,Communications
Starlink-4410 ,USA,Commercial,Communications,LEO,Sun-Synchronous,0.0,260,2022-07-22,SpaceX,Vandenberg AFB,Falcon 9,Communications
Starlink-4411 ,USA,Commercial,Communications,LEO,Sun-Synchronous,0.0,260,2022-07-22,SpaceX,Vandenberg AFB,Falcon 9,Communications
Starlink-4412,USA,Commercial,Communications,LEO,Non-Polar Inclined,0.0,260,2022-08-12,SpaceX,Vandenberg AFB,Falcon 9,Communications
Starlink-4413 ,USA,Commercial,Communications,LEO,Sun-Synchronous,0.0,260,2022-07-22,SpaceX,Vandenberg AFB,Falcon 9,Communications
Starlink-4414 ,USA,Commercial,Communications,LEO,Sun-Synchronous,0.0,260,2022-07-22,SpaceX,Vandenberg AFB,Falcon 9,Communications
Starlink-4415,USA,Commercial,Communications,LEO,Non-Polar Inclined,0.0,260,2022-08-12,SpaceX,Vandenberg AFB,Falcon 9,Communications
Starlink-4416 ,USA,Commercial,Communications,LEO,Sun-Synchronous,0.0,260,2022-07-22,SpaceX,Vandenberg AFB,Falcon 9,Communications
Starlink-4417 ,USA,Commercial,Communications,LEO,Sun-Synchronous,0.0,260,2022-07-22,SpaceX,Vandenberg AFB,Falcon 9,Communications
Starlink-4418,USA,Commercial,Communications,LEO,Sun-Synchronous,0.0,260,2022-08-31,SpaceX,Vandenberg AFB,Falcon 9,Communications
Starlink-4419 ,USA,Commercial,Communications,LEO,Sun-Synchronous,0.0,260,2022-07-22,SpaceX,Vandenberg AFB,Falcon 9,Communications
Starlink-4420,USA,Commercial,Communications,LEO,Sun-Synchronous,0.0,260,2022-08-31,SpaceX,Vandenberg AFB,Falcon 9,Communications
Starlink-4421,USA,Commercial,Communications,LEO,Non-Polar Inclined,0.0,260,2022-08-12,SpaceX,Vandenberg AFB,Falcon 9,Communications
Starlink-4422,USA,Commercial,Communications,LEO,Non-Polar Inclined,0.0,260,2022-08-28,SpaceX,Cape Canaveral,Falcon 9,Communications
Starlink-4423 ,USA,Commercial,Communications,LEO,Sun-Synchronous,0.0,260,2022-07-22,SpaceX,Vandenberg AFB,Falcon 9,Communications
Starlink-4424,USA,Commercial,Communications,LEO,Sun-Synchronous,0.0,260,2022-08-31,SpaceX,Vandenberg AFB,Falcon 9,Communications
Starlink-4425 ,USA,Commercial,Communications,LEO,Sun-Synchronous,0.0,260,2022-07-22,SpaceX,Vandenberg AFB,Falcon 9,Communications
Starlink-4426,USA,Commercial,Communications,LEO,Non-Polar Inclined,0.0,260,2022-08-12,SpaceX,Vandenberg AFB,Falcon 9,Communications
Starlink-4427 ,USA,Commercial,Communications,LEO,Sun-Synchronous,0.0,260,2022-07-22,SpaceX,Vandenberg AFB,Falcon 9,Communications
Starlink-4428,USA,Commercial,Communications,LEO,Sun-Synchronous,0.0,260,2022-08-31,SpaceX,Vandenberg AFB,Falcon 9,Communications
Starlink-4429,USA,Commercial,Communications,LEO,Non-Polar Inclined,0.0,260,2022-08-12,SpaceX,Vandenberg AFB,Falcon 9,Communications
Starlink-4430,USA,Commercial,Communications,LEO,Non-Polar Inclined,0.0,260,2022-08-12,SpaceX,Vandenberg AFB,Falcon 9,Communications
Starlink-4431,USA,Commercial,Communications,LEO,Non-Polar Inclined,0.0,260,2022-08-12,SpaceX,Vandenberg AFB,Falcon 9,Communications
Starlink-4432,USA,Commercial,Communications,LEO,Non-Polar Inclined,0.0,260,2022-08-12,SpaceX,Vandenberg AFB,Falcon 9,Communications
Starlink-4433,USA,Commercial,Communications,LEO,Non-Polar Inclined,0.0,260,2022-08-12,SpaceX,Vandenberg AFB,Falcon 9,Communications
Starlink-4434,USA,Commercial,Communications,LEO,Non-Polar Inclined,0.0,260,2022-08-12,SpaceX,Vandenberg AFB,Falcon 9,Communications
Starlink-4435,USA,Commercial,Communications,LEO,Non-Polar Inclined,0.0,260,2022-08-12,SpaceX,Vandenberg AFB,Falcon 9,Communications
Starlink-4436,USA,Commercial,Communications,LEO,Non-Polar Inclined,0.0,260,2022-08-12,SpaceX,Vandenberg AFB,Falcon 9,Communications
Starlink-4437,USA,Commercial,Communications,LEO,Non-Polar Inclined,0.0,260,2022-08-12,SpaceX,Vandenberg AFB,Falcon 9,Communications
Starlink-4438,USA,Commercial,Communications,LEO,Sun-Synchronous,0.0,260,2022-08-31,SpaceX,Vandenberg AFB,Falcon 9,Communications
Starlink-4439,USA,Commercial,Communications,LEO,Non-Polar Inclined,0.0,260,2022-08-12,SpaceX,Vandenberg AFB,Falcon 9,Communications
Starlink-4440,USA,Commercial,Communications,LEO,Sun-Synchronous,0.0,260,2022-08-31,SpaceX,Vandenberg AFB,Falcon 9,Communications
Starlink-4441,USA,Commercial,Communications,LEO,Non-Polar Inclined,0.0,260,2022-08-12,SpaceX,Vandenberg AFB,Falcon 9,Communications
Starlink-4442,USA,Commercial,Communications,LEO,Non-Polar Inclined,0.0,260,2022-08-12,SpaceX,Vandenberg AFB,Falcon 9,Communications
Starlink-4443,USA,Commercial,Communications,LEO,Non-Polar Inclined,0.0,260,2022-08-12,SpaceX,Vandenberg AFB,Falcon 9,Communications
Starlink-4444,USA,Commercial,Communications,LEO,Non-Polar Inclined,0.0,260,2022-08-12,SpaceX,Vandenberg AFB,Falcon 9,Communications
Starlink-4445,USA,Commercial,Communications,LEO,Non-Polar Inclined,0.0,260,2022-08-12,SpaceX,Vandenberg AFB,Falcon 9,Communications
Starlink-4446,USA,Commercial,Communications,LEO,Non-Polar Inclined,0.0,260,2022-08-12,SpaceX,Vandenberg AFB,Falcon 9,Communications
Starlink-4447,USA,Commercial,Communications,LEO,Non-Polar Inclined,0.0,260,2022-08-12,SpaceX,Vandenberg AFB,Falcon 9,Communications
Starlink-4448,USA,Commercial,Communications,LEO,Non-Polar Inclined,0.0,260,2022-08-12,SpaceX,Vandenberg AFB,Falcon 9,Communications
Starlink-4449,USA,Commercial,Communications,LEO,Sun-Synchronous,0.0,260,2022-08-31,SpaceX,Vandenberg AFB,Falcon 9,Communications
Starlink-4450,USA,Commercial,Communications,LEO,Non-Polar Inclined,0.0,260,2022-08-12,SpaceX,Vandenberg AFB,Falcon 9,Communications
Starlink-4451,USA,Commercial,Communications,LEO,Non-Polar Inclined,0.0,260,2022-08-12,SpaceX,Vandenberg AFB,Falcon 9,Communications
Starlink-4452,USA,Commercial,Communications,LEO,Sun-Synchronous,0.0,260,2022-08-31,SpaceX,Vandenberg AFB,Falcon 9,Communications
Starlink-4453,USA,Commercial,Communications,LEO,Non-Polar Inclined,0.0,260,2022-08-12,SpaceX,Vandenberg AFB,Falcon 9,Communications
Starlink-4454,USA,Commercial,Communications,LEO,Non-Polar Inclined,0.0,260,2022-08-12,SpaceX,Vandenberg AFB,Falcon 9,Communications
Starlink-4455,USA,Commercial,Communications,LEO,Non-Polar Inclined,0.0,260,2022-08-12,SpaceX,Vandenberg AFB,Falcon 9,Communications
Starlink-4456,USA,Commercial,Communications,LEO,Sun-Synchronous,0.0,260,2022-08-31,SpaceX,Vandenberg AFB,Falcon 9,Communications
Starlink-4457,USA,Commercial,Communications,LEO,Sun-Synchronous,0.0,260,2022-08-31,SpaceX,Vandenberg AFB,Falcon 9,Communications
Starlink-4458,USA,Commercial,Communications,LEO,Sun-Synchronous,0.0,260,2022-08-31,SpaceX,Vandenberg AFB,Falcon 9,Communications
Starlink-4459,USA,Commercial,Communications,LEO,Sun-Synchronous,0.0,260,2022-08-31,SpaceX,Vandenberg AFB,Falcon 9,Communications
Starlink-4461,USA,Commercial,Communications,LEO,Non-Polar Inclined,0.0,260,2022-08-12,SpaceX,Vandenberg AFB,Falcon 9,Communications
Starlink-4462 ,USA,Commercial,Communications,LEO,Non-Polar Inclined,0.0,260,2022-09-11,SpaceX,Cape Canaveral,Falcon 9,Communications
Starlink-4463,USA,Commercial,Communications,LEO,Sun-Synchronous,0.0,260,2022-08-31,SpaceX,Vandenberg AFB,Falcon 9,Communications
Starlink-4464,USA,Commercial,Communications,LEO,Sun-Synchronous,0.0,260,2022-08-31,SpaceX,Vandenberg AFB,Falcon 9,Communications
Starlink-4465,USA,Commercial,Communications,LEO,Non-Polar Inclined,0.0,260,2022-08-12,SpaceX,Vandenberg AFB,Falcon 9,Communications
Starlink-4466,USA,Commercial,Communications,LEO,Sun-Synchronous,0.0,260,2022-08-31,SpaceX,Vandenberg AFB,Falcon 9,Communications
Starlink-4467,USA,Commercial,Communications,LEO,Sun-Synchronous,0.0,260,2022-08-31,SpaceX,Vandenberg AFB,Falcon 9,Communications
Starlink-4468 ,USA,Commercial,Communications,LEO,Non-Polar Inclined,0.0,260,2022-10-04,SpaceX,Vandenberg AFB,Falcon 9,Communications
Starlink-4469,USA,Commercial,Communications,LEO,Sun-Synchronous,0.0,260,2022-08-31,SpaceX,Vandenberg AFB,Falcon 9,Communications
Starlink-4470,USA,Commercial,Communications,LEO,Sun-Synchronous,0.0,260,2022-08-31,SpaceX,Vandenberg AFB,Falcon 9,Communications
Starlink-4471,USA,Commercial,Communications,LEO,Sun-Synchronous,0.0,260,2022-08-31,SpaceX,Vandenberg AFB,Falcon 9,Communications
Starlink-4472,USA,Commercial,Communications,LEO,Sun-Synchronous,0.0,260,2022-08-31,SpaceX,Vandenberg AFB,Falcon 9,Communications
Starlink-4473,USA,Commercial,Communications,LEO,Sun-Synchronous,0.0,260,2022-08-31,SpaceX,Vandenberg AFB,Falcon 9,Communications
Starlink-4474,USA,Commercial,Communications,LEO,Non-Polar Inclined,0.0,260,2022-08-19,SpaceX,Cape Canaveral,Falcon 9,Communications
Starlink-4475,USA,Commercial,Communications,LEO,Non-Polar Inclined,0.0,260,2022-08-19,SpaceX,Cape Canaveral,Falcon 9,Communications
Starlink-4476 ,USA,Commercial,Communications,LEO,Non-Polar Inclined,0.0,260,2022-08-10,SpaceX,Cape Canaveral,Falcon 9,Communications
Starlink-4477,USA,Commercial,Communications,LEO,Non-Polar Inclined,0.0,260,2022-08-19,SpaceX,Cape Canaveral,Falcon 9,Communications
Starlink-4478,USA,Commercial,Communications,LEO,Non-Polar Inclined,0.0,260,2022-08-19,SpaceX,Cape Canaveral,Falcon 9,Communications
Starlink-4479 ,USA,Commercial,Communications,LEO,Non-Polar Inclined,0.0,260,2022-08-10,SpaceX,Cape Canaveral,Falcon 9,Communications
Starlink-4480 ,USA,Commercial,Communications,LEO,Non-Polar Inclined,0.0,260,2022-08-10,SpaceX,Cape Canaveral,Falcon 9,Communications
Starlink-4481 ,USA,Commercial,Communications,LEO,Non-Polar Inclined,0.0,260,2022-08-10,SpaceX,Cape Canaveral,Falcon 9,Communications
Starlink-4482,USA,Commercial,Communications,LEO,Non-Polar Inclined,0.0,260,2022-08-19,SpaceX,Cape Canaveral,Falcon 9,Communications
Starlink-4483,USA,Commercial,Communications,LEO,Non-Polar Inclined,0.0,260,2022-08-19,SpaceX,Cape Canaveral,Falcon 9,Communications
Starlink-4484 ,USA,Commercial,Communications,LEO,Non-Polar Inclined,0.0,260,2022-08-10,SpaceX,Cape Canaveral,Falcon 9,Communications
Starlink-4485,USA,Commercial,Communications,LEO,Non-Polar Inclined,0.0,260,2022-08-19,SpaceX,Cape Canaveral,Falcon 9,Communications
Starlink-4486,USA,Commercial,Communications,LEO,Non-Polar Inclined,0.0,260,2022-08-19,SpaceX,Cape Canaveral,Falcon 9,Communications
Starlink-4487,USA,Commercial,Communications,LEO,Non-Polar Inclined,0.0,260,2022-08-19,SpaceX,Cape Canaveral,Falcon 9,Communications
Starlink-4488,USA,Commercial,Communications,LEO,Non-Polar Inclined,0.0,260,2022-08-19,SpaceX,Cape Canaveral,Falcon 9,Communications
Starlink-4489,USA,Commercial,Communications,LEO,Non-Polar Inclined,0.0,260,2022-08-19,SpaceX,Cape Canaveral,Falcon 9,Communications
Starlink-4490 ,USA,Commercial,Communications,LEO,Non-Polar Inclined,0.0,260,2022-08-10,SpaceX,Cape Canaveral,Falcon 9,Communications
Starlink-4491 ,USA,Commercial,Communications,LEO,Non-Polar Inclined,0.0,260,2022-08-10,SpaceX,Cape Canaveral,Falcon 9,Communications
Starlink-4492 ,USA,Commercial,Communications,LEO,Non-Polar Inclined,0.0,260,2022-08-10,SpaceX,Cape Canaveral,Falcon 9,Communications
Starlink-4493,USA,Commercial,Communications,LEO,Non-Polar Inclined,0.0,260,2022-08-19,SpaceX,Cape Canaveral,Falcon 9,Communications
Starlink-4494,USA,Commercial,Communications,LEO,Non-Polar Inclined,0.0,260,2022-08-19,SpaceX,Cape Canaveral,Falcon 9,Communications
Starlink-4495,USA,Commercial,Communications,LEO,Non-Polar Inclined,0.0,260,2022-08-19,SpaceX,Cape Canaveral,Falcon 9,Communications
Starlink-4496 ,USA,Commercial,Communications,LEO,Non-Polar Inclined,0.0,260,2022-08-10,SpaceX,Cape Canaveral,Falcon 9,Communications
Starlink-4497 ,USA,Commercial,Communications,LEO,Non-Polar Inclined,0.0,260,2022-08-10,SpaceX,Cape Canaveral,Falcon 9,Communications
Starlink-4498 ,USA,Commercial,Communications,LEO,Non-Polar Inclined,0.0,260,2022-08-10,SpaceX,Cape Canaveral,Falcon 9,Communications
Starlink-4499 ,USA,Commercial,Communications,LEO,Non-Polar Inclined,0.0,260,2022-08-10,SpaceX,Cape Canaveral,Falcon 9,Communications
Starlink-4500 ,USA,Commercial,Communications,LEO,Non-Polar Inclined,0.0,260,2022-08-10,SpaceX,Cape Canaveral,Falcon 9,Communications
Starlink-4501,USA,Commercial,Communications,LEO,Non-Polar Inclined,0.0,260,2022-08-19,SpaceX,Cape Canaveral,Falcon 9,Communications
Starlink-4502,USA,Commercial,Communications,LEO,Non-Polar Inclined,0.0,260,2022-08-19,SpaceX,Cape Canaveral,Falcon 9,Communications
Starlink-4503,USA,Commercial,Communications,LEO,Non-Polar Inclined,0.0,260,2022-08-19,SpaceX,Cape Canaveral,Falcon 9,Communications
Starlink-4504,USA,Commercial,Communications,LEO,Non-Polar Inclined,0.0,260,2022-08-19,SpaceX,Cape Canaveral,Falcon 9,Communications
Starlink-4505,USA,Commercial,Communications,LEO,Non-Polar Inclined,0.0,260,2022-08-19,SpaceX,Cape Canaveral,Falcon 9,Communications
Starlink-4506,USA,Commercial,Communications,LEO,Non-Polar Inclined,0.0,260,2022-08-19,SpaceX,Cape Canaveral,Falcon 9,Communications
Starlink-4507 ,USA,Commercial,Communications,LEO,Non-Polar Inclined,0.0,260,2022-08-10,SpaceX,Cape Canaveral,Falcon 9,Communications
Starlink-4508,USA,Commercial,Communications,LEO,Non-Polar Inclined,0.0,260,2022-08-19,SpaceX,Cape Canaveral,Falcon 9,Communications
Starlink-4509 ,USA,Commercial,Communications,LEO,Non-Polar Inclined,0.0,260,2022-08-10,SpaceX,Cape Canaveral,Falcon 9,Communications
Starlink-4510 ,USA,Commercial,Communications,LEO,Non-Polar Inclined,0.0,260,2022-08-10,SpaceX,Cape Canaveral,Falcon 9,Communications
Starlink-4511,USA,Commercial,Communications,LEO,Non-Polar Inclined,0.0,260,2022-08-19,SpaceX,Cape Canaveral,Falcon 9,Communications
Starlink-4512 ,USA,Commercial,Communications,LEO,Non-Polar Inclined,0.0,260,2022-08-10,SpaceX,Cape Canaveral,Falcon 9,Communications
Starlink-4513,USA,Commercial,Communications,LEO,Non-Polar Inclined,0.0,260,2022-08-19,SpaceX,Cape Canaveral,Falcon 9,Communications
Starlink-4514,USA,Commercial,Communications,LEO,Non-Polar Inclined,0.0,260,2022-08-19,SpaceX,Cape Canaveral,Falcon 9,Communications
Starlink-4515 ,USA,Commercial,Communications,LEO,Non-Polar Inclined,0.0,260,2022-08-10,SpaceX,Cape Canaveral,Falcon 9,Communications
Starlink-4516,USA,Commercial,Communications,LEO,Non-Polar Inclined,0.0,260,2022-08-19,SpaceX,Cape Canaveral,Falcon 9,Communications
Starlink-4517 ,USA,Commercial,Communications,LEO,Non-Polar Inclined,0.0,260,2022-08-10,SpaceX,Cape Canaveral,Falcon 9,Communications
Starlink-4518,USA,Commercial,Communications,LEO,Non-Polar Inclined,0.0,260,2022-08-19,SpaceX,Cape Canaveral,Falcon 9,Communications
Starlink-4519 ,USA,Commercial,Communications,LEO,Non-Polar Inclined,0.0,260,2022-08-10,SpaceX,Cape Canaveral,Falcon 9,Communications
Starlink-4520 ,USA,Commercial,Communications,LEO,Non-Polar Inclined,0.0,260,2022-08-10,SpaceX,Cape Canaveral,Falcon 9,Communications
Starlink-4521 ,USA,Commercial,Communications,LEO,Non-Polar Inclined,0.0,260,2022-08-10,SpaceX,Cape Canaveral,Falcon 9,Communications
Starlink-4522 ,USA,Commercial,Communications,LEO,Non-Polar Inclined,0.0,260,2022-08-10,SpaceX,Cape Canaveral,Falcon 9,Communications
Starlink-4523 ,USA,Commercial,Communications,LEO,Non-Polar Inclined,0.0,260,2022-08-10,SpaceX,Cape Canaveral,Falcon 9,Communications
Starlink-4524 ,USA,Commercial,Communications,LEO,Non-Polar Inclined,0.0,260,2022-08-10,SpaceX,Cape Canaveral,Falcon 9,Communications
Starlink-4525 ,USA,Commercial,Communications,LEO,Non-Polar Inclined,0.0,260,2022-08-10,SpaceX,Cape Canaveral,Falcon 9,Communications
Starlink-4526 ,USA,Commercial,Communications,LEO,Non-Polar Inclined,0.0,260,2022-08-10,SpaceX,Cape Canaveral,Falcon 9,Communications
Starlink-4527 ,USA,Commercial,Communications,LEO,Non-Polar Inclined,0.0,260,2022-08-10,SpaceX,Cape Canaveral,Falcon 9,Communications
Starlink-4528 ,USA,Commercial,Communications,LEO,Non-Polar Inclined,0.0,260,2022-08-10,SpaceX,Cape Canaveral,Falcon 9,Communications
Starlink-4529 ,USA,Commercial,Communications,LEO,Non-Polar Inclined,0.0,260,2022-08-10,SpaceX,Cape Canaveral,Falcon 9,Communications
Starlink-4530 ,USA,Commercial,Communications,LEO,Non-Polar Inclined,0.0,260,2022-08-10,SpaceX,Cape Canaveral,Falcon 9,Communications
Starlink-4531 ,USA,Commercial,Communications,LEO,Non-Polar Inclined,0.0,260,2022-08-10,SpaceX,Cape Canaveral,Falcon 9,Communications
Starlink-4532 ,USA,Commercial,Communications,LEO,Non-Polar Inclined,0.0,260,2022-08-10,SpaceX,Cape Canaveral,Falcon 9,Communications
Starlink-4533 ,USA,Commercial,Communications,LEO,Non-Polar Inclined,0.0,260,2022-08-10,SpaceX,Cape Canaveral,Falcon 9,Communications
Starlink-4534 ,USA,Commercial,Communications,LEO,Non-Polar Inclined,0.0,260,2022-08-10,SpaceX,Cape Canaveral,Falcon 9,Communications
Starlink-4535 ,USA,Commercial,Communications,LEO,Non-Polar Inclined,0.0,260,2022-08-10,SpaceX,Cape Canaveral,Falcon 9,Communications
Starlink-4536 ,USA,Commercial,Communications,LEO,Non-Polar Inclined,0.0,260,2022-09-11,SpaceX,Cape Canaveral,Falcon 9,Communications
Starlink-4537 ,USA,Commercial,Communications,LEO,Non-Polar Inclined,0.0,260,2022-08-10,SpaceX,Cape Canaveral,Falcon 9,Communications
Starlink-4538 ,USA,Commercial,Communications,LEO,Non-Polar Inclined,0.0,260,2022-08-10,SpaceX,Cape Canaveral,Falcon 9,Communications
Starlink-4539 ,USA,Commercial,Communications,LEO,Non-Polar Inclined,0.0,260,2022-08-10,SpaceX,Cape Canaveral,Falcon 9,Communications
Starlink-4540 ,USA,Commercial,Communications,LEO,Non-Polar Inclined,0.0,260,2022-08-10,SpaceX,Cape Canaveral,Falcon 9,Communications
Starlink-4541 ,USA,Commercial,Communications,LEO,Non-Polar Inclined,0.0,260,2022-08-10,SpaceX,Cape Canaveral,Falcon 9,Communications
Starlink-4542 ,USA,Commercial,Communications,LEO,Non-Polar Inclined,0.0,260,2022-08-10,SpaceX,Cape Canaveral,Falcon 9,Communications
Starlink-4543 ,USA,Commercial,Communications,LEO,Non-Polar Inclined,0.0,260,2022-08-10,SpaceX,Cape Canaveral,Falcon 9,Communications
Starlink-4544 ,USA,Commercial,Communications,LEO,Non-Polar Inclined,0.0,260,2022-08-10,SpaceX,Cape Canaveral,Falcon 9,Communications
Starlink-4545 ,USA,Commercial,Communications,LEO,Non-Polar Inclined,0.0,260,2022-08-10,SpaceX,Cape Canaveral,Falcon 9,Communications
Starlink-4546 ,USA,Commercial,Communications,LEO,Non-Polar Inclined,0.0,260,2022-08-10,SpaceX,Cape Canaveral,Falcon 9,Communications
Starlink-4547,USA,Commercial,Communications,LEO,Non-Polar Inclined,0.0,260,2022-08-19,SpaceX,Cape Canaveral,Falcon 9,Communications
Starlink-4548 ,USA,Commercial,Communications,LEO,Non-Polar Inclined,0.0,260,2022-08-10,SpaceX,Cape Canaveral,Falcon 9,Communications
Starlink-4549 ,USA,Commercial,Communications,LEO,Non-Polar Inclined,0.0,260,2022-08-10,SpaceX,Cape Canaveral,Falcon 9,Communications
Starlink-4550,USA,Commercial,Communications,LEO,Non-Polar Inclined,0.0,260,2022-08-19,SpaceX,Cape Canaveral,Falcon 9,Communications
Starlink-4551,USA,Commercial,Communications,LEO,Non-Polar Inclined,0.0,260,2022-08-19,SpaceX,Cape Canaveral,Falcon 9,Communications
Starlink-4552 ,USA,Commercial,Communications,LEO,Non-Polar Inclined,0.0,260,2022-08-10,SpaceX,Cape Canaveral,Falcon 9,Communications
Starlink-4553,USA,Commercial,Communications,LEO,Non-Polar Inclined,0.0,260,2022-08-19,SpaceX,Cape Canaveral,Falcon 9,Communications
Starlink-4554,USA,Commercial,Communications,LEO,Non-Polar Inclined,0.0,260,2022-08-28,SpaceX,Cape Canaveral,Falcon 9,Communications
Starlink-4555,USA,Commercial,Communications,LEO,Non-Polar Inclined,0.0,260,2022-08-19,SpaceX,Cape Canaveral,Falcon 9,Communications
Starlink-4556,USA,Commercial,Communications,LEO,Non-Polar Inclined,0.0,260,2022-08-19,SpaceX,Cape Canaveral,Falcon 9,Communications
Starlink-4557 ,USA,Commercial,Communications,LEO,Non-Polar Inclined,0.0,260,2022-08-10,SpaceX,Cape Canaveral,Falcon 9,Communications
Starlink-4558 ,USA,Commercial,Communications,LEO,Non-Polar Inclined,0.0,260,2022-08-10,SpaceX,Cape Canaveral,Falcon 9,Communications
Starlink-4559,USA,Commercial,Communications,LEO,Non-Polar Inclined,0.0,260,2022-08-19,SpaceX,Cape Canaveral,Falcon 9,Communications
Starlink-4560,USA,Commercial,Communications,LEO,Sun-Synchronous,0.0,260,2022-08-31,SpaceX,Vandenberg AFB,Falcon 9,Communications
Starlink-4561,USA,Commercial,Communications,LEO,Non-Polar Inclined,0.0,260,2022-08-19,SpaceX,Cape Canaveral,Falcon 9,Communications
Starlink-4562,USA,Commercial,Communications,LEO,Sun-Synchronous,0.0,260,2022-08-31,SpaceX,Vandenberg AFB,Falcon 9,Communications
Starlink-4564,USA,Commercial,Communications,LEO,Non-Polar Inclined,0.0,260,2022-08-19,SpaceX,Cape Canaveral,Falcon 9,Communications
Starlink-4565,USA,Commercial,Communications,LEO,Non-Polar Inclined,0.0,260,2022-08-19,SpaceX,Cape Canaveral,Falcon 9,Communications
Starlink-4566,USA,Commercial,Communications,LEO,Sun-Synchronous,0.0,260,2022-08-31,SpaceX,Vandenberg AFB,Falcon 9,Communications
Starlink-4567 ,USA,Commercial,Communications,LEO,Non-Polar Inclined,0.0,260,2022-10-04,SpaceX,Vandenberg AFB,Falcon 9,Communications
Starlink-4568,USA,Commercial,Communications,LEO,Non-Polar Inclined,0.0,260,2022-08-28,SpaceX,Cape Canaveral,Falcon 9,Communications
Starlink-4569,USA,Commercial,Communications,LEO,Sun-Synchronous,0.0,260,2022-08-31,SpaceX,Vandenberg AFB,Falcon 9,Communications
Starlink-4571,USA,Commercial,Communications,LEO,Sun-Synchronous,0.0,260,2022-08-31,SpaceX,Vandenberg AFB,Falcon 9,Communications
Starlink-4572,USA,Commercial,Communications,LEO,Sun-Synchronous,0.0,260,2022-08-31,SpaceX,Vandenberg AFB,Falcon 9,Communications
Starlink-4573,USA,Commercial,Communications,LEO,Non-Polar Inclined,0.0,260,2022-08-28,SpaceX,Cape Canaveral,Falcon 9,Communications
Starlink-4574 ,USA,Commercial,Communications,LEO,Non-Polar Inclined,0.0,260,2022-09-05,SpaceX,Cape Canaveral,Falcon 9,Communications
Starlink-4575,USA,Commercial,Communications,LEO,Non-Polar Inclined,0.0,260,2022-08-19,SpaceX,Cape Canaveral,Falcon 9,Communications
Starlink-4576,USA,Commercial,Communications,LEO,Non-Polar Inclined,0.0,260,2022-08-19,SpaceX,Cape Canaveral,Falcon 9,Communications
Starlink-4577,USA,Commercial,Communications,LEO,Non-Polar Inclined,0.0,260,2022-08-19,SpaceX,Cape Canaveral,Falcon 9,Communications
Starlink-4578 ,USA,Commercial,Communications,LEO,Non-Polar Inclined,0.0,260,2022-10-04,SpaceX,Vandenberg AFB,Falcon 9,Communications
Starlink-4579,USA,Commercial,Communications,LEO,Sun-Synchronous,0.0,260,2022-08-31,SpaceX,Vandenberg AFB,Falcon 9,Communications
Starlink-4580,USA,Commercial,Communications,LEO,Non-Polar Inclined,0.0,260,2022-08-19,SpaceX,Cape Canaveral,Falcon 9,Communications
Starlink-4581,USA,Commercial,Communications,LEO,Non-Polar Inclined,0.0,260,2022-08-19,SpaceX,Cape Canaveral,Falcon 9,Communications
Starlink-4582,USA,Commercial,Communications,LEO,Non-Polar Inclined,0.0,260,2022-08-19,SpaceX,Cape Canaveral,Falcon 9,Communications
Starlink-4583,USA,Commercial,Communications,LEO,Non-Polar Inclined,0.0,260,2022-08-19,SpaceX,Cape Canaveral,Falcon 9,Communications
Starlink-4584,USA,Commercial,Communications,LEO,Non-Polar Inclined,0.0,260,2022-08-19,SpaceX,Cape Canaveral,Falcon 9,Communications
Starlink-4585,USA,Commercial,Communications,LEO,Non-Polar Inclined,0.0,260,2022-08-19,SpaceX,Cape Canaveral,Falcon 9,Communications
Starlink-4586,USA,Commercial,Communications,LEO,Non-Polar Inclined,0.0,260,2022-08-28,SpaceX,Cape Canaveral,Falcon 9,Communications
Starlink-4587,USA,Commercial,Communications,LEO,Non-Polar Inclined,0.0,260,2022-08-28,SpaceX,Cape Canaveral,Falcon 9,Communications
Starlink-4588,USA,Commercial,Communications,LEO,Non-Polar Inclined,0.0,260,2022-08-28,SpaceX,Cape Canaveral,Falcon 9,Communications
Starlink-4589 ,USA,Commercial,Communications,LEO,Non-Polar Inclined,0.0,260,2022-09-05,SpaceX,Cape Canaveral,Falcon 9,Communications
Starlink-4590,USA,Commercial,Communications,LEO,Non-Polar Inclined,0.0,260,2022-08-28,SpaceX,Cape Canaveral,Falcon 9,Communications
Starlink-4591,USA,Commercial,Communications,LEO,Non-Polar Inclined,0.0,260,2022-08-28,SpaceX,Cape Canaveral,Falcon 9,Communications
Starlink-4592,USA,Commercial,Communications,LEO,Non-Polar Inclined,0.0,260,2022-08-28,SpaceX,Cape Canaveral,Falcon 9,Communications
Starlink-4593,USA,Commercial,Communications,LEO,Non-Polar Inclined,0.0,260,2022-08-28,SpaceX,Cape Canaveral,Falcon 9,Communications
Starlink-4594,USA,Commercial,Communications,LEO,Non-Polar Inclined,0.0,260,2022-08-28,SpaceX,Cape Canaveral,Falcon 9,Communications
Starlink-4595,USA,Commercial,Communications,LEO,Non-Polar Inclined,0.0,260,2022-08-28,SpaceX,Cape Canaveral,Falcon 9,Communications
Starlink-4596,USA,Commercial,Communications,LEO,Non-Polar Inclined,0.0,260,2022-08-28,SpaceX,Cape Canaveral,Falcon 9,Communications
Starlink-4597,USA,Commercial,Communications,LEO,Non-Polar Inclined,0.0,260,2022-08-28,SpaceX,Cape Canaveral,Falcon 9,Communications
Starlink-4598,USA,Commercial,Communications,LEO,Non-Polar Inclined,0.0,260,2022-08-28,SpaceX,Cape Canaveral,Falcon 9,Communications
Starlink-4599,USA,Commercial,Communications,LEO,Non-Polar Inclined,0.0,260,2022-08-28,SpaceX,Cape Canaveral,Falcon 9,Communications
Starlink-4600,USA,Commercial,Communications,LEO,Non-Polar Inclined,0.0,260,2022-08-28,SpaceX,Cape Canaveral,Falcon 9,Communications
Starlink-4601,USA,Commercial,Communications,LEO,Non-Polar Inclined,0.0,260,2022-08-28,SpaceX,Cape Canaveral,Falcon 9,Communications
Starlink-4602,USA,Commercial,Communications,LEO,Non-Polar Inclined,0.0,260,2022-08-28,SpaceX,Cape Canaveral,Falcon 9,Communications
Starlink-4603,USA,Commercial,Communications,LEO,Non-Polar Inclined,0.0,260,2022-08-28,SpaceX,Cape Canaveral,Falcon 9,Communications
Starlink-4604,USA,Commercial,Communications,LEO,Non-Polar Inclined,0.0,260,2022-08-28,SpaceX,Cape Canaveral,Falcon 9,Communications
Starlink-4605,USA,Commercial,Communications,LEO,Non-Polar Inclined,0.0,260,2022-08-28,SpaceX,Cape Canaveral,Falcon 9,Communications
Starlink-4606,USA,Commercial,Communications,LEO,Non-Polar Inclined,0.0,260,2022-08-28,SpaceX,Cape Canaveral,Falcon 9,Communications
Starlink-4607 ,USA,Commercial,Communications,LEO,Non-Polar Inclined,0.0,260,2022-09-05,SpaceX,Cape Canaveral,Falcon 9,Communications
Starlink-4608,USA,Commercial,Communications,LEO,Non-Polar Inclined,0.0,260,2022-08-28,SpaceX,Cape Canaveral,Falcon 9,Communications
Starlink-4609,USA,Commercial,Communications,LEO,Non-Polar Inclined,0.0,260,2022-08-28,SpaceX,Cape Canaveral,Falcon 9,Communications
Starlink-4610,USA,Commercial,Communications,LEO,Non-Polar Inclined,0.0,260,2022-08-28,SpaceX,Cape Canaveral,Falcon 9,Communications
Starlink-4612 ,USA,Commercial,Communications,LEO,Non-Polar Inclined,0.0,260,2022-09-05,SpaceX,Cape Canaveral,Falcon 9,Communications
Starlink-4614 ,USA,Commercial,Communications,LEO,Non-Polar Inclined,0.0,260,2022-09-05,SpaceX,Cape Canaveral,Falcon 9,Communications
Starlink-4615,USA,Commercial,Communications,LEO,Non-Polar Inclined,0.0,260,2022-08-28,SpaceX,Cape Canaveral,Falcon 9,Communications
Starlink-4616 ,USA,Commercial,Communications,LEO,Non-Polar Inclined,0.0,260,2022-09-05,SpaceX,Cape Canaveral,Falcon 9,Communications
Starlink-4617,USA,Commercial,Communications,LEO,Sun-Synchronous,0.0,260,2022-08-31,SpaceX,Vandenberg AFB,Falcon 9,Communications
Starlink-4618 ,USA,Commercial,Communications,LEO,Non-Polar Inclined,0.0,260,2022-09-05,SpaceX,Cape Canaveral,Falcon 9,Communications
Starlink-4619 ,USA,Commercial,Communications,LEO,Non-Polar Inclined,0.0,260,2022-10-28,SpaceX,Vandenberg AFB,Falcon 9,Communications
Starlink-4620,USA,Commercial,Communications,LEO,Sun-Synchronous,0.0,260,2022-08-31,SpaceX,Vandenberg AFB,Falcon 9,Communications
Starlink-4621,USA,Commercial,Communications,LEO,Sun-Synchronous,0.0,260,2022-08-31,SpaceX,Vandenberg AFB,Falcon 9,Communications
Starlink-4622,USA,Commercial,Communications,LEO,Sun-Synchronous,0.0,260,2022-08-31,SpaceX,Vandenberg AFB,Falcon 9,Communications
Starlink-4623                ,USA,Commercial,Communications,LEO,Polar,0.0,290,2023-01-19,SpaceX,Vandenberg AFB,Falcon 9,Communications
Starlink-4624,USA,Commercial,Communications,LEO,Sun-Synchronous,0.0,260,2022-08-31,SpaceX,Vandenberg AFB,Falcon 9,Communications
Starlink-4625,USA,Commercial,Communications,LEO,Sun-Synchronous,0.0,260,2022-08-31,SpaceX,Vandenberg AFB,Falcon 9,Communications
Starlink-4626,USA,Commercial,Communications,LEO,Sun-Synchronous,0.0,260,2022-08-31,SpaceX,Vandenberg AFB,Falcon 9,Communications
Starlink-4627,USA,Commercial,Communications,LEO,Non-Polar Inclined,0.0,260,2022-09-05,SpaceX,Cape Canaveral,Falcon 9,Communications
Starlink-4629 ,USA,Commercial,Communications,LEO,Non-Polar Inclined,0.0,260,2022-10-04,SpaceX,Vandenberg AFB,Falcon 9,Communications
Starlink-4630,USA,Commercial,Communications,LEO,Sun-Synchronous,0.0,260,2022-08-31,SpaceX,Vandenberg AFB,Falcon 9,Communications
Starlink-4631 ,USA,Commercial,Communications,LEO,Non-Polar Inclined,0.0,260,2022-09-11,SpaceX,Cape Canaveral,Falcon 9,Communications
Starlink-4632,USA,Commercial,Communications,LEO,Sun-Synchronous,0.0,260,2022-08-31,SpaceX,Vandenberg AFB,Falcon 9,Communications
Starlink-4633 ,USA,Commercial,Communications,LEO,Non-Polar Inclined,0.0,260,2022-10-04,SpaceX,Vandenberg AFB,Falcon 9,Communications
Starlink-4634 ,USA,Commercial,Communications,LEO,Non-Polar Inclined,0.0,260,2022-10-04,SpaceX,Vandenberg AFB,Falcon 9,Communications
Starlink-4635 ,USA,Commercial,Communications,LEO,Non-Polar Inclined,0.0,260,2022-10-04,SpaceX,Vandenberg AFB,Falcon 9,Communications
Starlink-4636 ,USA,Commercial,Communications,LEO,Non-Polar Inclined,0.0,260,2022-09-05,SpaceX,Cape Canaveral,Falcon 9,Communications
Starlink-4637 ,USA,Commercial,Communications,LEO,Non-Polar Inclined,0.0,260,2022-09-05,SpaceX,Cape Canaveral,Falcon 9,Communications
Starlink-4639 ,USA,Commercial,Communications,LEO,Non-Polar Inclined,0.0,260,2022-10-04,SpaceX,Vandenberg AFB,Falcon 9,Communications
Starlink-4640 ,USA,Commercial,Communications,LEO,Non-Polar Inclined,0.0,260,2022-09-05,SpaceX,Cape Canaveral,Falcon 9,Communications
Starlink-4641 ,USA,Commercial,Communications,LEO,Non-Polar Inclined,0.0,260,2022-09-05,SpaceX,Cape Canaveral,Falcon 9,Communications
Starlink-4642 ,USA,Commercial,Communications,LEO,Non-Polar Inclined,0.0,260,2022-09-05,SpaceX,Cape Canaveral,Falcon 9,Communications
Starlink-4643 ,USA,Commercial,Communications,LEO,Non-Polar Inclined,0.0,260,2022-12-28,SpaceX,Cape Canaveral,Falcon 9,Communications
Starlink-4644 ,USA,Commercial,Communications,LEO,Non-Polar Inclined,0.0,260,2022-09-05,SpaceX,Cape Canaveral,Falcon 9,Communications
Starlink-4645 ,USA,Commercial,Communications,LEO,Non-Polar Inclined,0.0,260,2022-09-05,SpaceX,Cape Canaveral,Falcon 9,Communications
Starlink-4646 ,USA,Commercial,Communications,LEO,Non-Polar Inclined,0.0,260,2022-09-05,SpaceX,Cape Canaveral,Falcon 9,Communications
Starlink-4647,USA,Commercial,Communications,LEO,Non-Polar Inclined,0.0,260,2022-08-28,SpaceX,Cape Canaveral,Falcon 9,Communications
Starlink-4648,USA,Commercial,Communications,LEO,Non-Polar Inclined,0.0,260,2022-08-28,SpaceX,Cape Canaveral,Falcon 9,Communications
Starlink-4649 ,USA,Commercial,Communications,LEO,Non-Polar Inclined,0.0,260,2022-09-19,SpaceX,Cape Canaveral,Falcon 9,Communications
Starlink-4650,USA,Commercial,Communications,LEO,Non-Polar Inclined,0.0,260,2022-08-28,SpaceX,Cape Canaveral,Falcon 9,Communications
Starlink-4651 ,USA,Commercial,Communications,LEO,Non-Polar Inclined,0.0,260,2022-09-05,SpaceX,Cape Canaveral,Falcon 9,Communications
Starlink-4652 ,USA,Commercial,Communications,LEO,Non-Polar Inclined,0.0,260,2022-09-05,SpaceX,Cape Canaveral,Falcon 9,Communications
Starlink-4653,USA,Commercial,Communications,LEO,Non-Polar Inclined,0.0,260,2022-08-28,SpaceX,Cape Canaveral,Falcon 9,Communications
Starlink-4654,USA,Commercial,Communications,LEO,Non-Polar Inclined,0.0,260,2022-08-28,SpaceX,Cape Canaveral,Falcon 9,Communications
Starlink-4655,USA,Commercial,Communications,LEO,Non-Polar Inclined,0.0,260,2022-08-28,SpaceX,Cape Canaveral,Falcon 9,Communications
Starlink-4656 ,USA,Commercial,Communications,LEO,Non-Polar Inclined,0.0,260,2022-09-05,SpaceX,Cape Canaveral,Falcon 9,Communications
Starlink-4658,USA,Commercial,Communications,LEO,Non-Polar Inclined,0.0,260,2022-08-28,SpaceX,Cape Canaveral,Falcon 9,Communications
Starlink-4659 ,USA,Commercial,Communications,LEO,Non-Polar Inclined,0.0,260,2022-12-28,SpaceX,Cape Canaveral,Falcon 9,Communications
Starlink-4660,USA,Commercial,Communications,LEO,Non-Polar Inclined,0.0,260,2022-08-28,SpaceX,Cape Canaveral,Falcon 9,Communications
Starlink-4661 ,USA,Commercial,Communications,LEO,Non-Polar Inclined,0.0,260,2022-09-05,SpaceX,Cape Canaveral,Falcon 9,Communications
Starlink-4662 ,USA,Commercial,Communications,LEO,Non-Polar Inclined,0.0,260,2022-09-05,SpaceX,Cape Canaveral,Falcon 9,Communications
Starlink-4663 ,USA,Commercial,Communications,LEO,Non-Polar Inclined,0.0,260,2022-09-05,SpaceX,Cape Canaveral,Falcon 9,Communications
Starlink-4664 ,USA,Commercial,Communications,LEO,Non-Polar Inclined,0.0,260,2022-09-11,SpaceX,Cape Canaveral,Falcon 9,Communications
Starlink-4666 ,USA,Commercial,Communications,LEO,Non-Polar Inclined,0.0,260,2022-09-11,SpaceX,Cape Canaveral,Falcon 9,Communications
Starlink-4667,USA,Commercial,Communications,LEO,Non-Polar Inclined,0.0,260,2022-09-05,SpaceX,Cape Canaveral,Falcon 9,Communications
Starlink-4668,USA,Commercial,Communications,LEO,Non-Polar Inclined,0.0,260,2022-08-28,SpaceX,Cape Canaveral,Falcon 9,Communications
Starlink-4669 ,USA,Commercial,Communications,LEO,Non-Polar Inclined,0.0,260,2022-09-05,SpaceX,Cape Canaveral,Falcon 9,Communications
Starlink-4670,USA,Commercial,Communications,LEO,Sun-Synchronous,0.0,260,2022-08-31,SpaceX,Vandenberg AFB,Falcon 9,Communications
Starlink-4670 ,USA,Commercial,Communications,LEO,Non-Polar Inclined,0.0,260,2022-09-05,SpaceX,Cape Canaveral,Falcon 9,Communications
Starlink-4671,USA,Commercial,Communications,LEO,Non-Polar Inclined,0.0,260,2022-08-28,SpaceX,Cape Canaveral,Falcon 9,Communications
Starlink-4672,USA,Commercial,Communications,LEO,Non-Polar Inclined,0.0,260,2022-08-28,SpaceX,Cape Canaveral,Falcon 9,Communications
Starlink-4673,USA,Commercial,Communications,LEO,Non-Polar Inclined,0.0,260,2022-08-28,SpaceX,Cape Canaveral,Falcon 9,Communications
Starlink-4674,USA,Commercial,Communications,LEO,Non-Polar Inclined,0.0,260,2022-08-28,SpaceX,Cape Canaveral,Falcon 9,Communications
Starlink-4675,USA,Commercial,Communications,LEO,Non-Polar Inclined,0.0,260,2022-08-28,SpaceX,Cape Canaveral,Falcon 9,Communications
Starlink-4676,USA,Commercial,Communications,LEO,Non-Polar Inclined,0.0,260,2022-08-28,SpaceX,Cape Canaveral,Falcon 9,Communications
Starlink-4677,USA,Commercial,Communications,LEO,Non-Polar Inclined,0.0,260,2022-08-28,SpaceX,Cape Canaveral,Falcon 9,Communications
Starlink-4678 ,USA,Commercial,Communications,LEO,Non-Polar Inclined,0.0,260,2022-09-11,SpaceX,Cape Canaveral,Falcon 9,Communications
Starlink-4679 ,USA,Commercial,Communications,LEO,Non-Polar Inclined,0.0,260,2022-09-11,SpaceX,Cape Canaveral,Falcon 9,Communications
Starlink-4680 ,USA,Commercial,Communications,LEO,Non-Polar Inclined,0.0,260,2022-09-05,SpaceX,Cape Canaveral,Falcon 9,Communications
Starlink-4681,USA,Commercial,Communications,LEO,Non-Polar Inclined,0.0,260,2022-08-28,SpaceX,Cape Canaveral,Falcon 9,Communications
Starlink-4682,USA,Commercial,Communications,LEO,Non-Polar Inclined,0.0,260,2022-08-28,SpaceX,Cape Canaveral,Falcon 9,Communications
Starlink-4683,USA,Commercial,Communications,LEO,Non-Polar Inclined,0.0,260,2022-09-05,SpaceX,Cape Canaveral,Falcon 9,Communications
Starlink-4684,USA,Commercial,Communications,LEO,Non-Polar Inclined,0.0,260,2022-08-28,SpaceX,Cape Canaveral,Falcon 9,Communications
Starlink-4685,USA,Commercial,Communications,LEO,Non-Polar Inclined,0.0,260,2022-09-05,SpaceX,Cape Canaveral,Falcon 9,Communications
Starlink-4686,USA,Commercial,Communications,LEO,Non-Polar Inclined,0.0,260,2022-09-05,SpaceX,Cape Canaveral,Falcon 9,Communications
Starlink-4687 ,USA,Commercial,Communications,LEO,Non-Polar Inclined,0.0,260,2022-09-11,SpaceX,Cape Canaveral,Falcon 9,Communications
Starlink-4688,USA,Commercial,Communications,LEO,Non-Polar Inclined,0.0,260,2022-09-05,SpaceX,Cape Canaveral,Falcon 9,Communications
Starlink-4689,USA,Commercial,Communications,LEO,Non-Polar Inclined,0.0,260,2022-08-28,SpaceX,Cape Canaveral,Falcon 9,Communications
Starlink-4690,USA,Commercial,Communications,LEO,Non-Polar Inclined,0.0,260,2022-08-28,SpaceX,Cape Canaveral,Falcon 9,Communications
Starlink-4691,USA,Commercial,Communications,LEO,Non-Polar Inclined,0.0,260,2022-08-28,SpaceX,Cape Canaveral,Falcon 9,Communications
Starlink-4692,USA,Commercial,Communications,LEO,Non-Polar Inclined,0.0,260,2022-08-28,SpaceX,Cape Canaveral,Falcon 9,Communications
Starlink-4693,USA,Commercial,Communications,LEO,Non-Polar Inclined,0.0,260,2022-08-28,SpaceX,Cape Canaveral,Falcon 9,Communications
Starlink-4694,USA,Commercial,Communications,LEO,Non-Polar Inclined,0.0,260,2022-09-05,SpaceX,Cape Canaveral,Falcon 9,Communications
Starlink-4695 ,USA,Commercial,Communications,LEO,Non-Polar Inclined,0.0,260,2022-09-05,SpaceX,Cape Canaveral,Falcon 9,Communications
Starlink-4697 ,USA,Commercial,Communications,LEO,Non-Polar Inclined,0.0,260,2022-09-05,SpaceX,Cape Canaveral,Falcon 9,Communications
Starlink-4698,USA,Commercial,Communications,LEO,Non-Polar Inclined,0.0,260,2022-09-05,SpaceX,Cape Canaveral,Falcon 9,Communications
Starlink-4699 ,USA,Commercial,Communications,LEO,Non-Polar Inclined,0.0,260,2022-09-05,SpaceX,Cape Canaveral,Falcon 9,Communications
Starlink-4700 ,USA,Commercial,Communications,LEO,Non-Polar Inclined,0.0,260,2022-09-05,SpaceX,Cape Canaveral,Falcon 9,Communications
Starlink-4701 ,USA,Commercial,Communications,LEO,Non-Polar Inclined,0.0,260,2022-09-05,SpaceX,Cape Canaveral,Falcon 9,Communications
Starlink-4703 ,USA,Commercial,Communications,LEO,Non-Polar Inclined,0.0,260,2022-09-19,SpaceX,Cape Canaveral,Falcon 9,Communications
Starlink-4705 ,USA,Commercial,Communications,LEO,Non-Polar Inclined,0.0,260,2022-09-05,SpaceX,Cape Canaveral,Falcon 9,Communications
Starlink-4706 ,USA,Commercial,Communications,LEO,Non-Polar Inclined,0.0,260,2022-09-11,SpaceX,Cape Canaveral,Falcon 9,Communications
Starlink-4707 ,USA,Commercial,Communications,LEO,Non-Polar Inclined,0.0,260,2022-09-05,SpaceX,Cape Canaveral,Falcon 9,Communications
Starlink-4708 ,USA,Commercial,Communications,LEO,Non-Polar Inclined,0.0,260,2022-09-11,SpaceX,Cape Canaveral,Falcon 9,Communications
Starlink-4709 ,USA,Commercial,Communications,LEO,Non-Polar Inclined,0.0,260,2022-09-11,SpaceX,Cape Canaveral,Falcon 9,Communications
Starlink-4710 ,USA,Commercial,Communications,LEO,Non-Polar Inclined,0.0,260,2022-09-11,SpaceX,Cape Canaveral,Falcon 9,Communications
Starlink-4711,USA,Commercial,Communications,LEO,Non-Polar Inclined,0.0,260,2022-09-05,SpaceX,Cape Canaveral,Falcon 9,Communications
Starlink-4712 ,USA,Commercial,Communications,LEO,Non-Polar Inclined,0.0,260,2022-09-11,SpaceX,Cape Canaveral,Falcon 9,Communications
Starlink-4714,USA,Commercial,Communications,LEO,Non-Polar Inclined,0.0,260,2022-09-05,SpaceX,Cape Canaveral,Falcon 9,Communications
Starlink-4715 ,USA,Commercial,Communications,LEO,Non-Polar Inclined,0.0,260,2022-09-11,SpaceX,Cape Canaveral,Falcon 9,Communications
Starlink-4716,USA,Commercial,Communications,LEO,Non-Polar Inclined,0.0,260,2022-09-05,SpaceX,Cape Canaveral,Falcon 9,Communications
Starlink-4717,USA,Commercial,Communications,LEO,Non-Polar Inclined,0.0,260,2022-09-05,SpaceX,Cape Canaveral,Falcon 9,Communications
Starlink-4718 ,USA,Commercial,Communications,LEO,Non-Polar Inclined,0.0,260,2022-09-11,SpaceX,Cape Canaveral,Falcon 9,Communications
Starlink-4719 ,USA,Commercial,Communications,LEO,Non-Polar Inclined,0.0,260,2022-09-11,SpaceX,Cape Canaveral,Falcon 9,Communications
Starlink-4720 ,USA,Commercial,Communications,LEO,Non-Polar Inclined,0.0,260,2022-09-11,SpaceX,Cape Canaveral,Falcon 9,Communications
Starlink-4721 ,USA,Commercial,Communications,LEO,Non-Polar Inclined,0.0,260,2022-09-11,SpaceX,Cape Canaveral,Falcon 9,Communications
Starlink-4722 ,USA,Commercial,Communications,LEO,Non-Polar Inclined,0.0,260,2022-09-11,SpaceX,Cape Canaveral,Falcon 9,Communications
Starlink-4723 ,USA,Commercial,Communications,LEO,Non-Polar Inclined,0.0,260,2022-09-11,SpaceX,Cape Canaveral,Falcon 9,Communications
Starlink-4724,USA,Commercial,Communications,LEO,Non-Polar Inclined,0.0,260,2022-09-05,SpaceX,Cape Canaveral,Falcon 9,Communications
Starlink-4725,USA,Commercial,Communications,LEO,Non-Polar Inclined,0.0,260,2022-09-05,SpaceX,Cape Canaveral,Falcon 9,Communications
Starlink-4726 ,USA,Commercial,Communications,LEO,Non-Polar Inclined,0.0,260,2022-09-11,SpaceX,Cape Canaveral,Falcon 9,Communications
Starlink-4727 ,USA,Commercial,Communications,LEO,Non-Polar Inclined,0.0,260,2022-09-11,SpaceX,Cape Canaveral,Falcon 9,Communications
Starlink-4728 ,USA,Commercial,Communications,LEO,Non-Polar Inclined,0.0,260,2022-09-11,SpaceX,Cape Canaveral,Falcon 9,Communications
Starlink-4729 ,USA,Commercial,Communications,LEO,Non-Polar Inclined,0.0,260,2022-09-11,SpaceX,Cape Canaveral,Falcon 9,Communications
Starlink-4730 ,USA,Commercial,Communications,LEO,Non-Polar Inclined,0.0,260,2022-09-11,SpaceX,Cape Canaveral,Falcon 9,Communications
Starlink-4731,USA,Commercial,Communications,LEO,Non-Polar Inclined,0.0,260,2022-09-05,SpaceX,Cape Canaveral,Falcon 9,Communications
Starlink-4732 ,USA,Commercial,Communications,LEO,Non-Polar Inclined,0.0,260,2022-09-19,SpaceX,Cape Canaveral,Falcon 9,Communications
Starlink-4734 ,USA,Commercial,Communications,LEO,Non-Polar Inclined,0.0,260,2022-09-11,SpaceX,Cape Canaveral,Falcon 9,Communications
Starlink-4737 ,USA,Commercial,Communications,LEO,Non-Polar Inclined,0.0,260,2022-09-19,SpaceX,Cape Canaveral,Falcon 9,Communications
Starlink-4738 ,USA,Commercial,Communications,LEO,Non-Polar Inclined,0.0,260,2022-09-19,SpaceX,Cape Canaveral,Falcon 9,Communications
Starlink-4739 ,USA,Commercial,Communications,LEO,Non-Polar Inclined,0.0,260,2022-09-11,SpaceX,Cape Canaveral,Falcon 9,Communications
Starlink-4740 ,USA,Commercial,Communications,LEO,Non-Polar Inclined,0.0,260,2022-09-19,SpaceX,Cape Canaveral,Falcon 9,Communications
Starlink-4742 ,USA,Commercial,Communications,LEO,Non-Polar Inclined,0.0,260,2022-09-11,SpaceX,Cape Canaveral,Falcon 9,Communications
Starlink-4743 ,USA,Commercial,Communications,LEO,Non-Polar Inclined,0.0,260,2022-09-11,SpaceX,Cape Canaveral,Falcon 9,Communications
Starlink-4745 ,USA,Commercial,Communications,LEO,Non-Polar Inclined,0.0,260,2022-09-19,SpaceX,Cape Canaveral,Falcon 9,Communications
Starlink-4746 ,USA,Commercial,Communications,LEO,Non-Polar Inclined,0.0,260,2022-09-19,SpaceX,Cape Canaveral,Falcon 9,Communications
Starlink-4747 ,USA,Commercial,Communications,LEO,Non-Polar Inclined,0.0,260,2022-09-19,SpaceX,Cape Canaveral,Falcon 9,Communications
Starlink-4748 ,USA,Commercial,Communications,LEO,Non-Polar Inclined,0.0,260,2022-09-19,SpaceX,Cape Canaveral,Falcon 9,Communications
Starlink-4749 ,USA,Commercial,Communications,LEO,Non-Polar Inclined,0.0,260,2022-09-19,SpaceX,Cape Canaveral,Falcon 9,Communications
Starlink-4750 ,USA,Commercial,Communications,LEO,Non-Polar Inclined,0.0,260,2022-09-19,SpaceX,Cape Canaveral,Falcon 9,Communications
Starlink-4751 ,USA,Commercial,Communications,LEO,Non-Polar Inclined,0.0,260,2022-09-19,SpaceX,Cape Canaveral,Falcon 9,Communications
Starlink-4752 ,USA,Commercial,Communications,LEO,Non-Polar Inclined,0.0,260,2022-09-19,SpaceX,Cape Canaveral,Falcon 9,Communications
Starlink-4753 ,USA,Commercial,Communications,LEO,Non-Polar Inclined,0.0,260,2022-09-19,SpaceX,Cape Canaveral,Falcon 9,Communications
Starlink-4754 ,USA,Commercial,Communications,LEO,Non-Polar Inclined,0.0,260,2022-09-19,SpaceX,Cape Canaveral,Falcon 9,Communications
Starlink-4755 ,USA,Commercial,Communications,LEO,Non-Polar Inclined,0.0,260,2022-09-19,SpaceX,Cape Canaveral,Falcon 9,Communications
Starlink-4756 ,USA,Commercial,Communications,LEO,Non-Polar Inclined,0.0,260,2022-09-19,SpaceX,Cape Canaveral,Falcon 9,Communications
Starlink-4757 ,USA,Commercial,Communications,LEO,Non-Polar Inclined,0.0,260,2022-09-19,SpaceX,Cape Canaveral,Falcon 9,Communications
Starlink-4758 ,USA,Commercial,Communications,LEO,Non-Polar Inclined,0.0,260,2022-09-19,SpaceX,Cape Canaveral,Falcon 9,Communications
Starlink-4759 ,USA,Commercial,Communications,LEO,Non-Polar Inclined,0.0,260,2022-09-19,SpaceX,Cape Canaveral,Falcon 9,Communications
Starlink-4760 ,USA,Commercial,Communications,LEO,Non-Polar Inclined,0.0,260,2022-09-19,SpaceX,Cape Canaveral,Falcon 9,Communications
Starlink-4761 ,USA,Commercial,Communications,LEO,Non-Polar Inclined,0.0,260,2022-09-19,SpaceX,Cape Canaveral,Falcon 9,Communications
Starlink-4762 ,USA,Commercial,Communications,LEO,Non-Polar Inclined,0.0,260,2022-09-19,SpaceX,Cape Canaveral,Falcon 9,Communications
Starlink-4763 ,USA,Commercial,Communications,LEO,Non-Polar Inclined,0.0,260,2022-09-11,SpaceX,Cape Canaveral,Falcon 9,Communications
Starlink-4764 ,USA,Commercial,Communications,LEO,Non-Polar Inclined,0.0,260,2022-09-19,SpaceX,Cape Canaveral,Falcon 9,Communications
Starlink-4765 ,USA,Commercial,Communications,LEO,Non-Polar Inclined,0.0,260,2022-09-24,SpaceX,Cape Canaveral,Falcon 9,Communications
Starlink-4766 ,USA,Commercial,Communications,LEO,Non-Polar Inclined,0.0,260,2022-09-19,SpaceX,Cape Canaveral,Falcon 9,Communications
Starlink-4767 ,USA,Commercial,Communications,LEO,Non-Polar Inclined,0.0,260,2022-09-19,SpaceX,Cape Canaveral,Falcon 9,Communications
Starlink-4768 ,USA,Commercial,Communications,LEO,Non-Polar Inclined,0.0,260,2022-09-11,SpaceX,Cape Canaveral,Falcon 9,Communications
Starlink-4769 ,USA,Commercial,Communications,LEO,Non-Polar Inclined,0.0,260,2022-09-19,SpaceX,Cape Canaveral,Falcon 9,Communications
Starlink-4770 ,USA,Commercial,Communications,LEO,Non-Polar Inclined,0.0,260,2022-09-19,SpaceX,Cape Canaveral,Falcon 9,Communications
Starlink-4771 ,USA,Commercial,Communications,LEO,Non-Polar Inclined,0.0,260,2022-09-19,SpaceX,Cape Canaveral,Falcon 9,Communications
Starlink-4772 ,USA,Commercial,Communications,LEO,Non-Polar Inclined,0.0,260,2022-09-24,SpaceX,Cape Canaveral,Falcon 9,Communications
Starlink-4773 ,USA,Commercial,Communications,LEO,Non-Polar Inclined,0.0,260,2022-09-19,SpaceX,Cape Canaveral,Falcon 9,Communications
Starlink-4774                ,USA,Commercial,Communications,LEO,Non-Polar Inclined,0.0,290,2023-03-29,SpaceX,Cape Canaveral,Falcon 9,Communications
Starlink-4775 ,USA,Commercial,Communications,LEO,Non-Polar Inclined,0.0,260,2022-09-24,SpaceX,Cape Canaveral,Falcon 9,Communications
Starlink-4776 ,USA,Commercial,Communications,LEO,Non-Polar Inclined,0.0,260,2022-09-19,SpaceX,Cape Canaveral,Falcon 9,Communications
Starlink-4777 ,USA,Commercial,Communications,LEO,Non-Polar Inclined,0.0,260,2022-09-19,SpaceX,Cape Canaveral,Falcon 9,Communications
Starlink-4778 ,USA,Commercial,Communications,LEO,Non-Polar Inclined,0.0,260,2022-09-19,SpaceX,Cape Canaveral,Falcon 9,Communications
Starlink-4779 ,USA,Commercial,Communications,LEO,Non-Polar Inclined,0.0,260,2022-09-19,SpaceX,Cape Canaveral,Falcon 9,Communications
Starlink-4780 ,USA,Commercial,Communications,LEO,Non-Polar Inclined,0.0,260,2022-09-19,SpaceX,Cape Canaveral,Falcon 9,Communications
Starlink-4781 ,USA,Commercial,Communications,LEO,Non-Polar Inclined,0.0,260,2022-09-19,SpaceX,Cape Canaveral,Falcon 9,Communications
Starlink-4782 ,USA,Commercial,Communications,LEO,Non-Polar Inclined,0.0,260,2022-09-24,SpaceX,Cape Canaveral,Falcon 9,Communications
Starlink-4783 ,USA,Commercial,Communications,LEO,Non-Polar Inclined,0.0,260,2022-09-19,SpaceX,Cape Canaveral,Falcon 9,Communications
Starlink-4784 ,USA,Commercial,Communications,LEO,Non-Polar Inclined,0.0,260,2022-09-19,SpaceX,Cape Canaveral,Falcon 9,Communications
Starlink-4785 ,USA,Commercial,Communications,LEO,Non-Polar Inclined,0.0,260,2022-09-19,SpaceX,Cape Canaveral,Falcon 9,Communications
Starlink-4786                ,USA,Commercial,Communications,LEO,Polar,0.0,290,2023-01-31,SpaceX,Vandenberg AFB,Falcon 9,Communications
Starlink-4787 ,USA,Commercial,Communications,LEO,Non-Polar Inclined,0.0,260,2022-09-24,SpaceX,Cape Canaveral,Falcon 9,Communications
Starlink-4788 ,USA,Commercial,Communications,LEO,Non-Polar Inclined,0.0,260,2022-09-19,SpaceX,Cape Canaveral,Falcon 9,Communications
Starlink-4789 ,USA,Commercial,Communications,LEO,Non-Polar Inclined,0.0,260,2022-09-19,SpaceX,Cape Canaveral,Falcon 9,Communications
Starlink-4790 ,USA,Commercial,Communications,LEO,Non-Polar Inclined,0.0,260,2022-09-19,SpaceX,Cape Canaveral,Falcon 9,Communications
Starlink-4791 ,USA,Commercial,Communications,LEO,Non-Polar Inclined,0.0,260,2022-09-24,SpaceX,Cape Canaveral,Falcon 9,Communications
Starlink-4792 ,USA,Commercial,Communications,LEO,Non-Polar Inclined,0.0,260,2022-09-19,SpaceX,Cape Canaveral,Falcon 9,Communications
Starlink-4793 ,USA,Commercial,Communications,LEO,Non-Polar Inclined,0.0,260,2022-09-19,SpaceX,Cape Canaveral,Falcon 9,Communications
Starlink-4794 ,USA,Commercial,Communications,LEO,Non-Polar Inclined,0.0,260,2022-09-19,SpaceX,Cape Canaveral,Falcon 9,Communications
Starlink-4795 ,USA,Commercial,Communications,LEO,Non-Polar Inclined,0.0,260,2022-09-19,SpaceX,Cape Canaveral,Falcon 9,Communications
Starlink-4796 ,USA,Commercial,Communications,LEO,Non-Polar Inclined,0.0,260,2022-09-24,SpaceX,Cape Canaveral,Falcon 9,Communications
Starlink-4797 ,USA,Commercial,Communications,LEO,Non-Polar Inclined,0.0,260,2022-09-19,SpaceX,Cape Canaveral,Falcon 9,Communications
Starlink-4798 ,USA,Commercial,Communications,LEO,Non-Polar Inclined,0.0,260,2022-09-19,SpaceX,Cape Canaveral,Falcon 9,Communications
Starlink-4799 ,USA,Commercial,Communications,LEO,Non-Polar Inclined,0.0,260,2022-09-19,SpaceX,Cape Canaveral,Falcon 9,Communications
Starlink-4800 ,USA,Commercial,Communications,LEO,Non-Polar Inclined,0.0,260,2022-09-19,SpaceX,Cape Canaveral,Falcon 9,Communications
Starlink-4801 ,USA,Commercial,Communications,LEO,Non-Polar Inclined,0.0,260,2022-12-28,SpaceX,Cape Canaveral,Falcon 9,Communications
Starlink-4809 ,USA,Commercial,Communications,LEO,Non-Polar Inclined,0.0,260,2022-09-19,SpaceX,Cape Canaveral,Falcon 9,Communications
Starlink-4810 ,USA,Commercial,Communications,LEO,Non-Polar Inclined,0.0,260,2022-09-19,SpaceX,Cape Canaveral,Falcon 9,Communications
Starlink-4993 ,USA,Commercial,Communications,LEO,Non-Polar Inclined,0.0,260,2022-05-18,SpaceX,Cape Canaveral,Falcon 9,Communications
Starlink-5000 ,USA,Commercial,Communications,LEO,Non-Polar Inclined,0.0,260,2022-09-24,SpaceX,Cape Canaveral,Falcon 9,Communications
Starlink-5001 ,USA,Commercial,Communications,LEO,Non-Polar Inclined,0.0,260,2022-09-24,SpaceX,Cape Canaveral,Falcon 9,Communications
Starlink-5002 ,USA,Commercial,Communications,LEO,Non-Polar Inclined,0.0,260,2022-09-24,SpaceX,Cape Canaveral,Falcon 9,Communications
Starlink-5003 ,USA,Commercial,Communications,LEO,Non-Polar Inclined,0.0,260,2022-09-24,SpaceX,Cape Canaveral,Falcon 9,Communications
Starlink-5004 ,USA,Commercial,Communications,LEO,Non-Polar Inclined,0.0,260,2022-09-24,SpaceX,Cape Canaveral,Falcon 9,Communications
Starlink-5006                ,USA,Commercial,Communications,LEO,Polar,0.0,290,2023-01-31,SpaceX,Vandenberg AFB,Falcon 9,Communications
Starlink-5008 ,USA,Commercial,Communications,LEO,Non-Polar Inclined,0.0,260,2022-09-24,SpaceX,Cape Canaveral,Falcon 9,Communications
Starlink-5009 ,USA,Commercial,Communications,LEO,Non-Polar Inclined,0.0,260,2022-09-24,SpaceX,Cape Canaveral,Falcon 9,Communications
Starlink-5010 ,USA,Commercial,Communications,LEO,Non-Polar Inclined,0.0,260,2022-09-24,SpaceX,Cape Canaveral,Falcon 9,Communications
Starlink-5011 ,USA,Commercial,Communications,LEO,Non-Polar Inclined,0.0,260,2022-09-24,SpaceX,Cape Canaveral,Falcon 9,Communications
Starlink-5012 ,USA,Commercial,Communications,LEO,Non-Polar Inclined,0.0,260,2022-09-24,SpaceX,Cape Canaveral,Falcon 9,Communications
Starlink-5013                ,USA,Commercial,Communications,LEO,Non-Polar Inclined,0.0,290,2023-02-02,SpaceX,Cape Canaveral,Falcon 9,Communications
Starlink-5014 ,USA,Commercial,Communications,LEO,Non-Polar Inclined,0.0,260,2022-09-24,SpaceX,Cape Canaveral,Falcon 9,Communications
Starlink-5015 ,USA,Commercial,Communications,LEO,Non-Polar Inclined,0.0,260,2022-09-24,SpaceX,Cape Canaveral,Falcon 9,Communications
Starlink-5016                ,USA,Commercial,Communications,LEO,Non-Polar Inclined,0.0,290,2023-03-29,SpaceX,Cape Canaveral,Falcon 9,Communications
Starlink-5016                ,USA,Commercial,Communications,LEO,Non-Polar Inclined,0.0,290,2023-03-29,SpaceX,Cape Canaveral,Falcon 9,Communications
Starlink-5017 ,USA,Commercial,Communications,LEO,Non-Polar Inclined,0.0,260,2022-09-24,SpaceX,Cape Canaveral,Falcon 9,Communications
Starlink-5018 ,USA,Commercial,Communications,LEO,Non-Polar Inclined,0.0,260,2022-09-24,SpaceX,Cape Canaveral,Falcon 9,Communications
Starlink-5019                ,USA,Commercial,Communications,LEO,Polar,0.0,290,2023-01-31,SpaceX,Vandenberg AFB,Falcon 9,Communications
Starlink-5020                ,USA,Commercial,Communications,LEO,Non-Polar Inclined,0.0,290,2023-02-02,SpaceX,Cape Canaveral,Falcon 9,Communications
Starlink-5021 ,USA,Commercial,Communications,LEO,Non-Polar Inclined,0.0,260,2022-09-24,SpaceX,Cape Canaveral,Falcon 9,Communications
Starlink-5022 ,USA,Commercial,Communications,LEO,Non-Polar Inclined,0.0,260,2022-09-24,SpaceX,Cape Canaveral,Falcon 9,Communications
Starlink-5023 ,USA,Commercial,Communications,LEO,Non-Polar Inclined,0.0,260,2022-09-24,SpaceX,Cape Canaveral,Falcon 9,Communications
Starlink-5024 ,USA,Commercial,Communications,LEO,Non-Polar Inclined,0.0,260,2022-09-24,SpaceX,Cape Canaveral,Falcon 9,Communications
Starlink-5025 ,USA,Commercial,Communications,LEO,Non-Polar Inclined,0.0,260,2022-09-24,SpaceX,Cape Canaveral,Falcon 9,Communications
Starlink-5027                ,USA,Commercial,Communications,LEO,Non-Polar Inclined,0.0,290,2023-01-26,SpaceX,Cape Canaveral,Falcon 9,Communications
Starlink-5028 ,USA,Commercial,Communications,LEO,Non-Polar Inclined,0.0,260,2022-09-24,SpaceX,Cape Canaveral,Falcon 9,Communications
Starlink-5029 ,USA,Commercial,Communications,LEO,Non-Polar Inclined,0.0,260,2022-09-24,SpaceX,Cape Canaveral,Falcon 9,Communications
Starlink-5030                ,USA,Commercial,Communications,LEO,Polar,0.0,290,2023-01-31,SpaceX,Vandenberg AFB,Falcon 9,Communications
Starlink-5031 ,USA,Commercial,Communications,LEO,Non-Polar Inclined,0.0,260,2022-09-24,SpaceX,Cape Canaveral,Falcon 9,Communications
Starlink-5032 ,USA,Commercial,Communications,LEO,Non-Polar Inclined,0.0,260,2022-09-24,SpaceX,Cape Canaveral,Falcon 9,Communications
Starlink-5033                ,USA,Commercial,Communications,LEO,Polar,0.0,290,2023-01-31,SpaceX,Vandenberg AFB,Falcon 9,Communications
Starlink-5034 ,USA,Commercial,Communications,LEO,Non-Polar Inclined,0.0,260,2022-09-24,SpaceX,Cape Canaveral,Falcon 9,Communications
Starlink-5035 ,USA,Commercial,Communications,LEO,Non-Polar Inclined,0.0,260,2022-09-24,SpaceX,Cape Canaveral,Falcon 9,Communications
Starlink-5036 ,USA,Commercial,Communications,LEO,Non-Polar Inclined,0.0,260,2022-09-24,SpaceX,Cape Canaveral,Falcon 9,Communications
Starlink-5037 ,USA,Commercial,Communications,LEO,Non-Polar Inclined,0.0,260,2022-09-24,SpaceX,Cape Canaveral,Falcon 9,Communications
Starlink-5040 ,USA,Commercial,Communications,LEO,Non-Polar Inclined,0.0,260,2022-09-24,SpaceX,Cape Canaveral,Falcon 9,Communications
Starlink-5041 ,USA,Commercial,Communications,LEO,Non-Polar Inclined,0.0,260,2022-09-24,SpaceX,Cape Canaveral,Falcon 9,Communications
Starlink-5042 ,USA,Commercial,Communications,LEO,Non-Polar Inclined,0.0,260,2022-09-24,SpaceX,Cape Canaveral,Falcon 9,Communications
Starlink-5043 ,USA,Commercial,Communications,LEO,Non-Polar Inclined,0.0,260,2022-09-24,SpaceX,Cape Canaveral,Falcon 9,Communications
Starlink-5044 ,USA,Commercial,Communications,LEO,Non-Polar Inclined,0.0,260,2022-09-24,SpaceX,Cape Canaveral,Falcon 9,Communications
Starlink-5045 ,USA,Commercial,Communications,LEO,Non-Polar Inclined,0.0,260,2022-09-24,SpaceX,Cape Canaveral,Falcon 9,Communications
Starlink-5046 ,USA,Commercial,Communications,LEO,Non-Polar Inclined,0.0,260,2022-09-24,SpaceX,Cape Canaveral,Falcon 9,Communications
Starlink-5047                ,USA,Commercial,Communications,LEO,Polar,0.0,290,2023-01-31,SpaceX,Vandenberg AFB,Falcon 9,Communications
Starlink-5048 ,USA,Commercial,Communications,LEO,Non-Polar Inclined,0.0,260,2022-09-24,SpaceX,Cape Canaveral,Falcon 9,Communications
Starlink-5050 ,USA,Commercial,Communications,LEO,Non-Polar Inclined,0.0,260,2022-09-24,SpaceX,Cape Canaveral,Falcon 9,Communications
Starlink-5051 ,USA,Commercial,Communications,LEO,Non-Polar Inclined,0.0,260,2022-09-24,SpaceX,Cape Canaveral,Falcon 9,Communications
Starlink-5052 ,USA,Commercial,Communications,LEO,Non-Polar Inclined,0.0,260,2022-09-24,SpaceX,Cape Canaveral,Falcon 9,Communications
Starlink-5053 ,USA,Commercial,Communications,LEO,Non-Polar Inclined,0.0,260,2022-09-24,SpaceX,Cape Canaveral,Falcon 9,Communications
Starlink-5054 ,USA,Commercial,Communications,LEO,Non-Polar Inclined,0.0,260,2022-09-24,SpaceX,Cape Canaveral,Falcon 9,Communications
Starlink-5055 ,USA,Commercial,Communications,LEO,Non-Polar Inclined,0.0,260,2022-10-04,SpaceX,Vandenberg AFB,Falcon 9,Communications
Starlink-5056 ,USA,Commercial,Communications,LEO,Non-Polar Inclined,0.0,260,2022-09-24,SpaceX,Cape Canaveral,Falcon 9,Communications
Starlink-5057 ,USA,Commercial,Communications,LEO,Non-Polar Inclined,0.0,260,2022-09-24,SpaceX,Cape Canaveral,Falcon 9,Communications
Starlink-5058                ,USA,Commercial,Communications,LEO,Non-Polar Inclined,0.0,290,2023-02-02,SpaceX,Cape Canaveral,Falcon 9,Communications
Starlink-5059 ,USA,Commercial,Communications,LEO,Non-Polar Inclined,0.0,260,2022-09-24,SpaceX,Cape Canaveral,Falcon 9,Communications
Starlink-5060                ,USA,Commercial,Communications,LEO,Polar,0.0,290,2023-01-31,SpaceX,Vandenberg AFB,Falcon 9,Communications
Starlink-5061 ,USA,Commercial,Communications,LEO,Non-Polar Inclined,0.0,260,2022-12-28,SpaceX,Cape Canaveral,Falcon 9,Communications
Starlink-5062                ,USA,Commercial,Communications,LEO,Polar,0.0,290,2023-02-17,SpaceX,Vandenberg AFB,Falcon 9,Communications
Starlink-5063 ,USA,Commercial,Communications,LEO,Non-Polar Inclined,0.0,260,2022-09-24,SpaceX,Cape Canaveral,Falcon 9,Communications
Starlink-5064                ,USA,Commercial,Communications,LEO,Polar,0.0,290,2023-01-31,SpaceX,Vandenberg AFB,Falcon 9,Communications
Starlink-5065                ,USA,Commercial,Communications,LEO,Polar,0.0,290,2023-02-17,SpaceX,Vandenberg AFB,Falcon 9,Communications
Starlink-5067                ,USA,Commercial,Communications,LEO,Polar,0.0,290,2023-02-17,SpaceX,Vandenberg AFB,Falcon 9,Communications
Starlink-5068                ,USA,Commercial,Communications,LEO,Polar,0.0,290,2023-01-31,SpaceX,Vandenberg AFB,Falcon 9,Communications
Starlink-5069                ,USA,Commercial,Communications,LEO,Polar,0.0,290,2023-02-17,SpaceX,Vandenberg AFB,Falcon 9,Communications
Starlink-5070                ,USA,Commercial,Communications,LEO,Polar,0.0,290,2023-02-17,SpaceX,Vandenberg AFB,Falcon 9,Communications
Starlink-5071                ,USA,Commercial,Communications,LEO,Polar,0.0,290,2023-01-31,SpaceX,Vandenberg AFB,Falcon 9,Communications
Starlink-5072                ,USA,Commercial,Communications,LEO,Polar,0.0,290,2023-03-03,SpaceX,Vandenberg AFB,Falcon 9,Communications
Starlink-5073                ,USA,Commercial,Communications,LEO,Polar,0.0,290,2023-01-31,SpaceX,Vandenberg AFB,Falcon 9,Communications
Starlink-5074                ,USA,Commercial,Communications,LEO,Polar,0.0,290,2023-01-31,SpaceX,Vandenberg AFB,Falcon 9,Communications
Starlink-5075 ,USA,Commercial,Communications,LEO,Non-Polar Inclined,0.0,260,2022-10-04,SpaceX,Vandenberg AFB,Falcon 9,Communications
Starlink-5076                ,USA,Commercial,Communications,LEO,Polar,0.0,290,2023-01-31,SpaceX,Vandenberg AFB,Falcon 9,Communications
Starlink-5077,USA,Commercial,Communications,LEO,Polar,0.0,290,2023-01-31,SpaceX,Vandenberg AFB,Falcon 9,Communications
Starlink-5078 ,USA,Commercial,Communications,LEO,Non-Polar Inclined,0.0,260,2022-12-28,SpaceX,Cape Canaveral,Falcon 9,Communications
Starlink-5079 ,USA,Commercial,Communications,LEO,Non-Polar Inclined,0.0,260,2022-10-04,SpaceX,Vandenberg AFB,Falcon 9,Communications
Starlink-5080                ,USA,Commercial,Communications,LEO,Polar,0.0,290,2023-01-31,SpaceX,Vandenberg AFB,Falcon 9,Communications
Starlink-5081                ,USA,Commercial,Communications,LEO,Polar,0.0,290,2023-03-03,SpaceX,Vandenberg AFB,Falcon 9,Communications
Starlink-5082 ,USA,Commercial,Communications,LEO,Non-Polar Inclined,0.0,260,2022-12-28,SpaceX,Cape Canaveral,Falcon 9,Communications
Starlink-5084 ,USA,Commercial,Communications,LEO,Non-Polar Inclined,0.0,260,2022-12-28,SpaceX,Cape Canaveral,Falcon 9,Communications
Starlink-5085                ,USA,Commercial,Communications,LEO,Polar,0.0,290,2023-01-31,SpaceX,Vandenberg AFB,Falcon 9,Communications
Starlink-5086 ,USA,Commercial,Communications,LEO,Non-Polar Inclined,0.0,260,2022-12-28,SpaceX,Cape Canaveral,Falcon 9,Communications
Starlink-5087 ,USA,Commercial,Communications,LEO,Non-Polar Inclined,0.0,260,2022-12-28,SpaceX,Cape Canaveral,Falcon 9,Communications
Starlink-5088 ,USA,Commercial,Communications,LEO,Non-Polar Inclined,0.0,260,2022-10-04,SpaceX,Vandenberg AFB,Falcon 9,Communications
Starlink-5089               ,USA,Commercial,Communications,LEO,Non-Polar Inclined,0.0,290,2023-03-29,SpaceX,Cape Canaveral,Falcon 9,Communications
Starlink-5089               ,USA,Commercial,Communications,LEO,Non-Polar Inclined,0.0,290,2023-03-29,SpaceX,Cape Canaveral,Falcon 9,Communications
Starlink-5090                ,USA,Commercial,Communications,LEO,Non-Polar Inclined,0.0,290,2023-03-29,SpaceX,Cape Canaveral,Falcon 9,Communications
Starlink-5091 ,USA,Commercial,Communications,LEO,Non-Polar Inclined,0.0,260,2022-12-28,SpaceX,Cape Canaveral,Falcon 9,Communications
Starlink-5092                ,USA,Commercial,Communications,LEO,Polar,0.0,290,2023-01-31,SpaceX,Vandenberg AFB,Falcon 9,Communications
Starlink-5093,USA,Commercial,Communications,LEO,Sun-Synchronous,0.0,300,2023-04-27,SpaceX,Cape Canaveral,Falcon 9,Communications
Starlink-5094 ,USA,Commercial,Communications,LEO,Non-Polar Inclined,0.0,260,2022-10-04,SpaceX,Vandenberg AFB,Falcon 9,Communications
Starlink-5096 ,USA,Commercial,Communications,LEO,Non-Polar Inclined,0.0,260,2022-10-04,SpaceX,Vandenberg AFB,Falcon 9,Communications
Starlink-5097 ,USA,Commercial,Communications,LEO,Non-Polar Inclined,0.0,260,2022-10-04,SpaceX,Vandenberg AFB,Falcon 9,Communications
Starlink-5098 ,USA,Commercial,Communications,LEO,Non-Polar Inclined,0.0,260,2022-10-04,SpaceX,Vandenberg AFB,Falcon 9,Communications
Starlink-5099 ,USA,Commercial,Communications,LEO,Non-Polar Inclined,0.0,260,2022-10-04,SpaceX,Vandenberg AFB,Falcon 9,Communications
Starlink-5100                ,USA,Commercial,Communications,LEO,Non-Polar Inclined,0.0,290,2023-02-02,SpaceX,Cape Canaveral,Falcon 9,Communications
Starlink-5101 ,USA,Commercial,Communications,LEO,Non-Polar Inclined,0.0,260,2022-12-28,SpaceX,Cape Canaveral,Falcon 9,Communications
Starlink-5102                ,USA,Commercial,Communications,LEO,Polar,0.0,290,2023-02-17,SpaceX,Vandenberg AFB,Falcon 9,Communications
Starlink-5103 ,USA,Commercial,Communications,LEO,Non-Polar Inclined,0.0,260,2022-10-04,SpaceX,Vandenberg AFB,Falcon 9,Communications
Starlink-5104                ,USA,Commercial,Communications,LEO,Polar,0.0,290,2023-02-17,SpaceX,Vandenberg AFB,Falcon 9,Communications
Starlink-5105 ,USA,Commercial,Communications,LEO,Non-Polar Inclined,0.0,260,2022-10-04,SpaceX,Vandenberg AFB,Falcon 9,Communications
Starlink-5106 ,USA,Commercial,Communications,LEO,Non-Polar Inclined,0.0,260,2022-12-28,SpaceX,Cape Canaveral,Falcon 9,Communications
Starlink-5107 ,USA,Commercial,Communications,LEO,Non-Polar Inclined,0.0,260,2022-12-28,SpaceX,Cape Canaveral,Falcon 9,Communications
Starlink-5108 ,USA,Commercial,Communications,LEO,Non-Polar Inclined,0.0,260,2022-10-04,SpaceX,Vandenberg AFB,Falcon 9,Communications
Starlink-5109 ,USA,Commercial,Communications,LEO,Non-Polar Inclined,0.0,260,2022-10-04,SpaceX,Vandenberg AFB,Falcon 9,Communications
Starlink-5110 ,USA,Commercial,Communications,LEO,Non-Polar Inclined,0.0,260,2022-12-28,SpaceX,Cape Canaveral,Falcon 9,Communications
Starlink-5111                ,USA,Commercial,Communications,LEO,Non-Polar Inclined,0.0,290,2023-03-29,SpaceX,Cape Canaveral,Falcon 9,Communications
Starlink-5111                ,USA,Commercial,Communications,LEO,Non-Polar Inclined,0.0,290,2023-03-29,SpaceX,Cape Canaveral,Falcon 9,Communications
Starlink-5112 ,USA,Commercial,Communications,LEO,Non-Polar Inclined,0.0,260,2022-10-04,SpaceX,Vandenberg AFB,Falcon 9,Communications
Starlink-5113 ,USA,Commercial,Communications,LEO,Non-Polar Inclined,0.0,260,2022-10-04,SpaceX,Vandenberg AFB,Falcon 9,Communications
Starlink-5114 ,USA,Commercial,Communications,LEO,Non-Polar Inclined,0.0,260,2022-10-04,SpaceX,Vandenberg AFB,Falcon 9,Communications
Starlink-5115 ,USA,Commercial,Communications,LEO,Non-Polar Inclined,0.0,260,2022-10-04,SpaceX,Vandenberg AFB,Falcon 9,Communications
Starlink-5116 ,USA,Commercial,Communications,LEO,Non-Polar Inclined,0.0,260,2022-10-04,SpaceX,Vandenberg AFB,Falcon 9,Communications
Starlink-5117 ,USA,Commercial,Communications,LEO,Non-Polar Inclined,0.0,260,2022-10-28,SpaceX,Vandenberg AFB,Falcon 9,Communications
Starlink-5118 ,USA,Commercial,Communications,LEO,Non-Polar Inclined,0.0,260,2022-10-04,SpaceX,Vandenberg AFB,Falcon 9,Communications
Starlink-5119 ,USA,Commercial,Communications,LEO,Non-Polar Inclined,0.0,260,2022-10-04,SpaceX,Vandenberg AFB,Falcon 9,Communications
Starlink-5120 ,USA,Commercial,Communications,LEO,Non-Polar Inclined,0.0,260,2022-10-04,SpaceX,Vandenberg AFB,Falcon 9,Communications
Starlink-5121 ,USA,Commercial,Communications,LEO,Non-Polar Inclined,0.0,260,2022-10-04,SpaceX,Vandenberg AFB,Falcon 9,Communications
Starlink-5122 ,USA,Commercial,Communications,LEO,Non-Polar Inclined,0.0,260,2022-10-28,SpaceX,Vandenberg AFB,Falcon 9,Communications
Starlink-5123 ,USA,Commercial,Communications,LEO,Non-Polar Inclined,0.0,260,2022-10-04,SpaceX,Vandenberg AFB,Falcon 9,Communications
Starlink-5124 ,USA,Commercial,Communications,LEO,Non-Polar Inclined,0.0,260,2022-10-04,SpaceX,Vandenberg AFB,Falcon 9,Communications
Starlink-5125 ,USA,Commercial,Communications,LEO,Non-Polar Inclined,0.0,260,2022-10-04,SpaceX,Vandenberg AFB,Falcon 9,Communications
Starlink-5126 ,USA,Commercial,Communications,LEO,Non-Polar Inclined,0.0,260,2022-10-04,SpaceX,Vandenberg AFB,Falcon 9,Communications
Starlink-5127 ,USA,Commercial,Communications,LEO,Non-Polar Inclined,0.0,260,2022-10-04,SpaceX,Vandenberg AFB,Falcon 9,Communications
Starlink-5128 ,USA,Commercial,Communications,LEO,Non-Polar Inclined,0.0,260,2022-10-04,SpaceX,Vandenberg AFB,Falcon 9,Communications
Starlink-5129 ,USA,Commercial,Communications,LEO,Non-Polar Inclined,0.0,260,2022-10-04,SpaceX,Vandenberg AFB,Falcon 9,Communications
Starlink-5130 ,USA,Commercial,Communications,LEO,Non-Polar Inclined,0.0,260,2022-10-04,SpaceX,Vandenberg AFB,Falcon 9,Communications
Starlink-5131 ,USA,Commercial,Communications,LEO,Non-Polar Inclined,0.0,260,2022-10-04,SpaceX,Vandenberg AFB,Falcon 9,Communications
Starlink-5132 ,USA,Commercial,Communications,LEO,Non-Polar Inclined,0.0,260,2022-10-04,SpaceX,Vandenberg AFB,Falcon 9,Communications
Starlink-5133 ,USA,Commercial,Communications,LEO,Non-Polar Inclined,0.0,260,2022-10-04,SpaceX,Vandenberg AFB,Falcon 9,Communications
Starlink-5134 ,USA,Commercial,Communications,LEO,Non-Polar Inclined,0.0,260,2022-10-04,SpaceX,Vandenberg AFB,Falcon 9,Communications
Starlink-5135 ,USA,Commercial,Communications,LEO,Non-Polar Inclined,0.0,260,2022-10-04,SpaceX,Vandenberg AFB,Falcon 9,Communications
Starlink-5137 ,USA,Commercial,Communications,LEO,Non-Polar Inclined,0.0,260,2022-10-04,SpaceX,Vandenberg AFB,Falcon 9,Communications
Starlink-5138 ,USA,Commercial,Communications,LEO,Non-Polar Inclined,0.0,260,2022-10-20,SpaceX,Cape Canaveral,Falcon 9,Communications
Starlink-5139                ,USA,Commercial,Communications,LEO,Non-Polar Inclined,0.0,290,2023-02-02,SpaceX,Cape Canaveral,Falcon 9,Communications
Starlink-5140 ,USA,Commercial,Communications,LEO,Non-Polar Inclined,0.0,290,2023-03-29,SpaceX,Cape Canaveral,Falcon 9,Communications
Starlink-5140 ,USA,Commercial,Communications,LEO,Non-Polar Inclined,0.0,290,2023-03-29,SpaceX,Cape Canaveral,Falcon 9,Communications
Starlink-5141                ,USA,Commercial,Communications,LEO,Non-Polar Inclined,0.0,290,2023-02-02,SpaceX,Cape Canaveral,Falcon 9,Communications
Starlink-5142 ,USA,Commercial,Communications,LEO,Non-Polar Inclined,0.0,260,2022-10-04,SpaceX,Vandenberg AFB,Falcon 9,Communications
Starlink-5143 ,USA,Commercial,Communications,LEO,Non-Polar Inclined,0.0,260,2022-10-20,SpaceX,Cape Canaveral,Falcon 9,Communications
Starlink-5144 ,USA,Commercial,Communications,LEO,Non-Polar Inclined,0.0,260,2022-10-20,SpaceX,Cape Canaveral,Falcon 9,Communications
Starlink-5145 ,USA,Commercial,Communications,LEO,Non-Polar Inclined,0.0,260,2022-10-04,SpaceX,Vandenberg AFB,Falcon 9,Communications
Starlink-5146 ,USA,Commercial,Communications,LEO,Non-Polar Inclined,0.0,260,2022-10-20,SpaceX,Cape Canaveral,Falcon 9,Communications
Starlink-5147 ,USA,Commercial,Communications,LEO,Non-Polar Inclined,0.0,260,2022-10-04,SpaceX,Vandenberg AFB,Falcon 9,Communications
Starlink-5148 ,USA,Commercial,Communications,LEO,Non-Polar Inclined,0.0,260,2022-10-04,SpaceX,Vandenberg AFB,Falcon 9,Communications
Starlink-5149 ,USA,Commercial,Communications,LEO,Non-Polar Inclined,0.0,260,2022-10-04,SpaceX,Vandenberg AFB,Falcon 9,Communications
Starlink-5151 ,USA,Commercial,Communications,LEO,Non-Polar Inclined,0.0,260,2022-10-20,SpaceX,Cape Canaveral,Falcon 9,Communications
Starlink-5153 ,USA,Commercial,Communications,LEO,Non-Polar Inclined,0.0,260,2022-10-20,SpaceX,Cape Canaveral,Falcon 9,Communications
Starlink-5154 ,USA,Commercial,Communications,LEO,Non-Polar Inclined,0.0,260,2022-10-28,SpaceX,Vandenberg AFB,Falcon 9,Communications
Starlink-5155 ,USA,Commercial,Communications,LEO,Non-Polar Inclined,0.0,260,2022-10-28,SpaceX,Vandenberg AFB,Falcon 9,Communications
Starlink-5156 ,USA,Commercial,Communications,LEO,Non-Polar Inclined,0.0,260,2022-10-04,SpaceX,Vandenberg AFB,Falcon 9,Communications
Starlink-5157 ,USA,Commercial,Communications,LEO,Non-Polar Inclined,0.0,260,2022-10-04,SpaceX,Vandenberg AFB,Falcon 9,Communications
Starlink-5158 ,USA,Commercial,Communications,LEO,Non-Polar Inclined,0.0,260,2022-10-20,SpaceX,Cape Canaveral,Falcon 9,Communications
Starlink-5159 ,USA,Commercial,Communications,LEO,Non-Polar Inclined,0.0,260,2022-10-04,SpaceX,Vandenberg AFB,Falcon 9,Communications
Starlink-5160 ,USA,Commercial,Communications,LEO,Non-Polar Inclined,0.0,260,2022-10-20,SpaceX,Cape Canaveral,Falcon 9,Communications
Starlink-5161 ,USA,Commercial,Communications,LEO,Non-Polar Inclined,0.0,260,2022-10-28,SpaceX,Vandenberg AFB,Falcon 9,Communications
Starlink-5162 ,USA,Commercial,Communications,LEO,Non-Polar Inclined,0.0,260,2022-10-28,SpaceX,Vandenberg AFB,Falcon 9,Communications
Starlink-5163 ,USA,Commercial,Communications,LEO,Non-Polar Inclined,0.0,260,2022-10-20,SpaceX,Cape Canaveral,Falcon 9,Communications
Starlink-5164 ,USA,Commercial,Communications,LEO,Non-Polar Inclined,0.0,260,2022-10-28,SpaceX,Vandenberg AFB,Falcon 9,Communications
Starlink-5165 ,USA,Commercial,Communications,LEO,Non-Polar Inclined,0.0,260,2022-10-20,SpaceX,Cape Canaveral,Falcon 9,Communications
Starlink-5166 ,USA,Commercial,Communications,LEO,Non-Polar Inclined,0.0,260,2022-10-20,SpaceX,Cape Canaveral,Falcon 9,Communications
Starlink-5167 ,USA,Commercial,Communications,LEO,Non-Polar Inclined,0.0,260,2022-10-20,SpaceX,Cape Canaveral,Falcon 9,Communications
Starlink-5168 ,USA,Commercial,Communications,LEO,Non-Polar Inclined,0.0,260,2022-10-20,SpaceX,Cape Canaveral,Falcon 9,Communications
Starlink-5169 ,USA,Commercial,Communications,LEO,Non-Polar Inclined,0.0,260,2022-10-20,SpaceX,Cape Canaveral,Falcon 9,Communications
Starlink-5170 ,USA,Commercial,Communications,LEO,Non-Polar Inclined,0.0,260,2022-10-20,SpaceX,Cape Canaveral,Falcon 9,Communications
Starlink-5171 ,USA,Commercial,Communications,LEO,Non-Polar Inclined,0.0,260,2022-10-20,SpaceX,Cape Canaveral,Falcon 9,Communications
Starlink-5172 ,USA,Commercial,Communications,LEO,Non-Polar Inclined,0.0,260,2022-10-20,SpaceX,Cape Canaveral,Falcon 9,Communications
Starlink-5173 ,USA,Commercial,Communications,LEO,Non-Polar Inclined,0.0,260,2022-10-20,SpaceX,Cape Canaveral,Falcon 9,Communications
Starlink-5174 ,USA,Commercial,Communications,LEO,Non-Polar Inclined,0.0,260,2022-10-20,SpaceX,Cape Canaveral,Falcon 9,Communications
Starlink-5175 ,USA,Commercial,Communications,LEO,Non-Polar Inclined,0.0,260,2022-10-20,SpaceX,Cape Canaveral,Falcon 9,Communications
Starlink-5176 ,USA,Commercial,Communications,LEO,Non-Polar Inclined,0.0,260,2022-10-20,SpaceX,Cape Canaveral,Falcon 9,Communications
Starlink-5177 ,USA,Commercial,Communications,LEO,Non-Polar Inclined,0.0,260,2022-10-20,SpaceX,Cape Canaveral,Falcon 9,Communications
Starlink-5178 ,USA,Commercial,Communications,LEO,Non-Polar Inclined,0.0,260,2022-10-20,SpaceX,Cape Canaveral,Falcon 9,Communications
Starlink-5179 ,USA,Commercial,Communications,LEO,Non-Polar Inclined,0.0,260,2022-10-20,SpaceX,Cape Canaveral,Falcon 9,Communications
Starlink-5180                ,USA,Commercial,Communications,LEO,Polar,0.0,290,2023-01-19,SpaceX,Vandenberg AFB,Falcon 9,Communications
Starlink-5181 ,USA,Commercial,Communications,LEO,Non-Polar Inclined,0.0,260,2022-10-20,SpaceX,Cape Canaveral,Falcon 9,Communications
Starlink-5182 ,USA,Commercial,Communications,LEO,Non-Polar Inclined,0.0,260,2022-10-28,SpaceX,Vandenberg AFB,Falcon 9,Communications
Starlink-5183 ,USA,Commercial,Communications,LEO,Non-Polar Inclined,0.0,260,2022-10-20,SpaceX,Cape Canaveral,Falcon 9,Communications
Starlink-5184 ,USA,Commercial,Communications,LEO,Non-Polar Inclined,0.0,260,2022-10-20,SpaceX,Cape Canaveral,Falcon 9,Communications
Starlink-5185 ,USA,Commercial,Communications,LEO,Non-Polar Inclined,0.0,260,2022-10-20,SpaceX,Cape Canaveral,Falcon 9,Communications
Starlink-5186 ,USA,Commercial,Communications,LEO,Non-Polar Inclined,0.0,260,2022-10-28,SpaceX,Vandenberg AFB,Falcon 9,Communications
Starlink-5187 ,USA,Commercial,Communications,LEO,Non-Polar Inclined,0.0,260,2022-10-20,SpaceX,Cape Canaveral,Falcon 9,Communications
Starlink-5188 ,USA,Commercial,Communications,LEO,Non-Polar Inclined,0.0,260,2022-10-20,SpaceX,Cape Canaveral,Falcon 9,Communications
Starlink-5189 ,USA,Commercial,Communications,LEO,Non-Polar Inclined,0.0,260,2022-10-20,SpaceX,Cape Canaveral,Falcon 9,Communications
Starlink-5190 ,USA,Commercial,Communications,LEO,Non-Polar Inclined,0.0,260,2022-10-20,SpaceX,Cape Canaveral,Falcon 9,Communications
Starlink-5191 ,USA,Commercial,Communications,LEO,Non-Polar Inclined,0.0,260,2022-12-17,SpaceX,Cape Canaveral,Falcon 9,Communications
Starlink-5192 ,USA,Commercial,Communications,LEO,Non-Polar Inclined,0.0,260,2022-10-20,SpaceX,Cape Canaveral,Falcon 9,Communications
Starlink-5193 ,USA,Commercial,Communications,LEO,Non-Polar Inclined,0.0,260,2022-10-20,SpaceX,Cape Canaveral,Falcon 9,Communications
Starlink-5194 ,USA,Commercial,Communications,LEO,Non-Polar Inclined,0.0,260,2022-10-28,SpaceX,Vandenberg AFB,Falcon 9,Communications
Starlink-5195 ,USA,Commercial,Communications,LEO,Non-Polar Inclined,0.0,260,2022-10-20,SpaceX,Cape Canaveral,Falcon 9,Communications
Starlink-5196 ,USA,Commercial,Communications,LEO,Polar,0.0,290,2023-01-19,SpaceX,Vandenberg AFB,Falcon 9,Communications
Starlink-5197 ,USA,Commercial,Communications,LEO,Non-Polar Inclined,0.0,260,2022-10-20,SpaceX,Cape Canaveral,Falcon 9,Communications
Starlink-5198 ,USA,Commercial,Communications,LEO,Non-Polar Inclined,0.0,260,2022-10-20,SpaceX,Cape Canaveral,Falcon 9,Communications
Starlink-5199 ,USA,Commercial,Communications,LEO,Non-Polar Inclined,0.0,260,2022-10-28,SpaceX,Vandenberg AFB,Falcon 9,Communications
Starlink-5200 ,USA,Commercial,Communications,LEO,Non-Polar Inclined,0.0,260,2022-10-20,SpaceX,Cape Canaveral,Falcon 9,Communications
Starlink-5201 ,USA,Commercial,Communications,LEO,Non-Polar Inclined,0.0,260,2022-10-20,SpaceX,Cape Canaveral,Falcon 9,Communications
Starlink-5202 ,USA,Commercial,Communications,LEO,Non-Polar Inclined,0.0,260,2022-12-17,SpaceX,Cape Canaveral,Falcon 9,Communications
Starlink-5203 ,USA,Commercial,Communications,LEO,Non-Polar Inclined,0.0,260,2022-10-20,SpaceX,Cape Canaveral,Falcon 9,Communications
Starlink-5204 ,USA,Commercial,Communications,LEO,Non-Polar Inclined,0.0,260,2022-10-20,SpaceX,Cape Canaveral,Falcon 9,Communications
Starlink-5205 ,USA,Commercial,Communications,LEO,Non-Polar Inclined,0.0,260,2022-10-28,SpaceX,Vandenberg AFB,Falcon 9,Communications
Starlink-5209 ,USA,Commercial,Communications,LEO,Non-Polar Inclined,0.0,260,2022-10-20,SpaceX,Cape Canaveral,Falcon 9,Communications
Starlink-5210 ,USA,Commercial,Communications,LEO,Non-Polar Inclined,0.0,260,2022-10-20,SpaceX,Cape Canaveral,Falcon 9,Communications
Starlink-5211 ,USA,Commercial,Communications,LEO,Non-Polar Inclined,0.0,260,2022-10-20,SpaceX,Cape Canaveral,Falcon 9,Communications
Starlink-5212 ,USA,Commercial,Communications,LEO,Non-Polar Inclined,0.0,260,2022-10-20,SpaceX,Cape Canaveral,Falcon 9,Communications
Starlink-5213 ,USA,Commercial,Communications,LEO,Non-Polar Inclined,0.0,260,2022-10-20,SpaceX,Cape Canaveral,Falcon 9,Communications
Starlink-5214 ,USA,Commercial,Communications,LEO,Non-Polar Inclined,0.0,260,2022-12-17,SpaceX,Cape Canaveral,Falcon 9,Communications
Starlink-5215 ,USA,Commercial,Communications,LEO,Non-Polar Inclined,0.0,260,2022-12-17,SpaceX,Cape Canaveral,Falcon 9,Communications
Starlink-5217 ,USA,Commercial,Communications,LEO,Non-Polar Inclined,0.0,260,2022-10-20,SpaceX,Cape Canaveral,Falcon 9,Communications
Starlink-5218                ,USA,Commercial,Communications,LEO,Polar,0.0,290,2023-02-17,SpaceX,Vandenberg AFB,Falcon 9,Communications
Starlink-5219 ,USA,Commercial,Communications,LEO,Non-Polar Inclined,0.0,260,2022-10-20,SpaceX,Cape Canaveral,Falcon 9,Communications
Starlink-5220 ,USA,Commercial,Communications,LEO,Non-Polar Inclined,0.0,260,2022-12-17,SpaceX,Cape Canaveral,Falcon 9,Communications
Starlink-5221 ,USA,Commercial,Communications,LEO,Non-Polar Inclined,0.0,260,2022-10-20,SpaceX,Cape Canaveral,Falcon 9,Communications
Starlink-5222 ,USA,Commercial,Communications,LEO,Non-Polar Inclined,0.0,260,2022-10-20,SpaceX,Cape Canaveral,Falcon 9,Communications
Starlink-5223 ,USA,Commercial,Communications,LEO,Non-Polar Inclined,0.0,260,2022-10-20,SpaceX,Cape Canaveral,Falcon 9,Communications
Starlink-5224                ,USA,Commercial,Communications,LEO,Polar,0.0,290,2023-01-31,SpaceX,Vandenberg AFB,Falcon 9,Communications
Starlink-5225 ,USA,Commercial,Communications,LEO,Non-Polar Inclined,0.0,260,2022-10-20,SpaceX,Cape Canaveral,Falcon 9,Communications
Starlink-5226 ,USA,Commercial,Communications,LEO,Non-Polar Inclined,0.0,260,2022-10-20,SpaceX,Cape Canaveral,Falcon 9,Communications
Starlink-5227 ,USA,Commercial,Communications,LEO,Non-Polar Inclined,0.0,260,2022-10-28,SpaceX,Vandenberg AFB,Falcon 9,Communications
Starlink-5228 ,USA,Commercial,Communications,LEO,Non-Polar Inclined,0.0,260,2022-10-28,SpaceX,Vandenberg AFB,Falcon 9,Communications
Starlink-5229 ,USA,Commercial,Communications,LEO,Non-Polar Inclined,0.0,260,2022-10-28,SpaceX,Vandenberg AFB,Falcon 9,Communications
Starlink-5230                ,USA,Commercial,Communications,LEO,Polar,0.0,290,2023-01-31,SpaceX,Vandenberg AFB,Falcon 9,Communications
Starlink-5231 ,USA,Commercial,Communications,LEO,Non-Polar Inclined,0.0,260,2022-10-28,SpaceX,Vandenberg AFB,Falcon 9,Communications
Starlink-5232                ,USA,Commercial,Communications,LEO,Polar,0.0,290,2023-02-17,SpaceX,Vandenberg AFB,Falcon 9,Communications
Starlink-5233 ,USA,Commercial,Communications,LEO,Non-Polar Inclined,0.0,260,2022-10-28,SpaceX,Vandenberg AFB,Falcon 9,Communications
Starlink-5234 ,USA,Commercial,Communications,LEO,Non-Polar Inclined,0.0,260,2022-10-28,SpaceX,Vandenberg AFB,Falcon 9,Communications
Starlink-5235 ,USA,Commercial,Communications,LEO,Non-Polar Inclined,0.0,260,2022-10-28,SpaceX,Vandenberg AFB,Falcon 9,Communications
Starlink-5236                ,USA,Commercial,Communications,LEO,Polar,0.0,290,2023-01-19,SpaceX,Vandenberg AFB,Falcon 9,Communications
Starlink-5237 ,USA,Commercial,Communications,LEO,Non-Polar Inclined,0.0,260,2022-10-28,SpaceX,Vandenberg AFB,Falcon 9,Communications
Starlink-5238 ,USA,Commercial,Communications,LEO,Non-Polar Inclined,0.0,260,2022-10-28,SpaceX,Vandenberg AFB,Falcon 9,Communications
Starlink-5239 ,USA,Commercial,Communications,LEO,Non-Polar Inclined,0.0,260,2022-10-28,SpaceX,Vandenberg AFB,Falcon 9,Communications
Starlink-5240 ,USA,Commercial,Communications,LEO,Non-Polar Inclined,0.0,260,2022-10-28,SpaceX,Vandenberg AFB,Falcon 9,Communications
Starlink-5241 ,USA,Commercial,Communications,LEO,Non-Polar Inclined,0.0,260,2022-10-28,SpaceX,Vandenberg AFB,Falcon 9,Communications
Starlink-5242 ,USA,Commercial,Communications,LEO,Non-Polar Inclined,0.0,260,2022-10-28,SpaceX,Vandenberg AFB,Falcon 9,Communications
Starlink-5243 ,USA,Commercial,Communications,LEO,Non-Polar Inclined,0.0,260,2022-10-28,SpaceX,Vandenberg AFB,Falcon 9,Communications
Starlink-5244 ,USA,Commercial,Communications,LEO,Non-Polar Inclined,0.0,260,2022-10-28,SpaceX,Vandenberg AFB,Falcon 9,Communications
Starlink-5245 ,USA,Commercial,Communications,LEO,Non-Polar Inclined,0.0,260,2022-10-28,SpaceX,Vandenberg AFB,Falcon 9,Communications
Starlink-5246 ,USA,Commercial,Communications,LEO,Non-Polar Inclined,0.0,260,2022-10-28,SpaceX,Vandenberg AFB,Falcon 9,Communications
Starlink-5247 ,USA,Commercial,Communications,LEO,Non-Polar Inclined,0.0,260,2022-10-28,SpaceX,Vandenberg AFB,Falcon 9,Communications
Starlink-5248 ,USA,Commercial,Communications,LEO,Non-Polar Inclined,0.0,260,2022-10-28,SpaceX,Vandenberg AFB,Falcon 9,Communications
Starlink-5249 ,USA,Commercial,Communications,LEO,Non-Polar Inclined,0.0,260,2022-10-28,SpaceX,Vandenberg AFB,Falcon 9,Communications
Starlink-5250 ,USA,Commercial,Communications,LEO,Non-Polar Inclined,0.0,260,2022-10-28,SpaceX,Vandenberg AFB,Falcon 9,Communications
Starlink-5255 ,USA,Commercial,Communications,LEO,Non-Polar Inclined,0.0,260,2022-10-28,SpaceX,Vandenberg AFB,Falcon 9,Communications
Starlink-5256 ,USA,Commercial,Communications,LEO,Non-Polar Inclined,0.0,260,2022-10-28,SpaceX,Vandenberg AFB,Falcon 9,Communications
Starlink-5257                ,USA,Commercial,Communications,LEO,Polar,0.0,290,2023-01-19,SpaceX,Vandenberg AFB,Falcon 9,Communications
Starlink-5258 ,USA,Commercial,Communications,LEO,Non-Polar Inclined,0.0,260,2022-10-28,SpaceX,Vandenberg AFB,Falcon 9,Communications
Starlink-5259 ,USA,Commercial,Communications,LEO,Non-Polar Inclined,0.0,260,2022-10-28,SpaceX,Vandenberg AFB,Falcon 9,Communications
Starlink-5260                ,USA,Commercial,Communications,LEO,Polar,0.0,290,2023-01-19,SpaceX,Vandenberg AFB,Falcon 9,Communications
Starlink-5261                ,USA,Commercial,Communications,LEO,Polar,0.0,290,2023-01-19,SpaceX,Vandenberg AFB,Falcon 9,Communications
Starlink-5262 ,USA,Commercial,Communications,LEO,Non-Polar Inclined,0.0,260,2022-10-28,SpaceX,Vandenberg AFB,Falcon 9,Communications
Starlink-5263 ,USA,Commercial,Communications,LEO,Non-Polar Inclined,0.0,260,2022-10-28,SpaceX,Vandenberg AFB,Falcon 9,Communications
Starlink-5264 ,USA,Commercial,Communications,LEO,Non-Polar Inclined,0.0,260,2022-10-28,SpaceX,Vandenberg AFB,Falcon 9,Communications
Starlink-5265                ,USA,Commercial,Communications,LEO,Polar,0.0,290,2023-01-19,SpaceX,Vandenberg AFB,Falcon 9,Communications
Starlink-5266                ,USA,Commercial,Communications,LEO,Polar,0.0,290,2023-01-19,SpaceX,Vandenberg AFB,Falcon 9,Communications
Starlink-5267                ,USA,Commercial,Communications,LEO,Polar,0.0,290,2023-02-17,SpaceX,Vandenberg AFB,Falcon 9,Communications
Starlink-5268 ,USA,Commercial,Communications,LEO,Non-Polar Inclined,0.0,260,2022-10-28,SpaceX,Vandenberg AFB,Falcon 9,Communications
Starlink-5269 ,USA,Commercial,Communications,LEO,Non-Polar Inclined,0.0,260,2022-10-28,SpaceX,Vandenberg AFB,Falcon 9,Communications
Starlink-5270                ,USA,Commercial,Communications,LEO,Polar,0.0,290,2023-01-19,SpaceX,Vandenberg AFB,Falcon 9,Communications
Starlink-5271 ,USA,Commercial,Communications,LEO,Non-Polar Inclined,0.0,260,2022-10-28,SpaceX,Vandenberg AFB,Falcon 9,Communications
Starlink-5272,USA,Commercial,Communications,LEO,Polar,0.0,290,2023-01-19,SpaceX,Vandenberg AFB,Falcon 9,Communications
Starlink-5273 ,USA,Commercial,Communications,LEO,Non-Polar Inclined,0.0,260,2022-10-28,SpaceX,Vandenberg AFB,Falcon 9,Communications
Starlink-5274                ,USA,Commercial,Communications,LEO,Polar,0.0,290,2023-01-31,SpaceX,Vandenberg AFB,Falcon 9,Communications
Starlink-5275                ,USA,Commercial,Communications,LEO,Polar,0.0,290,2023-01-31,SpaceX,Vandenberg AFB,Falcon 9,Communications
Starlink-5276                ,USA,Commercial,Communications,LEO,Polar,0.0,290,2023-01-31,SpaceX,Vandenberg AFB,Falcon 9,Communications
Starlink-5277,USA,Commercial,Communications,LEO,Polar,0.0,290,2023-01-19,SpaceX,Vandenberg AFB,Falcon 9,Communications
Starlink-5278 ,USA,Commercial,Communications,LEO,Non-Polar Inclined,0.0,260,2022-10-28,SpaceX,Vandenberg AFB,Falcon 9,Communications
Starlink-5279 ,USA,Commercial,Communications,LEO,Non-Polar Inclined,0.0,260,2022-10-28,SpaceX,Vandenberg AFB,Falcon 9,Communications
Starlink-5280 ,USA,Commercial,Communications,LEO,Non-Polar Inclined,0.0,260,2022-10-28,SpaceX,Vandenberg AFB,Falcon 9,Communications
Starlink-5281 ,USA,Commercial,Communications,LEO,Non-Polar Inclined,0.0,260,2022-10-28,SpaceX,Vandenberg AFB,Falcon 9,Communications
Starlink-5282 ,USA,Commercial,Communications,LEO,Non-Polar Inclined,0.0,260,2022-10-28,SpaceX,Vandenberg AFB,Falcon 9,Communications
Starlink-5283                ,USA,Commercial,Communications,LEO,Polar,0.0,290,2023-01-31,SpaceX,Vandenberg AFB,Falcon 9,Communications
Starlink-5284                ,USA,Commercial,Communications,LEO,Polar,0.0,290,2023-01-19,SpaceX,Vandenberg AFB,Falcon 9,Communications
Starlink-5285                ,USA,Commercial,Communications,LEO,Polar,0.0,290,2023-01-19,SpaceX,Vandenberg AFB,Falcon 9,Communications
Starlink-5286                ,USA,Commercial,Communications,LEO,Polar,0.0,290,2023-01-19,SpaceX,Vandenberg AFB,Falcon 9,Communications
Starlink-5287                ,USA,Commercial,Communications,LEO,Polar,0.0,290,2023-01-19,SpaceX,Vandenberg AFB,Falcon 9,Communications
Starlink-5288 ,USA,Commercial,Communications,LEO,Non-Polar Inclined,0.0,260,2022-07-07,SpaceX,Cape Canaveral,Falcon 9,Communications
Starlink-5288                ,USA,Commercial,Communications,LEO,Polar,0.0,290,2023-01-19,SpaceX,Vandenberg AFB,Falcon 9,Communications
Starlink-5289                ,USA,Commercial,Communications,LEO,Polar,0.0,290,2023-01-19,SpaceX,Vandenberg AFB,Falcon 9,Communications
Starlink-5290 ,USA,Commercial,Communications,LEO,Non-Polar Inclined,0.0,260,2022-10-28,SpaceX,Vandenberg AFB,Falcon 9,Communications
Starlink-5291                ,USA,Commercial,Communications,LEO,Polar,0.0,290,2023-01-19,SpaceX,Vandenberg AFB,Falcon 9,Communications
Starlink-5292                ,USA,Commercial,Communications,LEO,Polar,0.0,290,2023-01-19,SpaceX,Vandenberg AFB,Falcon 9,Communications
Starlink-5293                ,USA,Commercial,Communications,LEO,Polar,0.0,290,2023-01-19,SpaceX,Vandenberg AFB,Falcon 9,Communications
Starlink-5294 ,USA,Commercial,Communications,LEO,Non-Polar Inclined,0.0,260,2022-10-28,SpaceX,Vandenberg AFB,Falcon 9,Communications
Starlink-5295                ,USA,Commercial,Communications,LEO,Polar,0.0,290,2023-01-19,SpaceX,Vandenberg AFB,Falcon 9,Communications
Starlink-5296                ,USA,Commercial,Communications,LEO,Polar,0.0,290,2023-01-19,SpaceX,Vandenberg AFB,Falcon 9,Communications
Starlink-5297 ,USA,Commercial,Communications,LEO,Non-Polar Inclined,0.0,260,2022-10-28,SpaceX,Vandenberg AFB,Falcon 9,Communications
Starlink-5298                ,USA,Commercial,Communications,LEO,Polar,0.0,290,2023-01-19,SpaceX,Vandenberg AFB,Falcon 9,Communications
Starlink-5299                ,USA,Commercial,Communications,LEO,Polar,0.0,290,2023-01-19,SpaceX,Vandenberg AFB,Falcon 9,Communications
Starlink-5300                ,USA,Commercial,Communications,LEO,Polar,0.0,290,2023-02-17,SpaceX,Vandenberg AFB,Falcon 9,Communications
Starlink-5301,USA,Commercial,Communications,LEO,Polar,0.0,290,2023-01-19,SpaceX,Vandenberg AFB,Falcon 9,Communications
Starlink-5303                ,USA,Commercial,Communications,LEO,Polar,0.0,290,2023-02-17,SpaceX,Vandenberg AFB,Falcon 9,Communications
Starlink-5304 ,USA,Commercial,Communications,LEO,Non-Polar Inclined,0.0,260,2022-12-28,SpaceX,Cape Canaveral,Falcon 9,Communications
Starlink-5305                ,USA,Commercial,Communications,LEO,Polar,0.0,290,2023-01-19,SpaceX,Vandenberg AFB,Falcon 9,Communications
Starlink-5306                ,USA,Commercial,Communications,LEO,Polar,0.0,290,2023-01-19,SpaceX,Vandenberg AFB,Falcon 9,Communications
Starlink-5307                ,USA,Commercial,Communications,LEO,Polar,0.0,290,2023-02-17,SpaceX,Vandenberg AFB,Falcon 9,Communications
Starlink-5308                ,USA,Commercial,Communications,LEO,Polar,0.0,290,2023-01-19,SpaceX,Vandenberg AFB,Falcon 9,Communications
Starlink-5309                ,USA,Commercial,Communications,LEO,Polar,0.0,290,2023-01-19,SpaceX,Vandenberg AFB,Falcon 9,Communications
Starlink-5310                ,USA,Commercial,Communications,LEO,Polar,0.0,290,2023-01-19,SpaceX,Vandenberg AFB,Falcon 9,Communications
Starlink-5311                ,USA,Commercial,Communications,LEO,Polar,0.0,290,2023-01-19,SpaceX,Vandenberg AFB,Falcon 9,Communications
Starlink-5312                ,USA,Commercial,Communications,LEO,Polar,0.0,290,2023-01-19,SpaceX,Vandenberg AFB,Falcon 9,Communications
Starlink-5313                ,USA,Commercial,Communications,LEO,Polar,0.0,290,2023-01-19,SpaceX,Vandenberg AFB,Falcon 9,Communications
Starlink-5314                ,USA,Commercial,Communications,LEO,Polar,0.0,290,2023-02-17,SpaceX,Vandenberg AFB,Falcon 9,Communications
Starlink-5315                ,USA,Commercial,Communications,LEO,Polar,0.0,290,2023-01-19,SpaceX,Vandenberg AFB,Falcon 9,Communications
Starlink-5316                ,USA,Commercial,Communications,LEO,Polar,0.0,290,2023-01-19,SpaceX,Vandenberg AFB,Falcon 9,Communications
Starlink-5317                ,USA,Commercial,Communications,LEO,Polar,0.0,290,2023-01-19,SpaceX,Vandenberg AFB,Falcon 9,Communications
Starlink-5318                ,USA,Commercial,Communications,LEO,Polar,0.0,290,2023-01-19,SpaceX,Vandenberg AFB,Falcon 9,Communications
Starlink-5320                ,USA,Commercial,Communications,LEO,Polar,0.0,290,2023-01-19,SpaceX,Vandenberg AFB,Falcon 9,Communications
Starlink-5321                ,USA,Commercial,Communications,LEO,Polar,0.0,290,2023-01-19,SpaceX,Vandenberg AFB,Falcon 9,Communications
Starlink-5322                ,USA,Commercial,Communications,LEO,Polar,0.0,290,2023-01-19,SpaceX,Vandenberg AFB,Falcon 9,Communications
Starlink-5323                ,USA,Commercial,Communications,LEO,Polar,0.0,290,2023-01-19,SpaceX,Vandenberg AFB,Falcon 9,Communications
Starlink-5324                ,USA,Commercial,Communications,LEO,Polar,0.0,290,2023-02-17,SpaceX,Vandenberg AFB,Falcon 9,Communications
Starlink-5325                ,USA,Commercial,Communications,LEO,Polar,0.0,290,2023-01-19,SpaceX,Vandenberg AFB,Falcon 9,Communications
Starlink-5326                ,USA,Commercial,Communications,LEO,Polar,0.0,290,2023-02-17,SpaceX,Vandenberg AFB,Falcon 9,Communications
Starlink-5327                ,USA,Commercial,Communications,LEO,Polar,0.0,290,2023-01-19,SpaceX,Vandenberg AFB,Falcon 9,Communications
Starlink-5328                ,USA,Commercial,Communications,LEO,Polar,0.0,290,2023-02-17,SpaceX,Vandenberg AFB,Falcon 9,Communications
Starlink-5330                ,USA,Commercial,Communications,LEO,Polar,0.0,290,2023-01-19,SpaceX,Vandenberg AFB,Falcon 9,Communications
Starlink-5331                ,USA,Commercial,Communications,LEO,Polar,0.0,290,2023-01-19,SpaceX,Vandenberg AFB,Falcon 9,Communications
Starlink-5332                ,USA,Commercial,Communications,LEO,Polar,0.0,290,2023-01-19,SpaceX,Vandenberg AFB,Falcon 9,Communications
Starlink-5337                ,USA,Commercial,Communications,LEO,Polar,0.0,290,2023-01-19,SpaceX,Vandenberg AFB,Falcon 9,Communications
Starlink-5338                ,USA,Commercial,Communications,LEO,Polar,0.0,290,2023-01-19,SpaceX,Vandenberg AFB,Falcon 9,Communications
Starlink-5341                ,USA,Commercial,Communications,LEO,Polar,0.0,290,2023-01-19,SpaceX,Vandenberg AFB,Falcon 9,Communications
Starlink-5344                ,USA,Commercial,Communications,LEO,Non-Polar Inclined,0.0,290,2023-02-02,SpaceX,Cape Canaveral,Falcon 9,Communications
Starlink-5359 ,USA,Commercial,Communications,LEO,Non-Polar Inclined,0.0,260,2022-12-28,SpaceX,Cape Canaveral,Falcon 9,Communications
Starlink-5360 ,USA,Commercial,Communications,LEO,Non-Polar Inclined,0.0,260,2022-12-28,SpaceX,Cape Canaveral,Falcon 9,Communications
Starlink-5362                ,USA,Commercial,Communications,LEO,Non-Polar Inclined,0.0,290,2023-02-02,SpaceX,Cape Canaveral,Falcon 9,Communications
Starlink-5363                ,USA,Commercial,Communications,LEO,Non-Polar Inclined,0.0,290,2023-02-02,SpaceX,Cape Canaveral,Falcon 9,Communications
Starlink-5364                ,USA,Commercial,Communications,LEO,Non-Polar Inclined,0.0,290,2023-02-02,SpaceX,Cape Canaveral,Falcon 9,Communications
Starlink-5365                ,USA,Commercial,Communications,LEO,Non-Polar Inclined,0.0,290,2023-02-02,SpaceX,Cape Canaveral,Falcon 9,Communications
Starlink-5366                ,USA,Commercial,Communications,LEO,Non-Polar Inclined,0.0,290,2023-02-02,SpaceX,Cape Canaveral,Falcon 9,Communications
Starlink-5367,USA,Commercial,Communications,LEO,Non-Polar Inclined,0.0,290,2023-02-02,SpaceX,Cape Canaveral,Falcon 9,Communications
Starlink-5368 ,USA,Commercial,Communications,LEO,Non-Polar Inclined,0.0,260,2022-12-28,SpaceX,Cape Canaveral,Falcon 9,Communications
Starlink-5369 ,USA,Commercial,Communications,LEO,Non-Polar Inclined,0.0,260,2022-12-28,SpaceX,Cape Canaveral,Falcon 9,Communications
Starlink-5370                ,USA,Commercial,Communications,LEO,Non-Polar Inclined,0.0,290,2023-03-29,SpaceX,Cape Canaveral,Falcon 9,Communications
Starlink-5370                ,USA,Commercial,Communications,LEO,Non-Polar Inclined,0.0,290,2023-03-29,SpaceX,Cape Canaveral,Falcon 9,Communications
Starlink-5372 ,USA,Commercial,Communications,LEO,Non-Polar Inclined,0.0,260,2022-12-28,SpaceX,Cape Canaveral,Falcon 9,Communications
Starlink-5373                ,USA,Commercial,Communications,LEO,Non-Polar Inclined,0.0,290,2023-02-02,SpaceX,Cape Canaveral,Falcon 9,Communications
Starlink-5374                ,USA,Commercial,Communications,LEO,Non-Polar Inclined,0.0,290,2023-03-29,SpaceX,Cape Canaveral,Falcon 9,Communications
Starlink-5374                ,USA,Commercial,Communications,LEO,Non-Polar Inclined,0.0,290,2023-03-29,SpaceX,Cape Canaveral,Falcon 9,Communications
Starlink-5375                ,USA,Commercial,Communications,LEO,Non-Polar Inclined,0.0,290,2023-03-29,SpaceX,Cape Canaveral,Falcon 9,Communications
Starlink-5376                ,USA,Commercial,Communications,LEO,Non-Polar Inclined,0.0,290,2023-03-29,SpaceX,Cape Canaveral,Falcon 9,Communications
Starlink-5376                ,USA,Commercial,Communications,LEO,Non-Polar Inclined,0.0,290,2023-03-29,SpaceX,Cape Canaveral,Falcon 9,Communications
Starlink-5377                ,USA,Commercial,Communications,LEO,Non-Polar Inclined,0.0,290,2023-03-29,SpaceX,Cape Canaveral,Falcon 9,Communications
Starlink-5378                ,USA,Commercial,Communications,LEO,Non-Polar Inclined,0.0,290,2023-03-29,SpaceX,Cape Canaveral,Falcon 9,Communications
Starlink-5379 ,USA,Commercial,Communications,LEO,Non-Polar Inclined,0.0,260,2022-12-28,SpaceX,Cape Canaveral,Falcon 9,Communications
Starlink-5380 ,USA,Commercial,Communications,LEO,Non-Polar Inclined,0.0,260,2022-12-28,SpaceX,Cape Canaveral,Falcon 9,Communications
Starlink-5381 ,USA,Commercial,Communications,LEO,Non-Polar Inclined,0.0,260,2022-12-28,SpaceX,Cape Canaveral,Falcon 9,Communications
Starlink-5382 ,USA,Commercial,Communications,LEO,Non-Polar Inclined,0.0,260,2022-12-28,SpaceX,Cape Canaveral,Falcon 9,Communications
Starlink-5383 ,USA,Commercial,Communications,LEO,Non-Polar Inclined,0.0,260,2022-12-28,SpaceX,Cape Canaveral,Falcon 9,Communications
Starlink-5384 ,USA,Commercial,Communications,LEO,Non-Polar Inclined,0.0,260,2022-12-28,SpaceX,Cape Canaveral,Falcon 9,Communications
Starlink-5385 ,USA,Commercial,Communications,LEO,Non-Polar Inclined,0.0,260,2022-12-28,SpaceX,Cape Canaveral,Falcon 9,Communications
Starlink-5386 ,USA,Commercial,Communications,LEO,Non-Polar Inclined,0.0,260,2022-12-28,SpaceX,Cape Canaveral,Falcon 9,Communications
Starlink-5387 ,USA,Commercial,Communications,LEO,Non-Polar Inclined,0.0,260,2022-12-28,SpaceX,Cape Canaveral,Falcon 9,Communications
Starlink-5388 ,USA,Commercial,Communications,LEO,Non-Polar Inclined,0.0,260,2022-12-28,SpaceX,Cape Canaveral,Falcon 9,Communications
Starlink-5389 ,USA,Commercial,Communications,LEO,Non-Polar Inclined,0.0,260,2022-12-28,SpaceX,Cape Canaveral,Falcon 9,Communications
Starlink-5390 ,USA,Commercial,Communications,LEO,Non-Polar Inclined,0.0,260,2022-12-28,SpaceX,Cape Canaveral,Falcon 9,Communications
Starlink-5391 ,USA,Commercial,Communications,LEO,Non-Polar Inclined,0.0,260,2022-12-28,SpaceX,Cape Canaveral,Falcon 9,Communications
Starlink-5392 ,USA,Commercial,Communications,LEO,Non-Polar Inclined,0.0,260,2022-12-17,SpaceX,Cape Canaveral,Falcon 9,Communications
Starlink-5393 ,USA,Commercial,Communications,LEO,Non-Polar Inclined,0.0,260,2022-12-28,SpaceX,Cape Canaveral,Falcon 9,Communications
Starlink-5394 ,USA,Commercial,Communications,LEO,Non-Polar Inclined,0.0,260,2022-12-28,SpaceX,Cape Canaveral,Falcon 9,Communications
Starlink-5395 ,USA,Commercial,Communications,LEO,Non-Polar Inclined,0.0,260,2022-12-28,SpaceX,Cape Canaveral,Falcon 9,Communications
Starlink-5396 ,USA,Commercial,Communications,LEO,Non-Polar Inclined,0.0,260,2022-12-28,SpaceX,Cape Canaveral,Falcon 9,Communications
Starlink-5397 ,USA,Commercial,Communications,LEO,Non-Polar Inclined,0.0,260,2022-12-28,SpaceX,Cape Canaveral,Falcon 9,Communications
Starlink-5398 ,USA,Commercial,Communications,LEO,Non-Polar Inclined,0.0,260,2022-12-28,SpaceX,Cape Canaveral,Falcon 9,Communications
Starlink-5399 ,USA,Commercial,Communications,LEO,Non-Polar Inclined,0.0,260,2022-12-17,SpaceX,Cape Canaveral,Falcon 9,Communications
Starlink-5400 ,USA,Commercial,Communications,LEO,Non-Polar Inclined,0.0,260,2022-12-28,SpaceX,Cape Canaveral,Falcon 9,Communications
Starlink-5401 ,USA,Commercial,Communications,LEO,Non-Polar Inclined,0.0,260,2022-12-28,SpaceX,Cape Canaveral,Falcon 9,Communications
Starlink-5402 ,USA,Commercial,Communications,LEO,Non-Polar Inclined,0.0,260,2022-12-28,SpaceX,Cape Canaveral,Falcon 9,Communications
Starlink-5403 ,USA,Commercial,Communications,LEO,Non-Polar Inclined,0.0,260,2022-12-28,SpaceX,Cape Canaveral,Falcon 9,Communications
Starlink-5404 ,USA,Commercial,Communications,LEO,Non-Polar Inclined,0.0,260,2022-12-17,SpaceX,Cape Canaveral,Falcon 9,Communications
Starlink-5405 ,USA,Commercial,Communications,LEO,Non-Polar Inclined,0.0,260,2022-12-28,SpaceX,Cape Canaveral,Falcon 9,Communications
Starlink-5406 ,USA,Commercial,Communications,LEO,Non-Polar Inclined,0.0,260,2022-12-28,SpaceX,Cape Canaveral,Falcon 9,Communications
Starlink-5407 ,USA,Commercial,Communications,LEO,Non-Polar Inclined,0.0,260,2022-12-28,SpaceX,Cape Canaveral,Falcon 9,Communications
Starlink-5408 ,USA,Commercial,Communications,LEO,Non-Polar Inclined,0.0,260,2022-12-17,SpaceX,Cape Canaveral,Falcon 9,Communications
Starlink-5409 ,USA,Commercial,Communications,LEO,Non-Polar Inclined,0.0,260,2022-12-28,SpaceX,Cape Canaveral,Falcon 9,Communications
Starlink-5410 ,USA,Commercial,Communications,LEO,Non-Polar Inclined,0.0,260,2022-12-17,SpaceX,Cape Canaveral,Falcon 9,Communications
Starlink-5411 ,USA,Commercial,Communications,LEO,Non-Polar Inclined,0.0,260,2022-12-28,SpaceX,Cape Canaveral,Falcon 9,Communications
Starlink-5412 ,USA,Commercial,Communications,LEO,Non-Polar Inclined,0.0,260,2022-12-17,SpaceX,Cape Canaveral,Falcon 9,Communications
Starlink-5413 ,USA,Commercial,Communications,LEO,Non-Polar Inclined,0.0,260,2022-12-17,SpaceX,Cape Canaveral,Falcon 9,Communications
Starlink-5414 ,USA,Commercial,Communications,LEO,Non-Polar Inclined,0.0,260,2022-12-17,SpaceX,Cape Canaveral,Falcon 9,Communications
Starlink-5415 ,USA,Commercial,Communications,LEO,Non-Polar Inclined,0.0,260,2022-12-17,SpaceX,Cape Canaveral,Falcon 9,Communications
Starlink-5416 ,USA,Commercial,Communications,LEO,Non-Polar Inclined,0.0,260,2022-12-28,SpaceX,Cape Canaveral,Falcon 9,Communications
Starlink-5417 ,USA,Commercial,Communications,LEO,Non-Polar Inclined,0.0,260,2022-12-17,SpaceX,Cape Canaveral,Falcon 9,Communications
Starlink-5418 ,USA,Commercial,Communications,LEO,Non-Polar Inclined,0.0,260,2022-12-28,SpaceX,Cape Canaveral,Falcon 9,Communications
Starlink-5419 ,USA,Commercial,Communications,LEO,Non-Polar Inclined,0.0,260,2022-12-28,SpaceX,Cape Canaveral,Falcon 9,Communications
Starlink-5420 ,USA,Commercial,Communications,LEO,Non-Polar Inclined,0.0,260,2022-12-17,SpaceX,Cape Canaveral,Falcon 9,Communications
Starlink-5421 ,USA,Commercial,Communications,LEO,Non-Polar Inclined,0.0,260,2022-12-17,SpaceX,Cape Canaveral,Falcon 9,Communications
Starlink-5422 ,USA,Commercial,Communications,LEO,Non-Polar Inclined,0.0,260,2022-12-17,SpaceX,Cape Canaveral,Falcon 9,Communications
Starlink-5423                ,USA,Commercial,Communications,LEO,Polar,0.0,290,2023-02-17,SpaceX,Vandenberg AFB,Falcon 9,Communications
Starlink-5424 ,USA,Commercial,Communications,LEO,Non-Polar Inclined,0.0,260,2022-12-17,SpaceX,Cape Canaveral,Falcon 9,Communications
Starlink-5425 ,USA,Commercial,Communications,LEO,Non-Polar Inclined,0.0,260,2022-12-17,SpaceX,Cape Canaveral,Falcon 9,Communications
Starlink-5426 ,USA,Commercial,Communications,LEO,Non-Polar Inclined,0.0,260,2022-12-17,SpaceX,Cape Canaveral,Falcon 9,Communications
Starlink-5427 ,USA,Commercial,Communications,LEO,Non-Polar Inclined,0.0,260,2022-12-28,SpaceX,Cape Canaveral,Falcon 9,Communications
Starlink-5428 ,USA,Commercial,Communications,LEO,Non-Polar Inclined,0.0,260,2022-12-17,SpaceX,Cape Canaveral,Falcon 9,Communications
Starlink-5429 ,USA,Commercial,Communications,LEO,Non-Polar Inclined,0.0,260,2022-12-17,SpaceX,Cape Canaveral,Falcon 9,Communications
Starlink-5430 ,USA,Commercial,Communications,LEO,Non-Polar Inclined,0.0,260,2022-12-17,SpaceX,Cape Canaveral,Falcon 9,Communications
Starlink-5431 ,USA,Commercial,Communications,LEO,Non-Polar Inclined,0.0,260,2022-12-17,SpaceX,Cape Canaveral,Falcon 9,Communications
Starlink-5432 ,USA,Commercial,Communications,LEO,Non-Polar Inclined,0.0,260,2022-12-28,SpaceX,Cape Canaveral,Falcon 9,Communications
Starlink-5433 ,USA,Commercial,Communications,LEO,Non-Polar Inclined,0.0,260,2022-12-17,SpaceX,Cape Canaveral,Falcon 9,Communications
Starlink-5434 ,USA,Commercial,Communications,LEO,Non-Polar Inclined,0.0,260,2022-12-28,SpaceX,Cape Canaveral,Falcon 9,Communications
Starlink-5435 ,USA,Commercial,Communications,LEO,Non-Polar Inclined,0.0,260,2022-12-17,SpaceX,Cape Canaveral,Falcon 9,Communications
Starlink-5436 ,USA,Commercial,Communications,LEO,Non-Polar Inclined,0.0,260,2022-12-17,SpaceX,Cape Canaveral,Falcon 9,Communications
Starlink-5437 ,USA,Commercial,Communications,LEO,Non-Polar Inclined,0.0,260,2022-12-17,SpaceX,Cape Canaveral,Falcon 9,Communications
Starlink-5438 ,USA,Commercial,Communications,LEO,Non-Polar Inclined,0.0,260,2022-12-17,SpaceX,Cape Canaveral,Falcon 9,Communications
Starlink-5439 ,USA,Commercial,Communications,LEO,Non-Polar Inclined,0.0,260,2022-12-17,SpaceX,Cape Canaveral,Falcon 9,Communications
Starlink-5440 ,USA,Commercial,Communications,LEO,Non-Polar Inclined,0.0,260,2022-12-17,SpaceX,Cape Canaveral,Falcon 9,Communications
Starlink-5441 ,USA,Commercial,Communications,LEO,Non-Polar Inclined,0.0,260,2022-12-17,SpaceX,Cape Canaveral,Falcon 9,Communications
Starlink-5442 ,USA,Commercial,Communications,LEO,Non-Polar Inclined,0.0,260,2022-12-17,SpaceX,Cape Canaveral,Falcon 9,Communications
Starlink-5443 ,USA,Commercial,Communications,LEO,Non-Polar Inclined,0.0,260,2022-12-17,SpaceX,Cape Canaveral,Falcon 9,Communications
Starlink-5444 ,USA,Commercial,Communications,LEO,Non-Polar Inclined,0.0,260,2022-12-17,SpaceX,Cape Canaveral,Falcon 9,Communications
Starlink-5445 ,USA,Commercial,Communications,LEO,Non-Polar Inclined,0.0,260,2022-12-17,SpaceX,Cape Canaveral,Falcon 9,Communications
Starlink-5446 ,USA,Commercial,Communications,LEO,Non-Polar Inclined,0.0,260,2022-12-17,SpaceX,Cape Canaveral,Falcon 9,Communications
Starlink-5447 ,USA,Commercial,Communications,LEO,Non-Polar Inclined,0.0,260,2022-12-17,SpaceX,Cape Canaveral,Falcon 9,Communications
Starlink-5448 ,USA,Commercial,Communications,LEO,Non-Polar Inclined,0.0,260,2022-12-17,SpaceX,Cape Canaveral,Falcon 9,Communications
Starlink-5449 ,USA,Commercial,Communications,LEO,Non-Polar Inclined,0.0,260,2022-12-17,SpaceX,Cape Canaveral,Falcon 9,Communications
Starlink-5450 ,USA,Commercial,Communications,LEO,Non-Polar Inclined,0.0,260,2022-12-17,SpaceX,Cape Canaveral,Falcon 9,Communications
Starlink-5451 ,USA,Commercial,Communications,LEO,Non-Polar Inclined,0.0,260,2022-12-17,SpaceX,Cape Canaveral,Falcon 9,Communications
Starlink-5452 ,USA,Commercial,Communications,LEO,Non-Polar Inclined,0.0,260,2022-12-17,SpaceX,Cape Canaveral,Falcon 9,Communications
Starlink-5453 ,USA,Commercial,Communications,LEO,Non-Polar Inclined,0.0,260,2022-12-17,SpaceX,Cape Canaveral,Falcon 9,Communications
Starlink-5454 ,USA,Commercial,Communications,LEO,Non-Polar Inclined,0.0,260,2022-12-17,SpaceX,Cape Canaveral,Falcon 9,Communications
Starlink-5455                ,USA,Commercial,Communications,LEO,Polar,0.0,290,2023-02-17,SpaceX,Vandenberg AFB,Falcon 9,Communications
Starlink-5456                ,USA,Commercial,Communications,LEO,Polar,0.0,290,2023-02-17,SpaceX,Vandenberg AFB,Falcon 9,Communications
Starlink-5458 ,USA,Commercial,Communications,LEO,Non-Polar Inclined,0.0,260,2022-12-17,SpaceX,Cape Canaveral,Falcon 9,Communications
Starlink-5459                ,USA,Commercial,Communications,LEO,Polar,0.0,290,2023-02-17,SpaceX,Vandenberg AFB,Falcon 9,Communications
Starlink-5460                ,USA,Commercial,Communications,LEO,Polar,0.0,290,2023-02-17,SpaceX,Vandenberg AFB,Falcon 9,Communications
Starlink-5461                ,USA,Commercial,Communications,LEO,Polar,0.0,290,2023-02-17,SpaceX,Vandenberg AFB,Falcon 9,Communications
Starlink-5462                ,USA,Commercial,Communications,LEO,Polar,0.0,290,2023-02-17,SpaceX,Vandenberg AFB,Falcon 9,Communications
Starlink-5463,USA,Commercial,Communications,LEO,Non-Polar Inclined,0.0,260,2022-08-19,SpaceX,Cape Canaveral,Falcon 9,Communications
Starlink-5463                ,USA,Commercial,Communications,LEO,Polar,0.0,290,2023-02-17,SpaceX,Vandenberg AFB,Falcon 9,Communications
Starlink-5464,USA,Commercial,Communications,LEO,Non-Polar Inclined,0.0,260,2022-12-17,SpaceX,Cape Canaveral,Falcon 9,Communications
Starlink-5465 ,USA,Commercial,Communications,LEO,Non-Polar Inclined,0.0,260,2022-12-17,SpaceX,Cape Canaveral,Falcon 9,Communications
Starlink-5466 ,USA,Commercial,Communications,LEO,Non-Polar Inclined,0.0,260,2022-12-17,SpaceX,Cape Canaveral,Falcon 9,Communications
Starlink-5467                ,USA,Commercial,Communications,LEO,Polar,0.0,290,2023-02-17,SpaceX,Vandenberg AFB,Falcon 9,Communications
Starlink-5468 ,USA,Commercial,Communications,LEO,Non-Polar Inclined,0.0,260,2022-12-17,SpaceX,Cape Canaveral,Falcon 9,Communications
Starlink-5469                ,USA,Commercial,Communications,LEO,Polar,0.0,290,2023-02-17,SpaceX,Vandenberg AFB,Falcon 9,Communications
Starlink-5470 ,USA,Commercial,Communications,LEO,Non-Polar Inclined,0.0,260,2022-12-17,SpaceX,Cape Canaveral,Falcon 9,Communications
Starlink-5471 ,USA,Commercial,Communications,LEO,Non-Polar Inclined,0.0,260,2022-12-17,SpaceX,Cape Canaveral,Falcon 9,Communications
Starlink-5472 ,USA,Commercial,Communications,LEO,Non-Polar Inclined,0.0,260,2022-12-17,SpaceX,Cape Canaveral,Falcon 9,Communications
Starlink-5472 ,USA,Commercial,Communications,LEO,Non-Polar Inclined,0.0,260,2022-12-17,SpaceX,Cape Canaveral,Falcon 9,Communications
Starlink-5473                ,USA,Commercial,Communications,LEO,Polar,0.0,290,2023-02-17,SpaceX,Vandenberg AFB,Falcon 9,Communications
Starlink-5474                ,USA,Commercial,Communications,LEO,Polar,0.0,290,2023-02-17,SpaceX,Vandenberg AFB,Falcon 9,Communications
Starlink-5475                ,USA,Commercial,Communications,LEO,Polar,0.0,290,2023-02-17,SpaceX,Vandenberg AFB,Falcon 9,Communications
Starlink-5477                ,USA,Commercial,Communications,LEO,Polar,0.0,290,2023-02-17,SpaceX,Vandenberg AFB,Falcon 9,Communications
Starlink-5478                ,USA,Commercial,Communications,LEO,Polar,0.0,290,2023-02-17,SpaceX,Vandenberg AFB,Falcon 9,Communications
Starlink-5479                ,USA,Commercial,Communications,LEO,Polar,0.0,290,2023-02-17,SpaceX,Vandenberg AFB,Falcon 9,Communications
Starlink-5480                ,USA,Commercial,Communications,LEO,Polar,0.0,290,2023-02-17,SpaceX,Vandenberg AFB,Falcon 9,Communications
Starlink-5482,USA,Commercial,Communications,LEO,Sun-Synchronous,0.0,300,2023-04-27,SpaceX,Cape Canaveral,Falcon 9,Communications
Starlink-5483                ,USA,Commercial,Communications,LEO,Polar,0.0,290,2023-02-17,SpaceX,Vandenberg AFB,Falcon 9,Communications
Starlink-5484                ,USA,Commercial,Communications,LEO,Polar,0.0,290,2023-02-17,SpaceX,Vandenberg AFB,Falcon 9,Communications
Starlink-5487                ,USA,Commercial,Communications,LEO,Polar,0.0,290,2023-02-17,SpaceX,Vandenberg AFB,Falcon 9,Communications
Starlink-5489                ,USA,Commercial,Communications,LEO,Non-Polar Inclined,0.0,290,2023-03-29,SpaceX,Cape Canaveral,Falcon 9,Communications
Starlink-5491                ,USA,Commercial,Communications,LEO,Non-Polar Inclined,0.0,290,2023-01-26,SpaceX,Cape Canaveral,Falcon 9,Communications
Starlink-5492                ,USA,Commercial,Communications,LEO,Non-Polar Inclined,0.0,290,2023-01-26,SpaceX,Cape Canaveral,Falcon 9,Communications
Starlink-5493                ,USA,Commercial,Communications,LEO,Non-Polar Inclined,0.0,290,2023-01-26,SpaceX,Cape Canaveral,Falcon 9,Communications
Starlink-5494                ,USA,Commercial,Communications,LEO,Polar,0.0,290,2023-02-17,SpaceX,Vandenberg AFB,Falcon 9,Communications
Starlink-5495                ,USA,Commercial,Communications,LEO,Polar,0.0,290,2023-02-17,SpaceX,Vandenberg AFB,Falcon 9,Communications
Starlink-5497                ,USA,Commercial,Communications,LEO,Polar,0.0,290,2023-02-17,SpaceX,Vandenberg AFB,Falcon 9,Communications
Starlink-5498                ,USA,Commercial,Communications,LEO,Polar,0.0,290,2023-02-17,SpaceX,Vandenberg AFB,Falcon 9,Communications
Starlink-5499                ,USA,Commercial,Communications,LEO,Polar,0.0,290,2023-03-03,SpaceX,Vandenberg AFB,Falcon 9,Communications
Starlink-5500                ,USA,Commercial,Communications,LEO,Polar,0.0,290,2023-02-17,SpaceX,Vandenberg AFB,Falcon 9,Communications
Starlink-5501                ,USA,Commercial,Communications,LEO,Polar,0.0,290,2023-02-17,SpaceX,Vandenberg AFB,Falcon 9,Communications
Starlink-5502                ,USA,Commercial,Communications,LEO,Polar,0.0,290,2023-02-17,SpaceX,Vandenberg AFB,Falcon 9,Communications
Starlink-5506                ,USA,Commercial,Communications,LEO,Polar,0.0,290,2023-02-17,SpaceX,Vandenberg AFB,Falcon 9,Communications
Starlink-5507                ,USA,Commercial,Communications,LEO,Polar,0.0,290,2023-02-17,SpaceX,Vandenberg AFB,Falcon 9,Communications
Starlink-5508                ,USA,Commercial,Communications,LEO,Polar,0.0,290,2023-02-17,SpaceX,Vandenberg AFB,Falcon 9,Communications
Starlink-5510                ,USA,Commercial,Communications,LEO,Polar,0.0,290,2023-02-17,SpaceX,Vandenberg AFB,Falcon 9,Communications
Starlink-5531                ,USA,Commercial,Communications,LEO,Non-Polar Inclined,0.0,290,2023-01-26,SpaceX,Cape Canaveral,Falcon 9,Communications
Starlink-5532                ,USA,Commercial,Communications,LEO,Polar,0.0,290,2023-03-03,SpaceX,Vandenberg AFB,Falcon 9,Communications
Starlink-5533,USA,Commercial,Communications,LEO,Sun-Synchronous,0.0,300,2023-04-27,SpaceX,Cape Canaveral,Falcon 9,Communications
Starlink-5535,USA,Commercial,Communications,LEO,Sun-Synchronous,0.0,300,2023-04-27,SpaceX,Cape Canaveral,Falcon 9,Communications
Starlink-5538,USA,Commercial,Communications,LEO,Sun-Synchronous,0.0,300,2023-04-27,SpaceX,Cape Canaveral,Falcon 9,Communications
Starlink-5539                ,USA,Commercial,Communications,LEO,Polar,0.0,290,2023-03-03,SpaceX,Vandenberg AFB,Falcon 9,Communications
Starlink-5540,USA,Commercial,Communications,LEO,Sun-Synchronous,0.0,300,2023-04-27,SpaceX,Cape Canaveral,Falcon 9,Communications
Starlink-5543,USA,Commercial,Communications,LEO,Sun-Synchronous,0.0,300,2023-04-27,SpaceX,Cape Canaveral,Falcon 9,Communications
Starlink-5544                ,USA,Commercial,Communications,LEO,Polar,0.0,290,2023-03-03,SpaceX,Vandenberg AFB,Falcon 9,Communications
Starlink-5546                ,USA,Commercial,Communications,LEO,Polar,0.0,290,2023-02-17,SpaceX,Vandenberg AFB,Falcon 9,Communications
Starlink-5547                ,USA,Commercial,Communications,LEO,Non-Polar Inclined,0.0,290,2023-01-26,SpaceX,Cape Canaveral,Falcon 9,Communications
Starlink-5548,USA,Commercial,Communications,LEO,Sun-Synchronous,0.0,300,2023-04-27,SpaceX,Cape Canaveral,Falcon 9,Communications
Starlink-5549,USA,Commercial,Communications,LEO,Sun-Synchronous,0.0,300,2023-04-27,SpaceX,Cape Canaveral,Falcon 9,Communications
Starlink-5550,USA,Commercial,Communications,LEO,Sun-Synchronous,0.0,300,2023-04-27,SpaceX,Cape Canaveral,Falcon 9,Communications
Starlink-5551,USA,Commercial,Communications,LEO,Sun-Synchronous,0.0,300,2023-04-27,SpaceX,Cape Canaveral,Falcon 9,Communications
Starlink-5552,USA,Commercial,Communications,LEO,Sun-Synchronous,0.0,300,2023-04-27,SpaceX,Cape Canaveral,Falcon 9,Communications
Starlink-5553,USA,Commercial,Communications,LEO,Sun-Synchronous,0.0,300,2023-04-27,SpaceX,Cape Canaveral,Falcon 9,Communications
Starlink-5554,USA,Commercial,Communications,LEO,Sun-Synchronous,0.0,300,2023-04-27,SpaceX,Cape Canaveral,Falcon 9,Communications
Starlink-5555                ,USA,Commercial,Communications,LEO,Non-Polar Inclined,0.0,290,2023-01-26,SpaceX,Cape Canaveral,Falcon 9,Communications
Starlink-5556                ,USA,Commercial,Communications,LEO,Non-Polar Inclined,0.0,290,2023-01-26,SpaceX,Cape Canaveral,Falcon 9,Communications
Starlink-5557                ,USA,Commercial,Communications,LEO,Polar,0.0,290,2023-03-03,SpaceX,Vandenberg AFB,Falcon 9,Communications
Starlink-5558                ,USA,Commercial,Communications,LEO,Polar,0.0,290,2023-02-17,SpaceX,Vandenberg AFB,Falcon 9,Communications
Starlink-5559,USA,Commercial,Communications,LEO,Sun-Synchronous,0.0,300,2023-04-27,SpaceX,Cape Canaveral,Falcon 9,Communications
Starlink-5560                ,USA,Commercial,Communications,LEO,Polar,0.0,290,2023-03-03,SpaceX,Vandenberg AFB,Falcon 9,Communications
Starlink-5561,USA,Commercial,Communications,LEO,Sun-Synchronous,0.0,300,2023-04-27,SpaceX,Cape Canaveral,Falcon 9,Communications
Starlink-5562,USA,Commercial,Communications,LEO,Sun-Synchronous,0.0,300,2023-04-27,SpaceX,Cape Canaveral,Falcon 9,Communications
Starlink-5563                ,USA,Commercial,Communications,LEO,Non-Polar Inclined,0.0,290,2023-03-29,SpaceX,Cape Canaveral,Falcon 9,Communications
Starlink-5564                ,USA,Commercial,Communications,LEO,Non-Polar Inclined,0.0,290,2023-03-29,SpaceX,Cape Canaveral,Falcon 9,Communications
Starlink-5565,USA,Commercial,Communications,LEO,Polar,0.0,290,2023-03-03,SpaceX,Vandenberg AFB,Falcon 9,Communications
Starlink-5566                ,USA,Commercial,Communications,LEO,Non-Polar Inclined,0.0,290,2023-03-29,SpaceX,Cape Canaveral,Falcon 9,Communications
Starlink-5567                ,USA,Commercial,Communications,LEO,Non-Polar Inclined,0.0,290,2023-01-26,SpaceX,Cape Canaveral,Falcon 9,Communications
Starlink-5568                ,USA,Commercial,Communications,LEO,Non-Polar Inclined,0.0,290,2023-01-26,SpaceX,Cape Canaveral,Falcon 9,Communications
Starlink-5569                ,USA,Commercial,Communications,LEO,Non-Polar Inclined,0.0,290,2023-01-26,SpaceX,Cape Canaveral,Falcon 9,Communications
Starlink-5570                ,USA,Commercial,Communications,LEO,Polar,0.0,290,2023-01-31,SpaceX,Vandenberg AFB,Falcon 9,Communications
Starlink-5571                ,USA,Commercial,Communications,LEO,Non-Polar Inclined,0.0,290,2023-01-26,SpaceX,Cape Canaveral,Falcon 9,Communications
Starlink-5572                ,USA,Commercial,Communications,LEO,Non-Polar Inclined,0.0,290,2023-01-26,SpaceX,Cape Canaveral,Falcon 9,Communications
Starlink-5573                ,USA,Commercial,Communications,LEO,Polar,0.0,290,2023-03-03,SpaceX,Vandenberg AFB,Falcon 9,Communications
Starlink-5574                ,USA,Commercial,Communications,LEO,Non-Polar Inclined,0.0,290,2023-01-26,SpaceX,Cape Canaveral,Falcon 9,Communications
Starlink-5575                ,USA,Commercial,Communications,LEO,Non-Polar Inclined,0.0,290,2023-01-26,SpaceX,Cape Canaveral,Falcon 9,Communications
Starlink-5576                ,USA,Commercial,Communications,LEO,Non-Polar Inclined,0.0,290,2023-01-26,SpaceX,Cape Canaveral,Falcon 9,Communications
Starlink-5577                ,USA,Commercial,Communications,LEO,Polar,0.0,290,2023-03-03,SpaceX,Vandenberg AFB,Falcon 9,Communications
Starlink-5578                ,USA,Commercial,Communications,LEO,Non-Polar Inclined,0.0,290,2023-01-26,SpaceX,Cape Canaveral,Falcon 9,Communications
Starlink-5579                ,USA,Commercial,Communications,LEO,Polar,0.0,290,2023-03-03,SpaceX,Vandenberg AFB,Falcon 9,Communications
Starlink-5580                ,USA,Commercial,Communications,LEO,Polar,0.0,290,2023-03-03,SpaceX,Vandenberg AFB,Falcon 9,Communications
Starlink-5581                ,USA,Commercial,Communications,LEO,Non-Polar Inclined,0.0,290,2023-01-26,SpaceX,Cape Canaveral,Falcon 9,Communications
Starlink-5583                ,USA,Commercial,Communications,LEO,Polar,0.0,290,2023-03-03,SpaceX,Vandenberg AFB,Falcon 9,Communications
Starlink-5584                ,USA,Commercial,Communications,LEO,Polar,0.0,290,2023-03-03,SpaceX,Vandenberg AFB,Falcon 9,Communications
Starlink-5586                ,USA,Commercial,Communications,LEO,Non-Polar Inclined,0.0,290,2023-01-26,SpaceX,Cape Canaveral,Falcon 9,Communications
Starlink-5588                ,USA,Commercial,Communications,LEO,Non-Polar Inclined,0.0,290,2023-01-26,SpaceX,Cape Canaveral,Falcon 9,Communications
Starlink-5590                ,USA,Commercial,Communications,LEO,Non-Polar Inclined,0.0,290,2023-01-26,SpaceX,Cape Canaveral,Falcon 9,Communications
Starlink-5591                ,USA,Commercial,Communications,LEO,Polar,0.0,290,2023-03-03,SpaceX,Vandenberg AFB,Falcon 9,Communications
Starlink-5592,USA,Commercial,Communications,LEO,Polar,0.0,290,2023-03-03,SpaceX,Vandenberg AFB,Falcon 9,Communications
Starlink-5593                ,USA,Commercial,Communications,LEO,Polar,0.0,290,2023-03-03,SpaceX,Vandenberg AFB,Falcon 9,Communications
Starlink-5594,USA,Commercial,Communications,LEO,Polar,0.0,290,2023-03-03,SpaceX,Vandenberg AFB,Falcon 9,Communications
Starlink-5595                ,USA,Commercial,Communications,LEO,Polar,0.0,290,2023-03-03,SpaceX,Vandenberg AFB,Falcon 9,Communications
Starlink-5596                ,USA,Commercial,Communications,LEO,Non-Polar Inclined,0.0,290,2023-02-02,SpaceX,Cape Canaveral,Falcon 9,Communications
Starlink-5597                ,USA,Commercial,Communications,LEO,Polar,0.0,290,2023-01-31,SpaceX,Vandenberg AFB,Falcon 9,Communications
Starlink-5598                ,USA,Commercial,Communications,LEO,Polar,0.0,290,2023-01-31,SpaceX,Vandenberg AFB,Falcon 9,Communications
Starlink-5599                ,USA,Commercial,Communications,LEO,Polar,0.0,290,2023-03-03,SpaceX,Vandenberg AFB,Falcon 9,Communications
Starlink-5601                ,USA,Commercial,Communications,LEO,Polar,0.0,290,2023-03-03,SpaceX,Vandenberg AFB,Falcon 9,Communications
Starlink-5602                ,USA,Commercial,Communications,LEO,Polar,0.0,290,2023-03-03,SpaceX,Vandenberg AFB,Falcon 9,Communications
Starlink-5603                ,USA,Commercial,Communications,LEO,Polar,0.0,290,2023-03-03,SpaceX,Vandenberg AFB,Falcon 9,Communications
Starlink-5604                ,USA,Commercial,Communications,LEO,Polar,0.0,290,2023-01-31,SpaceX,Vandenberg AFB,Falcon 9,Communications
Starlink-5605                ,USA,Commercial,Communications,LEO,Polar,0.0,290,2023-01-31,SpaceX,Vandenberg AFB,Falcon 9,Communications
Starlink-5606                ,USA,Commercial,Communications,LEO,Polar,0.0,290,2023-03-03,SpaceX,Vandenberg AFB,Falcon 9,Communications
Starlink-5607                ,USA,Commercial,Communications,LEO,Polar,0.0,290,2023-01-31,SpaceX,Vandenberg AFB,Falcon 9,Communications
Starlink-5608                ,USA,Commercial,Communications,LEO,Non-Polar Inclined,0.0,290,2023-01-26,SpaceX,Cape Canaveral,Falcon 9,Communications
Starlink-5609                ,USA,Commercial,Communications,LEO,Non-Polar Inclined,0.0,290,2023-01-26,SpaceX,Cape Canaveral,Falcon 9,Communications
Starlink-5611                ,USA,Commercial,Communications,LEO,Polar,0.0,290,2023-03-03,SpaceX,Vandenberg AFB,Falcon 9,Communications
Starlink-5612                ,USA,Commercial,Communications,LEO,Polar,0.0,290,2023-03-03,SpaceX,Vandenberg AFB,Falcon 9,Communications
Starlink-5613                ,USA,Commercial,Communications,LEO,Polar,0.0,290,2023-03-03,SpaceX,Vandenberg AFB,Falcon 9,Communications
Starlink-5614                ,USA,Commercial,Communications,LEO,Polar,0.0,290,2023-03-03,SpaceX,Vandenberg AFB,Falcon 9,Communications
Starlink-5615                ,USA,Commercial,Communications,LEO,Polar,0.0,290,2023-01-31,SpaceX,Vandenberg AFB,Falcon 9,Communications
Starlink-5616                ,USA,Commercial,Communications,LEO,Polar,0.0,290,2023-01-31,SpaceX,Vandenberg AFB,Falcon 9,Communications
Starlink-5617                ,USA,Commercial,Communications,LEO,Polar,0.0,290,2023-03-03,SpaceX,Vandenberg AFB,Falcon 9,Communications
Starlink-5618                ,USA,Commercial,Communications,LEO,Polar,0.0,290,2023-01-31,SpaceX,Vandenberg AFB,Falcon 9,Communications
Starlink-5619                ,USA,Commercial,Communications,LEO,Polar,0.0,290,2023-03-03,SpaceX,Vandenberg AFB,Falcon 9,Communications
Starlink-5620                ,USA,Commercial,Communications,LEO,Polar,0.0,290,2023-01-31,SpaceX,Vandenberg AFB,Falcon 9,Communications
Starlink-5621                ,USA,Commercial,Communications,LEO,Polar,0.0,290,2023-01-31,SpaceX,Vandenberg AFB,Falcon 9,Communications
Starlink-5622                ,USA,Commercial,Communications,LEO,Non-Polar Inclined,0.0,290,2023-01-26,SpaceX,Cape Canaveral,Falcon 9,Communications
Starlink-5623                ,USA,Commercial,Communications,LEO,Polar,0.0,290,2023-01-31,SpaceX,Vandenberg AFB,Falcon 9,Communications
Starlink-5624                ,USA,Commercial,Communications,LEO,Polar,0.0,290,2023-01-31,SpaceX,Vandenberg AFB,Falcon 9,Communications
Starlink-5625                ,USA,Commercial,Communications,LEO,Non-Polar Inclined,0.0,290,2023-01-26,SpaceX,Cape Canaveral,Falcon 9,Communications
Starlink-5626                ,USA,Commercial,Communications,LEO,Polar,0.0,290,2023-01-31,SpaceX,Vandenberg AFB,Falcon 9,Communications
Starlink-5627                ,USA,Commercial,Communications,LEO,Non-Polar Inclined,0.0,290,2023-01-26,SpaceX,Cape Canaveral,Falcon 9,Communications
Starlink-5628                ,USA,Commercial,Communications,LEO,Non-Polar Inclined,0.0,290,2023-02-02,SpaceX,Cape Canaveral,Falcon 9,Communications
Starlink-5629                ,USA,Commercial,Communications,LEO,Polar,0.0,290,2023-01-31,SpaceX,Vandenberg AFB,Falcon 9,Communications
Starlink-5630                ,USA,Commercial,Communications,LEO,Polar,0.0,290,2023-01-31,SpaceX,Vandenberg AFB,Falcon 9,Communications
Starlink-5631                ,USA,Commercial,Communications,LEO,Non-Polar Inclined,0.0,290,2023-01-26,SpaceX,Cape Canaveral,Falcon 9,Communications
Starlink-5632                ,USA,Commercial,Communications,LEO,Polar,0.0,290,2023-01-31,SpaceX,Vandenberg AFB,Falcon 9,Communications
Starlink-5633                ,USA,Commercial,Communications,LEO,Polar,0.0,290,2023-01-31,SpaceX,Vandenberg AFB,Falcon 9,Communications
Starlink-5634                ,USA,Commercial,Communications,LEO,Polar,0.0,290,2023-01-31,SpaceX,Vandenberg AFB,Falcon 9,Communications
Starlink-5635                ,USA,Commercial,Communications,LEO,Non-Polar Inclined,0.0,290,2023-01-26,SpaceX,Cape Canaveral,Falcon 9,Communications
Starlink-5636                ,USA,Commercial,Communications,LEO,Non-Polar Inclined,0.0,290,2023-02-02,SpaceX,Cape Canaveral,Falcon 9,Communications
Starlink-5637                ,USA,Commercial,Communications,LEO,Polar,0.0,290,2023-01-31,SpaceX,Vandenberg AFB,Falcon 9,Communications
Starlink-5638                ,USA,Commercial,Communications,LEO,Polar,0.0,290,2023-01-31,SpaceX,Vandenberg AFB,Falcon 9,Communications
Starlink-5639                ,USA,Commercial,Communications,LEO,Non-Polar Inclined,0.0,290,2023-01-26,SpaceX,Cape Canaveral,Falcon 9,Communications
Starlink-5640                ,USA,Commercial,Communications,LEO,Polar,0.0,290,2023-01-31,SpaceX,Vandenberg AFB,Falcon 9,Communications
Starlink-5641                ,USA,Commercial,Communications,LEO,Non-Polar Inclined,0.0,290,2023-01-26,SpaceX,Cape Canaveral,Falcon 9,Communications
Starlink-5642                ,USA,Commercial,Communications,LEO,Polar,0.0,290,2023-01-31,SpaceX,Vandenberg AFB,Falcon 9,Communications
Starlink-5643                ,USA,Commercial,Communications,LEO,Polar,0.0,290,2023-01-31,SpaceX,Vandenberg AFB,Falcon 9,Communications
Starlink-5644                ,USA,Commercial,Communications,LEO,Non-Polar Inclined,0.0,290,2023-01-26,SpaceX,Cape Canaveral,Falcon 9,Communications
Starlink-5645                ,USA,Commercial,Communications,LEO,Polar,0.0,290,2023-01-31,SpaceX,Vandenberg AFB,Falcon 9,Communications
Starlink-5646                ,USA,Commercial,Communications,LEO,Non-Polar Inclined,0.0,290,2023-02-02,SpaceX,Cape Canaveral,Falcon 9,Communications
Starlink-5647                ,USA,Commercial,Communications,LEO,Non-Polar Inclined,0.0,290,2023-01-26,SpaceX,Cape Canaveral,Falcon 9,Communications
Starlink-5648                ,USA,Commercial,Communications,LEO,Non-Polar Inclined,0.0,290,2023-01-26,SpaceX,Cape Canaveral,Falcon 9,Communications
Starlink-5649                ,USA,Commercial,Communications,LEO,Non-Polar Inclined,0.0,290,2023-01-26,SpaceX,Cape Canaveral,Falcon 9,Communications
Starlink-5650                ,USA,Commercial,Communications,LEO,Non-Polar Inclined,0.0,290,2023-02-02,SpaceX,Cape Canaveral,Falcon 9,Communications
Starlink-5651                ,USA,Commercial,Communications,LEO,Non-Polar Inclined,0.0,290,2023-01-26,SpaceX,Cape Canaveral,Falcon 9,Communications
Starlink-5652                ,USA,Commercial,Communications,LEO,Non-Polar Inclined,0.0,290,2023-01-26,SpaceX,Cape Canaveral,Falcon 9,Communications
Starlink-5653                ,USA,Commercial,Communications,LEO,Non-Polar Inclined,0.0,290,2023-01-26,SpaceX,Cape Canaveral,Falcon 9,Communications
Starlink-5654                ,USA,Commercial,Communications,LEO,Non-Polar Inclined,0.0,290,2023-01-26,SpaceX,Cape Canaveral,Falcon 9,Communications
Starlink-5655                ,USA,Commercial,Communications,LEO,Non-Polar Inclined,0.0,290,2023-01-26,SpaceX,Cape Canaveral,Falcon 9,Communications
Starlink-5656                ,USA,Commercial,Communications,LEO,Non-Polar Inclined,0.0,290,2023-02-02,SpaceX,Cape Canaveral,Falcon 9,Communications
Starlink-5657                ,USA,Commercial,Communications,LEO,Non-Polar Inclined,0.0,290,2023-01-26,SpaceX,Cape Canaveral,Falcon 9,Communications
Starlink-5658                ,USA,Commercial,Communications,LEO,Non-Polar Inclined,0.0,290,2023-01-26,SpaceX,Cape Canaveral,Falcon 9,Communications
Starlink-5659                ,USA,Commercial,Communications,LEO,Non-Polar Inclined,0.0,290,2023-01-26,SpaceX,Cape Canaveral,Falcon 9,Communications
Starlink-5660                ,USA,Commercial,Communications,LEO,Non-Polar Inclined,0.0,290,2023-01-26,SpaceX,Cape Canaveral,Falcon 9,Communications
Starlink-5661                ,USA,Commercial,Communications,LEO,Non-Polar Inclined,0.0,290,2023-01-26,SpaceX,Cape Canaveral,Falcon 9,Communications
Starlink-5662                ,USA,Commercial,Communications,LEO,Non-Polar Inclined,0.0,290,2023-01-26,SpaceX,Cape Canaveral,Falcon 9,Communications
Starlink-5663                ,USA,Commercial,Communications,LEO,Non-Polar Inclined,0.0,290,2023-01-26,SpaceX,Cape Canaveral,Falcon 9,Communications
Starlink-5664                ,USA,Commercial,Communications,LEO,Non-Polar Inclined,0.0,290,2023-01-26,SpaceX,Cape Canaveral,Falcon 9,Communications
Starlink-5665                ,USA,Commercial,Communications,LEO,Non-Polar Inclined,0.0,290,2023-01-26,SpaceX,Cape Canaveral,Falcon 9,Communications
Starlink-5666                ,USA,Commercial,Communications,LEO,Non-Polar Inclined,0.0,290,2023-01-26,SpaceX,Cape Canaveral,Falcon 9,Communications
Starlink-5667                ,USA,Commercial,Communications,LEO,Non-Polar Inclined,0.0,290,2023-01-26,SpaceX,Cape Canaveral,Falcon 9,Communications
Starlink-5668                ,USA,Commercial,Communications,LEO,Non-Polar Inclined,0.0,290,2023-01-26,SpaceX,Cape Canaveral,Falcon 9,Communications
Starlink-5669                ,USA,Commercial,Communications,LEO,Non-Polar Inclined,0.0,290,2023-02-02,SpaceX,Cape Canaveral,Falcon 9,Communications
Starlink-5670                ,USA,Commercial,Communications,LEO,Non-Polar Inclined,0.0,290,2023-01-26,SpaceX,Cape Canaveral,Falcon 9,Communications
Starlink-5671                ,USA,Commercial,Communications,LEO,Non-Polar Inclined,0.0,290,2023-01-26,SpaceX,Cape Canaveral,Falcon 9,Communications
Starlink-5672                ,USA,Commercial,Communications,LEO,Non-Polar Inclined,0.0,290,2023-02-02,SpaceX,Cape Canaveral,Falcon 9,Communications
Starlink-5673                ,USA,Commercial,Communications,LEO,Non-Polar Inclined,0.0,290,2023-02-02,SpaceX,Cape Canaveral,Falcon 9,Communications
Starlink-5674                ,USA,Commercial,Communications,LEO,Non-Polar Inclined,0.0,290,2023-02-02,SpaceX,Cape Canaveral,Falcon 9,Communications
Starlink-5675                ,USA,Commercial,Communications,LEO,Non-Polar Inclined,0.0,290,2023-01-26,SpaceX,Cape Canaveral,Falcon 9,Communications
Starlink-5676                ,USA,Commercial,Communications,LEO,Non-Polar Inclined,0.0,290,2023-02-02,SpaceX,Cape Canaveral,Falcon 9,Communications
Starlink-5677                ,USA,Commercial,Communications,LEO,Non-Polar Inclined,0.0,290,2023-02-02,SpaceX,Cape Canaveral,Falcon 9,Communications
Starlink-5679                ,USA,Commercial,Communications,LEO,Non-Polar Inclined,0.0,290,2023-02-02,SpaceX,Cape Canaveral,Falcon 9,Communications
Starlink-5680                ,USA,Commercial,Communications,LEO,Non-Polar Inclined,0.0,290,2023-02-02,SpaceX,Cape Canaveral,Falcon 9,Communications
Starlink-5681                ,USA,Commercial,Communications,LEO,Non-Polar Inclined,0.0,290,2023-02-02,SpaceX,Cape Canaveral,Falcon 9,Communications
Starlink-5682                ,USA,Commercial,Communications,LEO,Non-Polar Inclined,0.0,290,2023-02-02,SpaceX,Cape Canaveral,Falcon 9,Communications
Starlink-5683                ,USA,Commercial,Communications,LEO,Non-Polar Inclined,0.0,290,2023-02-02,SpaceX,Cape Canaveral,Falcon 9,Communications
Starlink-5684                ,USA,Commercial,Communications,LEO,Non-Polar Inclined,0.0,290,2023-02-02,SpaceX,Cape Canaveral,Falcon 9,Communications
Starlink-5685                ,USA,Commercial,Communications,LEO,Non-Polar Inclined,0.0,290,2023-02-02,SpaceX,Cape Canaveral,Falcon 9,Communications
Starlink-5686                ,USA,Commercial,Communications,LEO,Non-Polar Inclined,0.0,290,2023-02-02,SpaceX,Cape Canaveral,Falcon 9,Communications
Starlink-5687                ,USA,Commercial,Communications,LEO,Non-Polar Inclined,0.0,290,2023-02-02,SpaceX,Cape Canaveral,Falcon 9,Communications
Starlink-5688                ,USA,Commercial,Communications,LEO,Non-Polar Inclined,0.0,290,2023-02-02,SpaceX,Cape Canaveral,Falcon 9,Communications
Starlink-5689                ,USA,Commercial,Communications,LEO,Non-Polar Inclined,0.0,290,2023-02-02,SpaceX,Cape Canaveral,Falcon 9,Communications
Starlink-5690                ,USA,Commercial,Communications,LEO,Non-Polar Inclined,0.0,290,2023-02-02,SpaceX,Cape Canaveral,Falcon 9,Communications
Starlink-5691                ,USA,Commercial,Communications,LEO,Non-Polar Inclined,0.0,290,2023-02-02,SpaceX,Cape Canaveral,Falcon 9,Communications
Starlink-5692                ,USA,Commercial,Communications,LEO,Non-Polar Inclined,0.0,290,2023-02-02,SpaceX,Cape Canaveral,Falcon 9,Communications
Starlink-5693                ,USA,Commercial,Communications,LEO,Non-Polar Inclined,0.0,290,2023-02-02,SpaceX,Cape Canaveral,Falcon 9,Communications
Starlink-5694                ,USA,Commercial,Communications,LEO,Non-Polar Inclined,0.0,290,2023-02-02,SpaceX,Cape Canaveral,Falcon 9,Communications
Starlink-5695                ,USA,Commercial,Communications,LEO,Non-Polar Inclined,0.0,290,2023-02-02,SpaceX,Cape Canaveral,Falcon 9,Communications
Starlink-5696                ,USA,Commercial,Communications,LEO,Non-Polar Inclined,0.0,290,2023-02-02,SpaceX,Cape Canaveral,Falcon 9,Communications
Starlink-5697                ,USA,Commercial,Communications,LEO,Non-Polar Inclined,0.0,290,2023-02-12,SpaceX,Cape Canaveral,Falcon 9,Communications
Starlink-5698                 ,USA,Commercial,Communications,LEO,Non-Polar Inclined,0.0,290,2023-02-12,SpaceX,Cape Canaveral,Falcon 9,Communications
Starlink-5699                ,USA,Commercial,Communications,LEO,Non-Polar Inclined,0.0,290,2023-02-02,SpaceX,Cape Canaveral,Falcon 9,Communications
Starlink-5700                ,USA,Commercial,Communications,LEO,Non-Polar Inclined,0.0,290,2023-02-12,SpaceX,Cape Canaveral,Falcon 9,Communications
Starlink-5701                ,USA,Commercial,Communications,LEO,Non-Polar Inclined,0.0,290,2023-02-02,SpaceX,Cape Canaveral,Falcon 9,Communications
Starlink-5702                ,USA,Commercial,Communications,LEO,Non-Polar Inclined,0.0,290,2023-02-12,SpaceX,Cape Canaveral,Falcon 9,Communications
Starlink-5703                ,USA,Commercial,Communications,LEO,Non-Polar Inclined,0.0,290,2023-02-12,SpaceX,Cape Canaveral,Falcon 9,Communications
Starlink-5704                ,USA,Commercial,Communications,LEO,Non-Polar Inclined,0.0,290,2023-02-02,SpaceX,Cape Canaveral,Falcon 9,Communications
Starlink-5705                ,USA,Commercial,Communications,LEO,Non-Polar Inclined,0.0,290,2023-02-02,SpaceX,Cape Canaveral,Falcon 9,Communications
Starlink-5706                ,USA,Commercial,Communications,LEO,Non-Polar Inclined,0.0,290,2023-02-02,SpaceX,Cape Canaveral,Falcon 9,Communications
Starlink-5708                ,USA,Commercial,Communications,LEO,Non-Polar Inclined,0.0,290,2023-02-02,SpaceX,Cape Canaveral,Falcon 9,Communications
Starlink-5709                ,USA,Commercial,Communications,LEO,Non-Polar Inclined,0.0,290,2023-02-12,SpaceX,Cape Canaveral,Falcon 9,Communications
Starlink-5710                ,USA,Commercial,Communications,LEO,Non-Polar Inclined,0.0,290,2023-02-12,SpaceX,Cape Canaveral,Falcon 9,Communications
Starlink-5711                ,USA,Commercial,Communications,LEO,Non-Polar Inclined,0.0,290,2023-02-02,SpaceX,Cape Canaveral,Falcon 9,Communications
Starlink-5712                ,USA,Commercial,Communications,LEO,Non-Polar Inclined,0.0,290,2023-02-12,SpaceX,Cape Canaveral,Falcon 9,Communications
Starlink-5713                ,USA,Commercial,Communications,LEO,Non-Polar Inclined,0.0,290,2023-02-12,SpaceX,Cape Canaveral,Falcon 9,Communications
Starlink-5714                ,USA,Commercial,Communications,LEO,Non-Polar Inclined,0.0,290,2023-02-12,SpaceX,Cape Canaveral,Falcon 9,Communications
Starlink-5715                ,USA,Commercial,Communications,LEO,Non-Polar Inclined,0.0,290,2023-02-12,SpaceX,Cape Canaveral,Falcon 9,Communications
Starlink-5717                ,USA,Commercial,Communications,LEO,Non-Polar Inclined,0.0,290,2023-02-12,SpaceX,Cape Canaveral,Falcon 9,Communications
Starlink-5718                ,USA,Commercial,Communications,LEO,Non-Polar Inclined,0.0,290,2023-02-12,SpaceX,Cape Canaveral,Falcon 9,Communications
Starlink-5719                ,USA,Commercial,Communications,LEO,Non-Polar Inclined,0.0,290,2023-02-12,SpaceX,Cape Canaveral,Falcon 9,Communications
Starlink-5720                ,USA,Commercial,Communications,LEO,Non-Polar Inclined,0.0,290,2023-02-12,SpaceX,Cape Canaveral,Falcon 9,Communications
Starlink-5721                ,USA,Commercial,Communications,LEO,Non-Polar Inclined,0.0,290,2023-02-12,SpaceX,Cape Canaveral,Falcon 9,Communications
Starlink-5722                ,USA,Commercial,Communications,LEO,Non-Polar Inclined,0.0,290,2023-02-12,SpaceX,Cape Canaveral,Falcon 9,Communications
Starlink-5725                ,USA,Commercial,Communications,LEO,Non-Polar Inclined,0.0,290,2023-02-12,SpaceX,Cape Canaveral,Falcon 9,Communications
Starlink-5726                ,USA,Commercial,Communications,LEO,Non-Polar Inclined,0.0,290,2023-02-12,SpaceX,Cape Canaveral,Falcon 9,Communications
Starlink-5727                ,USA,Commercial,Communications,LEO,Non-Polar Inclined,0.0,290,2023-02-12,SpaceX,Cape Canaveral,Falcon 9,Communications
Starlink-5728                ,USA,Commercial,Communications,LEO,Non-Polar Inclined,0.0,290,2023-02-12,SpaceX,Cape Canaveral,Falcon 9,Communications
Starlink-5729                ,USA,Commercial,Communications,LEO,Non-Polar Inclined,0.0,290,2023-02-12,SpaceX,Cape Canaveral,Falcon 9,Communications
Starlink-5730                ,USA,Commercial,Communications,LEO,Non-Polar Inclined,0.0,290,2023-02-12,SpaceX,Cape Canaveral,Falcon 9,Communications
Starlink-5732                ,USA,Commercial,Communications,LEO,Non-Polar Inclined,0.0,290,2023-02-12,SpaceX,Cape Canaveral,Falcon 9,Communications
Starlink-5734                ,USA,Commercial,Communications,LEO,Non-Polar Inclined,0.0,290,2023-02-12,SpaceX,Cape Canaveral,Falcon 9,Communications
Starlink-5735                ,USA,Commercial,Communications,LEO,Non-Polar Inclined,0.0,290,2023-02-12,SpaceX,Cape Canaveral,Falcon 9,Communications
Starlink-5736                ,USA,Commercial,Communications,LEO,Non-Polar Inclined,0.0,290,2023-02-12,SpaceX,Cape Canaveral,Falcon 9,Communications
Starlink-5737                ,USA,Commercial,Communications,LEO,Non-Polar Inclined,0.0,290,2023-02-12,SpaceX,Cape Canaveral,Falcon 9,Communications
Starlink-5738                ,USA,Commercial,Communications,LEO,Non-Polar Inclined,0.0,290,2023-02-12,SpaceX,Cape Canaveral,Falcon 9,Communications
Starlink-5739                ,USA,Commercial,Communications,LEO,Non-Polar Inclined,0.0,290,2023-02-12,SpaceX,Cape Canaveral,Falcon 9,Communications
Starlink-5740                ,USA,Commercial,Communications,LEO,Non-Polar Inclined,0.0,290,2023-02-12,SpaceX,Cape Canaveral,Falcon 9,Communications
Starlink-5741                ,USA,Commercial,Communications,LEO,Non-Polar Inclined,0.0,290,2023-02-12,SpaceX,Cape Canaveral,Falcon 9,Communications
Starlink-5742                ,USA,Commercial,Communications,LEO,Non-Polar Inclined,0.0,290,2023-02-12,SpaceX,Cape Canaveral,Falcon 9,Communications
Starlink-5743                ,USA,Commercial,Communications,LEO,Non-Polar Inclined,0.0,290,2023-02-12,SpaceX,Cape Canaveral,Falcon 9,Communications
Starlink-5744                ,USA,Commercial,Communications,LEO,Non-Polar Inclined,0.0,290,2023-02-12,SpaceX,Cape Canaveral,Falcon 9,Communications
Starlink-5745                ,USA,Commercial,Communications,LEO,Non-Polar Inclined,0.0,290,2023-02-12,SpaceX,Cape Canaveral,Falcon 9,Communications
Starlink-5747                ,USA,Commercial,Communications,LEO,Non-Polar Inclined,0.0,290,2023-02-12,SpaceX,Cape Canaveral,Falcon 9,Communications
Starlink-5748                ,USA,Commercial,Communications,LEO,Non-Polar Inclined,0.0,290,2023-02-12,SpaceX,Cape Canaveral,Falcon 9,Communications
Starlink-5749                                      ,USA,Commercial,Communications,LEO,Non-Polar Inclined,0.0,290,2023-02-12,SpaceX,Cape Canaveral,Falcon 9,Communications
Starlink-5750                ,USA,Commercial,Communications,LEO,Non-Polar Inclined,0.0,290,2023-02-12,SpaceX,Cape Canaveral,Falcon 9,Communications
Starlink-5751                ,USA,Commercial,Communications,LEO,Non-Polar Inclined,0.0,290,2023-02-12,SpaceX,Cape Canaveral,Falcon 9,Communications
Starlink-5752                ,USA,Commercial,Communications,LEO,Non-Polar Inclined,0.0,290,2023-02-12,SpaceX,Cape Canaveral,Falcon 9,Communications
Starlink-5753                ,USA,Commercial,Communications,LEO,Non-Polar Inclined,0.0,290,2023-02-12,SpaceX,Cape Canaveral,Falcon 9,Communications
Starlink-5754                ,USA,Commercial,Communications,LEO,Non-Polar Inclined,0.0,290,2023-02-12,SpaceX,Cape Canaveral,Falcon 9,Communications
Starlink-5755                ,USA,Commercial,Communications,LEO,Non-Polar Inclined,0.0,290,2023-02-12,SpaceX,Cape Canaveral,Falcon 9,Communications
Starlink-5756                ,USA,Commercial,Communications,LEO,Non-Polar Inclined,0.0,290,2023-02-12,SpaceX,Cape Canaveral,Falcon 9,Communications
Starlink-5757                ,USA,Commercial,Communications,LEO,Non-Polar Inclined,0.0,290,2023-02-12,SpaceX,Cape Canaveral,Falcon 9,Communications
Starlink-5758                ,USA,Commercial,Communications,LEO,Non-Polar Inclined,0.0,290,2023-03-24,SpaceX,Cape Canaveral,Falcon 9,Communications
Starlink-5759                ,USA,Commercial,Communications,LEO,Non-Polar Inclined,0.0,290,2023-02-12,SpaceX,Cape Canaveral,Falcon 9,Communications
Starlink-5760                ,USA,Commercial,Communications,LEO,Non-Polar Inclined,0.0,290,2023-02-12,SpaceX,Cape Canaveral,Falcon 9,Communications
Starlink-5761                ,USA,Commercial,Communications,LEO,Non-Polar Inclined,0.0,290,2023-02-12,SpaceX,Cape Canaveral,Falcon 9,Communications
Starlink-5762                ,USA,Commercial,Communications,LEO,Non-Polar Inclined,0.0,290,2023-02-12,SpaceX,Cape Canaveral,Falcon 9,Communications
Starlink-5764                ,USA,Commercial,Communications,LEO,Non-Polar Inclined,0.0,290,2023-02-12,SpaceX,Cape Canaveral,Falcon 9,Communications
Starlink-5766                ,USA,Commercial,Communications,LEO,Non-Polar Inclined,0.0,290,2023-03-24,SpaceX,Cape Canaveral,Falcon 9,Communications
Starlink-5767                ,USA,Commercial,Communications,LEO,Non-Polar Inclined,0.0,290,2023-02-12,SpaceX,Cape Canaveral,Falcon 9,Communications
Starlink-5769                ,USA,Commercial,Communications,LEO,Non-Polar Inclined,0.0,290,2023-02-12,SpaceX,Cape Canaveral,Falcon 9,Communications
Starlink-5770                ,USA,Commercial,Communications,LEO,Non-Polar Inclined,0.0,290,2023-03-24,SpaceX,Cape Canaveral,Falcon 9,Communications
Starlink-5771                ,USA,Commercial,Communications,LEO,Non-Polar Inclined,0.0,290,2023-03-24,SpaceX,Cape Canaveral,Falcon 9,Communications
Starlink-5772                ,USA,Commercial,Communications,LEO,Non-Polar Inclined,0.0,290,2023-03-24,SpaceX,Cape Canaveral,Falcon 9,Communications
Starlink-5774                ,USA,Commercial,Communications,LEO,Non-Polar Inclined,0.0,290,2023-03-24,SpaceX,Cape Canaveral,Falcon 9,Communications
Starlink-5777                ,USA,Commercial,Communications,LEO,Non-Polar Inclined,0.0,290,2023-03-24,SpaceX,Cape Canaveral,Falcon 9,Communications
Starlink-5779                ,USA,Commercial,Communications,LEO,Non-Polar Inclined,0.0,290,2023-03-24,SpaceX,Cape Canaveral,Falcon 9,Communications
Starlink-5781                ,USA,Commercial,Communications,LEO,Non-Polar Inclined,0.0,290,2023-03-24,SpaceX,Cape Canaveral,Falcon 9,Communications
Starlink-5782                ,USA,Commercial,Communications,LEO,Non-Polar Inclined,0.0,290,2023-03-24,SpaceX,Cape Canaveral,Falcon 9,Communications
Starlink-5783                ,USA,Commercial,Communications,LEO,Non-Polar Inclined,0.0,290,2023-03-24,SpaceX,Cape Canaveral,Falcon 9,Communications
Starlink-5784                ,USA,Commercial,Communications,LEO,Non-Polar Inclined,0.0,290,2023-03-24,SpaceX,Cape Canaveral,Falcon 9,Communications
Starlink-5785                ,USA,Commercial,Communications,LEO,Non-Polar Inclined,0.0,290,2023-03-24,SpaceX,Cape Canaveral,Falcon 9,Communications
Starlink-5786                ,USA,Commercial,Communications,LEO,Non-Polar Inclined,0.0,290,2023-03-24,SpaceX,Cape Canaveral,Falcon 9,Communications
Starlink-5787                ,USA,Commercial,Communications,LEO,Non-Polar Inclined,0.0,290,2023-03-24,SpaceX,Cape Canaveral,Falcon 9,Communications
Starlink-5789                ,USA,Commercial,Communications,LEO,Non-Polar Inclined,0.0,290,2023-03-24,SpaceX,Cape Canaveral,Falcon 9,Communications
Starlink-5790                ,USA,Commercial,Communications,LEO,Non-Polar Inclined,0.0,290,2023-03-24,SpaceX,Cape Canaveral,Falcon 9,Communications
Starlink-5792                ,USA,Commercial,Communications,LEO,Non-Polar Inclined,0.0,290,2023-03-24,SpaceX,Cape Canaveral,Falcon 9,Communications
Starlink-5793                ,USA,Commercial,Communications,LEO,Non-Polar Inclined,0.0,290,2023-03-24,SpaceX,Cape Canaveral,Falcon 9,Communications
Starlink-5794                ,USA,Commercial,Communications,LEO,Non-Polar Inclined,0.0,290,2023-03-24,SpaceX,Cape Canaveral,Falcon 9,Communications
Starlink-5795                ,USA,Commercial,Communications,LEO,Non-Polar Inclined,0.0,290,2023-03-24,SpaceX,Cape Canaveral,Falcon 9,Communications
Starlink-5796                ,USA,Commercial,Communications,LEO,Polar,0.0,290,2023-03-17,SpaceX,Vandenberg AFB,Falcon 9,Communications
Starlink-5797                ,USA,Commercial,Communications,LEO,Polar,0.0,290,2023-03-03,SpaceX,Vandenberg AFB,Falcon 9,Communications
Starlink-5798                ,USA,Commercial,Communications,LEO,Non-Polar Inclined,0.0,290,2023-03-24,SpaceX,Cape Canaveral,Falcon 9,Communications
Starlink-5799                ,USA,Commercial,Communications,LEO,Non-Polar Inclined,0.0,290,2023-03-24,SpaceX,Cape Canaveral,Falcon 9,Communications
Starlink-5800                ,USA,Commercial,Communications,LEO,Non-Polar Inclined,0.0,290,2023-03-24,SpaceX,Cape Canaveral,Falcon 9,Communications
Starlink-5801                ,USA,Commercial,Communications,LEO,Non-Polar Inclined,0.0,290,2023-03-24,SpaceX,Cape Canaveral,Falcon 9,Communications
Starlink-5803                ,USA,Commercial,Communications,LEO,Non-Polar Inclined,0.0,290,2023-03-24,SpaceX,Cape Canaveral,Falcon 9,Communications
Starlink-5804                ,USA,Commercial,Communications,LEO,Polar,0.0,290,2023-03-03,SpaceX,Vandenberg AFB,Falcon 9,Communications
Starlink-5806                ,USA,Commercial,Communications,LEO,Non-Polar Inclined,0.0,290,2023-03-24,SpaceX,Cape Canaveral,Falcon 9,Communications
Starlink-5807                ,USA,Commercial,Communications,LEO,Polar,0.0,290,2023-03-03,SpaceX,Vandenberg AFB,Falcon 9,Communications
Starlink-5809                ,USA,Commercial,Communications,LEO,Polar,0.0,290,2023-03-03,SpaceX,Vandenberg AFB,Falcon 9,Communications
Starlink-5810                ,USA,Commercial,Communications,LEO,Polar,0.0,290,2023-03-03,SpaceX,Vandenberg AFB,Falcon 9,Communications
Starlink-5811                ,USA,Commercial,Communications,LEO,Polar,0.0,290,2023-03-03,SpaceX,Vandenberg AFB,Falcon 9,Communications
Starlink-5812                ,USA,Commercial,Communications,LEO,Polar,0.0,290,2023-03-03,SpaceX,Vandenberg AFB,Falcon 9,Communications
Starlink-5813                ,USA,Commercial,Communications,LEO,Polar,0.0,290,2023-03-03,SpaceX,Vandenberg AFB,Falcon 9,Communications
Starlink-5814                ,USA,Commercial,Communications,LEO,Polar,0.0,290,2023-03-03,SpaceX,Vandenberg AFB,Falcon 9,Communications
Starlink-5815                ,USA,Commercial,Communications,LEO,Polar,0.0,290,2023-03-03,SpaceX,Vandenberg AFB,Falcon 9,Communications
Starlink-5816                ,USA,Commercial,Communications,LEO,Polar,0.0,290,2023-03-03,SpaceX,Vandenberg AFB,Falcon 9,Communications
Starlink-5817                ,USA,Commercial,Communications,LEO,Polar,0.0,290,2023-03-03,SpaceX,Vandenberg AFB,Falcon 9,Communications
Starlink-5818                ,USA,Commercial,Communications,LEO,Polar,0.0,290,2023-03-03,SpaceX,Vandenberg AFB,Falcon 9,Communications
Starlink-5819                ,USA,Commercial,Communications,LEO,Polar,0.0,290,2023-03-03,SpaceX,Vandenberg AFB,Falcon 9,Communications
Starlink-5820                ,USA,Commercial,Communications,LEO,Polar,0.0,290,2023-03-03,SpaceX,Vandenberg AFB,Falcon 9,Communications
Starlink-5823                ,USA,Commercial,Communications,LEO,Polar,0.0,290,2023-03-03,SpaceX,Vandenberg AFB,Falcon 9,Communications
Starlink-5825                ,USA,Commercial,Communications,LEO,Polar,0.0,290,2023-03-03,SpaceX,Vandenberg AFB,Falcon 9,Communications
Starlink-5826                ,USA,Commercial,Communications,LEO,Polar,0.0,290,2023-03-03,SpaceX,Vandenberg AFB,Falcon 9,Communications
Starlink-5829,USA,Commercial,Communications,LEO,Sun-Synchronous,0.0,300,2023-04-27,SpaceX,Cape Canaveral,Falcon 9,Communications
Starlink-5833                ,USA,Commercial,Communications,LEO,Polar,0.0,290,2023-03-03,SpaceX,Vandenberg AFB,Falcon 9,Communications
Starlink-5835                ,USA,Commercial,Communications,LEO,Polar,0.0,290,2023-03-03,SpaceX,Vandenberg AFB,Falcon 9,Communications
Starlink-5837,USA,Commercial,Communications,LEO,Sun-Synchronous,0.0,300,2023-04-27,SpaceX,Cape Canaveral,Falcon 9,Communications
Starlink-5848                ,USA,Commercial,Communications,LEO,Polar,0.0,290,2023-03-17,SpaceX,Vandenberg AFB,Falcon 9,Communications
Starlink-5849                ,USA,Commercial,Communications,LEO,Polar,0.0,290,2023-03-17,SpaceX,Vandenberg AFB,Falcon 9,Communications
Starlink-5851                ,USA,Commercial,Communications,LEO,Polar,0.0,290,2023-03-17,SpaceX,Vandenberg AFB,Falcon 9,Communications
Starlink-5852                ,USA,Commercial,Communications,LEO,Polar,0.0,290,2023-03-17,SpaceX,Vandenberg AFB,Falcon 9,Communications
Starlink-5854                ,USA,Commercial,Communications,LEO,Polar,0.0,290,2023-03-17,SpaceX,Vandenberg AFB,Falcon 9,Communications
Starlink-5855                ,USA,Commercial,Communications,LEO,Polar,0.0,290,2023-03-17,SpaceX,Vandenberg AFB,Falcon 9,Communications
Starlink-5856                ,USA,Commercial,Communications,LEO,Polar,0.0,290,2023-03-17,SpaceX,Vandenberg AFB,Falcon 9,Communications
Starlink-5857                ,USA,Commercial,Communications,LEO,Polar,0.0,290,2023-03-17,SpaceX,Vandenberg AFB,Falcon 9,Communications
Starlink-5859                ,USA,Commercial,Communications,LEO,Polar,0.0,290,2023-03-17,SpaceX,Vandenberg AFB,Falcon 9,Communications
Starlink-5861                ,USA,Commercial,Communications,LEO,Polar,0.0,290,2023-03-17,SpaceX,Vandenberg AFB,Falcon 9,Communications
Starlink-5862                ,USA,Commercial,Communications,LEO,Polar,0.0,290,2023-03-17,SpaceX,Vandenberg AFB,Falcon 9,Communications
Starlink-5863                ,USA,Commercial,Communications,LEO,Polar,0.0,290,2023-03-17,SpaceX,Vandenberg AFB,Falcon 9,Communications
Starlink-5864                ,USA,Commercial,Communications,LEO,Polar,0.0,290,2023-03-17,SpaceX,Vandenberg AFB,Falcon 9,Communications
Starlink-5867                ,USA,Commercial,Communications,LEO,Polar,0.0,290,2023-03-17,SpaceX,Vandenberg AFB,Falcon 9,Communications
Starlink-5871                ,USA,Commercial,Communications,LEO,Polar,0.0,290,2023-03-17,SpaceX,Vandenberg AFB,Falcon 9,Communications
Starlink-5874,USA,Commercial,Communications,LEO,Sun-Synchronous,0.0,300,2023-04-27,SpaceX,Cape Canaveral,Falcon 9,Communications
Starlink-5876,USA,Commercial,Communications,LEO,Sun-Synchronous,0.0,300,2023-04-27,SpaceX,Cape Canaveral,Falcon 9,Communications
Starlink-5877,USA,Commercial,Communications,LEO,Sun-Synchronous,0.0,300,2023-04-27,SpaceX,Cape Canaveral,Falcon 9,Communications
Starlink-5878                ,USA,Commercial,Communications,LEO,Polar,0.0,290,2023-03-17,SpaceX,Vandenberg AFB,Falcon 9,Communications
Starlink-5882                ,USA,Commercial,Communications,LEO,Polar,0.0,290,2023-03-17,SpaceX,Vandenberg AFB,Falcon 9,Communications
Starlink-5883                ,USA,Commercial,Communications,LEO,Polar,0.0,290,2023-03-17,SpaceX,Vandenberg AFB,Falcon 9,Communications
Starlink-5884                ,USA,Commercial,Communications,LEO,Polar,0.0,290,2023-03-17,SpaceX,Vandenberg AFB,Falcon 9,Communications
Starlink-5885,USA,Commercial,Communications,LEO,Sun-Synchronous,0.0,300,2023-04-27,SpaceX,Cape Canaveral,Falcon 9,Communications
Starlink-5886,USA,Commercial,Communications,LEO,Sun-Synchronous,0.0,300,2023-04-27,SpaceX,Cape Canaveral,Falcon 9,Communications
Starlink-5887,USA,Commercial,Communications,LEO,Sun-Synchronous,0.0,300,2023-04-27,SpaceX,Cape Canaveral,Falcon 9,Communications
Starlink-5888,USA,Commercial,Communications,LEO,Sun-Synchronous,0.0,300,2023-04-27,SpaceX,Cape Canaveral,Falcon 9,Communications
Starlink-5889                ,USA,Commercial,Communications,LEO,Polar,0.0,290,2023-03-17,SpaceX,Vandenberg AFB,Falcon 9,Communications
Starlink-5891,USA,Commercial,Communications,LEO,Sun-Synchronous,0.0,300,2023-04-27,SpaceX,Cape Canaveral,Falcon 9,Communications
Starlink-5892                ,USA,Commercial,Communications,LEO,Polar,0.0,290,2023-03-17,SpaceX,Vandenberg AFB,Falcon 9,Communications
Starlink-5893                ,USA,Commercial,Communications,LEO,Polar,0.0,290,2023-03-17,SpaceX,Vandenberg AFB,Falcon 9,Communications
Starlink-5894               ,USA,Commercial,Communications,LEO,Polar,0.0,290,2023-03-17,SpaceX,Vandenberg AFB,Falcon 9,Communications
Starlink-5895,USA,Commercial,Communications,LEO,Polar,0.0,290,2023-03-17,SpaceX,Vandenberg AFB,Falcon 9,Communications
Starlink-5896                ,USA,Commercial,Communications,LEO,Polar,0.0,290,2023-03-17,SpaceX,Vandenberg AFB,Falcon 9,Communications
Starlink-5897                ,USA,Commercial,Communications,LEO,Polar,0.0,290,2023-03-17,SpaceX,Vandenberg AFB,Falcon 9,Communications
Starlink-5898                ,USA,Commercial,Communications,LEO,Polar,0.0,290,2023-03-17,SpaceX,Vandenberg AFB,Falcon 9,Communications
Starlink-5899                ,USA,Commercial,Communications,LEO,Polar,0.0,290,2023-03-17,SpaceX,Vandenberg AFB,Falcon 9,Communications
Starlink-5900                ,USA,Commercial,Communications,LEO,Polar,0.0,290,2023-03-17,SpaceX,Vandenberg AFB,Falcon 9,Communications
Starlink-5901                ,USA,Commercial,Communications,LEO,Non-Polar Inclined,0.0,290,2023-03-24,SpaceX,Cape Canaveral,Falcon 9,Communications
Starlink-5902                ,USA,Commercial,Communications,LEO,Non-Polar Inclined,0.0,290,2023-03-24,SpaceX,Cape Canaveral,Falcon 9,Communications
Starlink-5903                ,USA,Commercial,Communications,LEO,Non-Polar Inclined,0.0,290,2023-03-24,SpaceX,Cape Canaveral,Falcon 9,Communications
Starlink-5904                ,USA,Commercial,Communications,LEO,Non-Polar Inclined,0.0,290,2023-03-24,SpaceX,Cape Canaveral,Falcon 9,Communications
Starlink-5905                ,USA,Commercial,Communications,LEO,Non-Polar Inclined,0.0,290,2023-03-24,SpaceX,Cape Canaveral,Falcon 9,Communications
Starlink-5906                ,USA,Commercial,Communications,LEO,Polar,0.0,290,2023-03-17,SpaceX,Vandenberg AFB,Falcon 9,Communications
Starlink-5907                ,USA,Commercial,Communications,LEO,Non-Polar Inclined,0.0,290,2023-03-24,SpaceX,Cape Canaveral,Falcon 9,Communications
Starlink-5908                ,USA,Commercial,Communications,LEO,Polar,0.0,290,2023-03-17,SpaceX,Vandenberg AFB,Falcon 9,Communications
Starlink-5909                ,USA,Commercial,Communications,LEO,Polar,0.0,290,2023-03-17,SpaceX,Vandenberg AFB,Falcon 9,Communications
Starlink-5910                ,USA,Commercial,Communications,LEO,Non-Polar Inclined,0.0,290,2023-03-24,SpaceX,Cape Canaveral,Falcon 9,Communications
Starlink-5911                ,USA,Commercial,Communications,LEO,Polar,0.0,290,2023-03-17,SpaceX,Vandenberg AFB,Falcon 9,Communications
Starlink-5912                ,USA,Commercial,Communications,LEO,Non-Polar Inclined,0.0,290,2023-03-24,SpaceX,Cape Canaveral,Falcon 9,Communications
Starlink-5913                ,USA,Commercial,Communications,LEO,Polar,0.0,290,2023-03-17,SpaceX,Vandenberg AFB,Falcon 9,Communications
Starlink-5914                ,USA,Commercial,Communications,LEO,Polar,0.0,290,2023-03-17,SpaceX,Vandenberg AFB,Falcon 9,Communications
Starlink-5915                ,USA,Commercial,Communications,LEO,Non-Polar Inclined,0.0,290,2023-03-24,SpaceX,Cape Canaveral,Falcon 9,Communications
Starlink-5916                ,USA,Commercial,Communications,LEO,Non-Polar Inclined,0.0,290,2023-03-24,SpaceX,Cape Canaveral,Falcon 9,Communications
Starlink-5917                ,USA,Commercial,Communications,LEO,Polar,0.0,290,2023-03-17,SpaceX,Vandenberg AFB,Falcon 9,Communications
Starlink-5918                ,USA,Commercial,Communications,LEO,Polar,0.0,290,2023-03-17,SpaceX,Vandenberg AFB,Falcon 9,Communications
Starlink-5919                ,USA,Commercial,Communications,LEO,Polar,0.0,290,2023-03-17,SpaceX,Vandenberg AFB,Falcon 9,Communications
Starlink-5920                ,USA,Commercial,Communications,LEO,Polar,0.0,290,2023-03-17,SpaceX,Vandenberg AFB,Falcon 9,Communications
Starlink-5921                ,USA,Commercial,Communications,LEO,Polar,0.0,290,2023-03-17,SpaceX,Vandenberg AFB,Falcon 9,Communications
Starlink-5922                ,USA,Commercial,Communications,LEO,Polar,0.0,290,2023-03-17,SpaceX,Vandenberg AFB,Falcon 9,Communications
Starlink-5924                ,USA,Commercial,Communications,LEO,Polar,0.0,290,2023-03-17,SpaceX,Vandenberg AFB,Falcon 9,Communications
Starlink-5925                ,USA,Commercial,Communications,LEO,Polar,0.0,290,2023-03-17,SpaceX,Vandenberg AFB,Falcon 9,Communications
Starlink-5926                ,USA,Commercial,Communications,LEO,Polar,0.0,290,2023-03-17,SpaceX,Vandenberg AFB,Falcon 9,Communications
Starlink-5927                ,USA,Commercial,Communications,LEO,Polar,0.0,290,2023-03-17,SpaceX,Vandenberg AFB,Falcon 9,Communications
Starlink-5928                ,USA,Commercial,Communications,LEO,Polar,0.0,290,2023-03-17,SpaceX,Vandenberg AFB,Falcon 9,Communications
Starlink-5929                ,USA,Commercial,Communications,LEO,Polar,0.0,290,2023-03-17,SpaceX,Vandenberg AFB,Falcon 9,Communications
Starlink-5930                ,USA,Commercial,Communications,LEO,Polar,0.0,290,2023-03-17,SpaceX,Vandenberg AFB,Falcon 9,Communications
Starlink-5932                ,USA,Commercial,Communications,LEO,Polar,0.0,290,2023-03-17,SpaceX,Vandenberg AFB,Falcon 9,Communications
Starlink-5933                ,USA,Commercial,Communications,LEO,Polar,0.0,290,2023-03-17,SpaceX,Vandenberg AFB,Falcon 9,Communications
Starlink-5934                ,USA,Commercial,Communications,LEO,Non-Polar Inclined,0.0,290,2023-03-24,SpaceX,Cape Canaveral,Falcon 9,Communications
Starlink-5936                ,USA,Commercial,Communications,LEO,Non-Polar Inclined,0.0,290,2023-03-24,SpaceX,Cape Canaveral,Falcon 9,Communications
Starlink-5938                ,USA,Commercial,Communications,LEO,Polar,0.0,290,2023-03-17,SpaceX,Vandenberg AFB,Falcon 9,Communications
Starlink-5939,USA,Commercial,Communications,LEO,Non-Polar Inclined,0.0,290,2023-03-24,SpaceX,Cape Canaveral,Falcon 9,Communications
Starlink-5940                ,USA,Commercial,Communications,LEO,Non-Polar Inclined,0.0,290,2023-03-24,SpaceX,Cape Canaveral,Falcon 9,Communications
Starlink-5941,USA,Commercial,Communications,LEO,Non-Polar Inclined,0.0,290,2023-03-24,SpaceX,Cape Canaveral,Falcon 9,Communications
Starlink-5942                ,USA,Commercial,Communications,LEO,Non-Polar Inclined,0.0,290,2023-03-24,SpaceX,Cape Canaveral,Falcon 9,Communications
Starlink-5943                ,USA,Commercial,Communications,LEO,Non-Polar Inclined,0.0,290,2023-03-24,SpaceX,Cape Canaveral,Falcon 9,Communications
Starlink-5944                ,USA,Commercial,Communications,LEO,Non-Polar Inclined,0.0,290,2023-03-24,SpaceX,Cape Canaveral,Falcon 9,Communications
Starlink-5945                ,USA,Commercial,Communications,LEO,Non-Polar Inclined,0.0,290,2023-03-24,SpaceX,Cape Canaveral,Falcon 9,Communications
Starlink-5946                ,USA,Commercial,Communications,LEO,Non-Polar Inclined,0.0,290,2023-03-24,SpaceX,Cape Canaveral,Falcon 9,Communications
Starlink-5947                ,USA,Commercial,Communications,LEO,Non-Polar Inclined,0.0,290,2023-03-24,SpaceX,Cape Canaveral,Falcon 9,Communications
Starlink-5948                ,USA,Commercial,Communications,LEO,Non-Polar Inclined,0.0,290,2023-03-24,SpaceX,Cape Canaveral,Falcon 9,Communications
Starlink-5949                ,USA,Commercial,Communications,LEO,Non-Polar Inclined,0.0,290,2023-03-24,SpaceX,Cape Canaveral,Falcon 9,Communications
Starlink-5955,USA,Commercial,Communications,LEO,Sun-Synchronous,0.0,300,2023-04-27,SpaceX,Cape Canaveral,Falcon 9,Communications
Starlink-5956                ,USA,Commercial,Communications,LEO,Non-Polar Inclined,0.0,290,2023-03-24,SpaceX,Cape Canaveral,Falcon 9,Communications
Starlink-5957                ,USA,Commercial,Communications,LEO,Non-Polar Inclined,0.0,290,2023-03-24,SpaceX,Cape Canaveral,Falcon 9,Communications
Starlink-5962                ,USA,Commercial,Communications,LEO,Non-Polar Inclined,0.0,290,2023-03-24,SpaceX,Cape Canaveral,Falcon 9,Communications
Starlink-5964,USA,Commercial,Communications,LEO,Sun-Synchronous,0.0,300,2023-04-27,SpaceX,Cape Canaveral,Falcon 9,Communications
Starlink-5964                ,USA,Commercial,Communications,LEO,Non-Polar Inclined,0.0,290,2023-03-24,SpaceX,Cape Canaveral,Falcon 9,Communications
Starlink-5967,USA,Commercial,Communications,LEO,Sun-Synchronous,0.0,300,2023-04-27,SpaceX,Cape Canaveral,Falcon 9,Communications
Starlink-5968                ,USA,Commercial,Communications,LEO,Non-Polar Inclined,0.0,290,2023-03-24,SpaceX,Cape Canaveral,Falcon 9,Communications
Starlink-5969                ,USA,Commercial,Communications,LEO,Non-Polar Inclined,0.0,290,2023-03-24,SpaceX,Cape Canaveral,Falcon 9,Communications
Starlink-5972,USA,Commercial,Communications,LEO,Sun-Synchronous,0.0,300,2023-04-27,SpaceX,Cape Canaveral,Falcon 9,Communications
Starlink-5974,USA,Commercial,Communications,LEO,Sun-Synchronous,0.0,300,2023-04-27,SpaceX,Cape Canaveral,Falcon 9,Communications
Starlink-5976,USA,Commercial,Communications,LEO,Sun-Synchronous,0.0,300,2023-04-27,SpaceX,Cape Canaveral,Falcon 9,Communications
Starlink-5979,USA,Commercial,Communications,LEO,Sun-Synchronous,0.0,300,2023-04-27,SpaceX,Cape Canaveral,Falcon 9,Communications
Starlink-5980,USA,Commercial,Communications,LEO,Sun-Synchronous,0.0,300,2023-04-27,SpaceX,Cape Canaveral,Falcon 9,Communications
Starlink-5981,USA,Commercial,Communications,LEO,Sun-Synchronous,0.0,300,2023-04-27,SpaceX,Cape Canaveral,Falcon 9,Communications
Starlink-5984,USA,Commercial,Communications,LEO,Sun-Synchronous,0.0,300,2023-04-27,SpaceX,Cape Canaveral,Falcon 9,Communications
Starlink-5988,USA,Commercial,Communications,LEO,Sun-Synchronous,0.0,300,2023-04-27,SpaceX,Cape Canaveral,Falcon 9,Communications
Starlink-5991,USA,Commercial,Communications,LEO,Sun-Synchronous,0.0,300,2023-04-27,SpaceX,Cape Canaveral,Falcon 9,Communications
Starlink-5992,USA,Commercial,Communications,LEO,Sun-Synchronous,0.0,300,2023-04-27,SpaceX,Cape Canaveral,Falcon 9,Communications
Starlink-5997,USA,Commercial,Communications,LEO,Sun-Synchronous,0.0,300,2023-04-27,SpaceX,Cape Canaveral,Falcon 9,Communications
Starlink-6030                ,USA,Commercial,Communications,LEO,Non-Polar Inclined,0.0,290,2023-03-29,SpaceX,Cape Canaveral,Falcon 9,Communications
Starlink-6033,USA,Commercial,Communications,LEO,Sun-Synchronous,0.0,300,2023-04-27,SpaceX,Cape Canaveral,Falcon 9,Communications
Starlink-6034,USA,Commercial,Communications,LEO,Sun-Synchronous,0.0,300,2023-04-27,SpaceX,Cape Canaveral,Falcon 9,Communications
Starlink-6035,USA,Commercial,Communications,LEO,Sun-Synchronous,0.0,300,2023-04-27,SpaceX,Cape Canaveral,Falcon 9,Communications
Starlink-6038,USA,Commercial,Communications,LEO,Sun-Synchronous,0.0,300,2023-04-27,SpaceX,Cape Canaveral,Falcon 9,Communications
Starlink-6039,USA,Commercial,Communications,LEO,Sun-Synchronous,0.0,300,2023-04-27,SpaceX,Cape Canaveral,Falcon 9,Communications
Starlink-6062                ,USA,Commercial,Communications,LEO,Non-Polar Inclined,0.0,290,2023-03-29,SpaceX,Cape Canaveral,Falcon 9,Communications
Starlink-6066                ,USA,Commercial,Communications,LEO,Non-Polar Inclined,0.0,290,2023-03-29,SpaceX,Cape Canaveral,Falcon 9,Communications
Starlink-6071                ,USA,Commercial,Communications,LEO,Non-Polar Inclined,0.0,290,2023-03-29,SpaceX,Cape Canaveral,Falcon 9,Communications
Starlink-6075                ,USA,Commercial,Communications,LEO,Non-Polar Inclined,0.0,290,2023-03-29,SpaceX,Cape Canaveral,Falcon 9,Communications
Starlink-6076                ,USA,Commercial,Communications,LEO,Non-Polar Inclined,0.0,290,2023-03-29,SpaceX,Cape Canaveral,Falcon 9,Communications
Starlink-6077                ,USA,Commercial,Communications,LEO,Non-Polar Inclined,0.0,290,2023-03-29,SpaceX,Cape Canaveral,Falcon 9,Communications
Starlink-6078                ,USA,Commercial,Communications,LEO,Non-Polar Inclined,0.0,290,2023-03-29,SpaceX,Cape Canaveral,Falcon 9,Communications
Starlink-6079                ,USA,Commercial,Communications,LEO,Non-Polar Inclined,0.0,290,2023-03-29,SpaceX,Cape Canaveral,Falcon 9,Communications
Starlink-6080                ,USA,Commercial,Communications,LEO,Non-Polar Inclined,0.0,290,2023-03-29,SpaceX,Cape Canaveral,Falcon 9,Communications
Starlink-6081                ,USA,Commercial,Communications,LEO,Non-Polar Inclined,0.0,290,2023-03-29,SpaceX,Cape Canaveral,Falcon 9,Communications
Starlink-6082                ,USA,Commercial,Communications,LEO,Non-Polar Inclined,0.0,290,2023-03-29,SpaceX,Cape Canaveral,Falcon 9,Communications
Starlink-6083                ,USA,Commercial,Communications,LEO,Non-Polar Inclined,0.0,290,2023-03-29,SpaceX,Cape Canaveral,Falcon 9,Communications
Starlink-6084                ,USA,Commercial,Communications,LEO,Non-Polar Inclined,0.0,290,2023-03-29,SpaceX,Cape Canaveral,Falcon 9,Communications
Starlink-6088                ,USA,Commercial,Communications,LEO,Non-Polar Inclined,0.0,290,2023-03-29,SpaceX,Cape Canaveral,Falcon 9,Communications
Starlink-6089                ,USA,Commercial,Communications,LEO,Non-Polar Inclined,0.0,290,2023-03-29,SpaceX,Cape Canaveral,Falcon 9,Communications
Starlink-6090                ,USA,Commercial,Communications,LEO,Non-Polar Inclined,0.0,290,2023-03-29,SpaceX,Cape Canaveral,Falcon 9,Communications
Starlink-6091                ,USA,Commercial,Communications,LEO,Non-Polar Inclined,0.0,290,2023-03-29,SpaceX,Cape Canaveral,Falcon 9,Communications
Starlink-6092                ,USA,Commercial,Communications,LEO,Non-Polar Inclined,0.0,290,2023-03-29,SpaceX,Cape Canaveral,Falcon 9,Communications
Starlink-6093                ,USA,Commercial,Communications,LEO,Non-Polar Inclined,0.0,290,2023-03-29,SpaceX,Cape Canaveral,Falcon 9,Communications
Starlink-6094                ,USA,Commercial,Communications,LEO,Non-Polar Inclined,0.0,290,2023-03-29,SpaceX,Cape Canaveral,Falcon 9,Communications
Starlink-6095                ,USA,Commercial,Communications,LEO,Non-Polar Inclined,0.0,290,2023-03-29,SpaceX,Cape Canaveral,Falcon 9,Communications
Starlink-6096                ,USA,Commercial,Communications,LEO,Non-Polar Inclined,0.0,290,2023-03-29,SpaceX,Cape Canaveral,Falcon 9,Communications
Starlink-6101                ,USA,Commercial,Communications,LEO,Non-Polar Inclined,0.0,290,2023-03-29,SpaceX,Cape Canaveral,Falcon 9,Communications
Starlink-6102,USA,Commercial,Communications,LEO,Non-Polar Inclined,0.0,290,2023-03-29,SpaceX,Cape Canaveral,Falcon 9,Communications
Starlink-6103                ,USA,Commercial,Communications,LEO,Non-Polar Inclined,0.0,290,2023-03-29,SpaceX,Cape Canaveral,Falcon 9,Communications
Starlink-6104                ,USA,Commercial,Communications,LEO,Non-Polar Inclined,0.0,290,2023-03-29,SpaceX,Cape Canaveral,Falcon 9,Communications
Starlink-6105                ,USA,Commercial,Communications,LEO,Non-Polar Inclined,0.0,290,2023-03-29,SpaceX,Cape Canaveral,Falcon 9,Communications
Starlink-6107                ,USA,Commercial,Communications,LEO,Non-Polar Inclined,0.0,290,2023-03-29,SpaceX,Cape Canaveral,Falcon 9,Communications
Starlink-6109                ,USA,Commercial,Communications,LEO,Non-Polar Inclined,0.0,290,2023-03-29,SpaceX,Cape Canaveral,Falcon 9,Communications
Starlink-6113                ,USA,Commercial,Communications,LEO,Non-Polar Inclined,0.0,290,2023-03-29,SpaceX,Cape Canaveral,Falcon 9,Communications
Starlink-6114                ,USA,Commercial,Communications,LEO,Non-Polar Inclined,0.0,290,2023-03-29,SpaceX,Cape Canaveral,Falcon 9,Communications
Starlink-6115                ,USA,Commercial,Communications,LEO,Non-Polar Inclined,0.0,290,2023-03-29,SpaceX,Cape Canaveral,Falcon 9,Communications
Starlink-6117,USA,Commercial,Communications,LEO,Non-Polar Inclined,0.0,290,2023-03-29,SpaceX,Cape Canaveral,Falcon 9,Communications
Starlink-6119                ,USA,Commercial,Communications,LEO,Non-Polar Inclined,0.0,290,2023-03-29,SpaceX,Cape Canaveral,Falcon 9,Communications
Starlink-6120                ,USA,Commercial,Communications,LEO,Non-Polar Inclined,0.0,290,2023-03-29,SpaceX,Cape Canaveral,Falcon 9,Communications
Starlink-6121                ,USA,Commercial,Communications,LEO,Non-Polar Inclined,0.0,290,2023-03-29,SpaceX,Cape Canaveral,Falcon 9,Communications
Starlink-6122                ,USA,Commercial,Communications,LEO,Non-Polar Inclined,0.0,290,2023-03-29,SpaceX,Cape Canaveral,Falcon 9,Communications
Starlink-6124                ,USA,Commercial,Communications,LEO,Non-Polar Inclined,0.0,290,2023-03-29,SpaceX,Cape Canaveral,Falcon 9,Communications
Starlink-6126                ,USA,Commercial,Communications,LEO,Non-Polar Inclined,0.0,290,2023-03-29,SpaceX,Cape Canaveral,Falcon 9,Communications
Steamsat-1,Poland/UK,Commercial,Technology Development,LEO,Non-Polar Inclined,0.0,5,2022-01-13,SatRevolution,Virgin Orbit,LauncherOne,Technology Development
STEP Cube Lab 2,South Korea,Civil,Earth Observation,LEO,Sun-Synchronous,0.0,10,2022-06-21,Chosun University,Naro Space Center,Nuri,Earth Observation
Sternula-1,Denmark,Commercial,Earth Observation,LEO,Sun-Synchronous,0.0,10,2023-01-03, Sternula/GateHouse SatCom/Space Inventor/Aalborg University/Satlab,Cape Canaveral,Falcon 9,Earth Observation
STORK-1,Poland,Commercial,Earth Observation,LEO,Sun-Synchronous,0.0,5,2022-01-13,SatRevolution,Cape Canaveral,Falcon 9,Earth Observation
STORK-2,Poland,Commercial,Earth Observation,LEO,Sun-Synchronous,0.0,5,2022-01-13,SatRevolution,Cape Canaveral,Falcon 9,Earth Observation
STORK-3,Poland,Commercial,Earth Observation,LEO,Non-Polar Inclined,0.0,5,2022-01-13,SatRevolution,Virgin Orbit,LauncherOne,Earth Observation
STORK-4 ,Poland,Commercial,Earth Observation,LEO,Non-Polar Inclined,0.0,5,2021-06-30,SatRevolution,Virgin Orbit,LauncherOne,Earth Observation
STORK-5 (Marta),Poland,Commercial,Earth Observation,LEO,Non-Polar Inclined,0.0,5,2021-06-30,SatRevolution,Virgin Orbit,LauncherOne,Earth Observation
Cosmos 2385,Russia,Military,Communications,LEO,Polar,0.0,225,2001-12-27,NPO/PM - Scientific Research Institute for Precision Instruments (NII-TP),Plesetsk Cosmodrome,Tsyklon 3,Communications
Cosmos 2386,Russia,Military,Communications,LEO,Polar,0.0,225,2001-12-27,NPO/PM - Scientific Research Institute for Precision Instruments (NII-TP),Plesetsk Cosmodrome,Tsyklon 3,Communications
Cosmos 2390,Russia,Military,Communications,LEO,Equatorial,0.0,225,2002-07-08,NPO/PM - Scientific Research Institute for Precision Instruments (NII-TP),Plesetsk Cosmodrome,Kosmos 3M,Communications
Cosmos 2391,Russia,Military,Communications,LEO,Polar,0.0,225,2002-07-08,NPO/PM - Scientific Research Institute for Precision Instruments (NII-TP),Plesetsk Cosmodrome,Kosmos 3M,Communications
Cosmos 2400,Russia,Military,Communications,LEO,Polar,0.0,225,2003-08-19,NPO/PM - Scientific Research Institute for Precision Instruments (NII-TP),Plesetsk Cosmodrome,Kosmos 3M,Communications
Cosmos 2401,Russia,Military,Communications,LEO,Polar,0.0,225,2003-08-19,NPO/PM - Scientific Research Institute for Precision Instruments (NII-TP),Plesetsk Cosmodrome,Kosmos 3M,Communications
Cosmos 2408,Russia,Military,Communications,LEO,Polar,0.0,225,2004-09-23,NPO/PM - Scientific Research Institute for Precision Instruments (NII-TP),Plesetsk Cosmodrome,Kosmos 3M,Communications
Cosmos 2409,Russia,Military,Communications,LEO,Polar,0.0,225,2004-09-23,NPO/PM - Scientific Research Institute for Precision Instruments (NII-TP),Plesetsk Cosmodrome,Kosmos 3M,Communications
StriX β,Japan,Commercial,Earth Observation,LEO,Sun-Synchronous,0.0,150,2022-02-28,Synspective,Rocket Lab Launch Complex 1B,Electron,Earth Observation
StriX-1,Japan,Commercial,Earth Observation,LEO,Sun-Synchronous,0.0,150,2022-09-15,Synspective,Rocket Lab Launch Complex 1,Electron,Earth Observation
StriX-a,Japan,Commercial,Earth Observation,LEO,Sun-Synchronous,0.0,150,2020-12-15,"University of Tokyo, the Tokyo Institute of Technology, Keio University, Japan Space Systems",Rocket Lab Launch Complex 1,Electron,Earth Observation
STSat-2C,South Korea,Government,Technology Development,LEO,Polar,0.0,93,2013-01-30,Korea Advanced Institute of Science and Technology (KAIST),Naro Space Center,Naro-1,Technology Development
SUCHAI-2,Chile,Civil,Earth Science,LEO,Sun-Synchronous,0.0,4,2022-04-01,University of Chile,Cape Canaveral,Falcon 9,Earth Science
SUCHAI-3,Chile,Civil,Earth Science,LEO,Sun-Synchronous,0.0,4,2022-04-01,University of Chile,Cape Canaveral,Falcon 9,Earth Science
Sunstorm,ESA,Government,Space Science,LEO,Sun-Synchronous,0.0,4,2021-08-17,Reaktor Space Lab,Guiana Space Center,Vega,Space Science
Suomi-100,Finland,Civil,Technology Development,LEO,Sun-Synchronous,0.0,1,2018-12-03,Aalto University,Vandenberg AFB,Falcon 9,Technology Development
Superview 1-01,China,Commercial,Earth Observation,LEO,Sun-Synchronous,0.0,560,2016-12-28,China Aerospace Science and Technology Corp. (CASC),Taiyuan Launch Center,Long March 2D,Earth Observation
Superview 1-02,China,Commercial,Earth Observation,LEO,Sun-Synchronous,0.0,560,2016-12-28,China Aerospace Science and Technology Corp. (CASC),Taiyuan Launch Center,Long March 2D,Earth Observation
Superview 1-03,China,Commercial,Earth Observation,LEO,Sun-Synchronous,0.0,560,2018-01-08,China Aerospace Science and Technology Corp. (CASC),Taiyuan Launch Center,Long March 2D,Earth Observation
Superview 1-04,China,Commercial,Earth Observation,LEO,Sun-Synchronous,0.0,560,2018-01-08,China Aerospace Science and Technology Corp. (CASC),Taiyuan Launch Center,Long March 2D,Earth Observation
SWARM-A,ESA,Government,Earth Observation,LEO,Polar,0.0,468,2013-11-22,Astrium,Plesetsk Cosmodrome,Rokot,Earth Observation
SWARM-B,ESA,Government,Earth Observation,LEO,Polar,0.0,468,2013-11-22,Astrium,Plesetsk Cosmodrome,Rokot,Earth Observation
SWARM-C,ESA,Government,Earth Observation,LEO,Polar,0.0,468,2013-11-22,Astrium,Plesetsk Cosmodrome,Rokot,Earth Observation
SwissCube,Switzerland,Civil,Technology Development,LEO,Sun-Synchronous,0.0,1,2009-09-23,Ecole Polytechnique Fédérale de Lanne (EPFL),Satish Dhawan Space Centre,PSLV,Technology Development
TacSat 4,USA,Military,Technology Development,Elliptical,Molniya,0.0,450,2011-09-27,Naval Research Laboratory/Johns Hopkins University Applied Physics Laboratory,Kodiak Launch Complex,Minotaur 4,Technology Development
Taifa-1,Kenya,Government,Earth Observation,LEO,Sun-Synchronous,0.0,4,2023-04-15,Sayari Labs/Endurosat,Vandenberg AFB,Falcon 9,Earth Observation
Taijing 2-01,China,Commercial,Technology Development,LEO,Sun-Synchronous,0.0,70,2021-04-27,"Beijing MinoSpace Technology Co., Ltd.",Taiyuan Launch Center,Long March 6,Technology Development
Taijing 3-01,China,Commercial,Earth Observation,LEO,Sun-Synchronous,0.0,240,2022-02-27,MinoSpace Technology,Wenchang Space Center,Long March 8,Earth Observation
Taijing 4-01,China,Commercial,Earth Observation,LEO,Sun-Synchronous,0.0,350,2022-02-27,MinoSpace Technology,Wenchang Space Center,Long March 8,Earth Observation
Tangguo Guan,China,Commercial,Communications,LEO,Sun-Synchronous,0.0,25,2018-10-24,Unknown,Taiyuan Launch Center,Long March 4B,Communications
Tanker-001 Tenzing,USA,Commercial,Technology Development,LEO,Sun-Synchronous,0.0,35,2021-06-30,Orbit Fab,Cape Canaveral,Falcon 9,Technology Development
TanSat,China,Government,Earth Observation,LEO,Sun-Synchronous,0.0,620,2016-12-21,Shanghai Engineering Center for Microsatellites,Jiuquan Satellite Launch Center,Long March 2D,Earth Observation
TAUSat-2,Israel,Civil,Space Science,LEO,Sun-Synchronous,0.0,4,2023-01-03,Herzliya Science Center,Cape Canaveral,Falcon 9,Space Science
TDO,USA,Military,Technology Development,Elliptical,,0.0,20,2019-08-08,Unknown,Cape Canaveral,Atlas 5,Technology Development
TechEdSat-13,USA,Government,Technology Development,LEO,Non-Polar Inclined,0.0,4,2022-01-13,NASA Ames Research Center,Virgin Orbit,LauncherOne,Technology Development
Technosat,Germany,Civil,Technology Demonstration,LEO,Sun-Synchronous,0.0,18,2017-07-14,Technical University Berlin,Baikonur Cosmodrome,Soyuz-2.1a,Technology Demonstration
TecSAR,Israel,Military,Earth Observation,LEO,Non-Polar Inclined,0.0,300,2008-01-21,Israel Aerospace Industries (IAI),Satish Dhawan Space Centre,PSLV C10,Earth Observation
TeikyoSat 4,Japan,Civil,Technology Development,LEO,Sun-Synchronous,0.0,52,2021-11-08,Teikyo University,Uchinoura Space Center,H2A,Technology Development
TeLEOS 1,Singapore,Commercial,Earth Observation,LEO,Equatorial,0.0,400,2015-12-16,ST Electronics Ltd.,Satish Dhawan Space Centre,PSLV C29,Earth Observation
TEMPEST-D,USA,Civil,Space Science,LEO,Non-Polar Inclined,0.0,10,2018-07-13,"Colorado State University, NASA Jet Propulsion Laboratory, Blue Canyon Technologies, Inc.",International Space Station,Nanorack Deployer,Space Science
Ten-Koh,Japan,Civil,Space Science,LEO,Sun-Synchronous,0.0,23,2018-10-29,Kyushu Technical University,Tanegashima Space Center,H2A,Space Science
TESS,USA,Government,Space Science,Elliptical,,0.0,362,2018-04-18,NASA/MIT,Cape Canaveral,Falcon 9,Space Science
TET-1,Germany,Commercial,Technology Development,LEO,Sun-Synchronous,0.0,120,2012-07-22,Kayser-Threde GmbH,Baikonur Cosmodrome,Soyuz-Fregat,Technology Development
USA 340,USA,Military,Technology Development,GEO,,-65.5,100,2022-11-01,Millennium Space Systems,Cape Canaveral,Falcon Heavy,Technology Development
Tevel-1,Israel,Commercial,Communications,LEO,Sun-Synchronous,0.0,1,2022-01-13,Herzliya Science Center,Cape Canaveral,Falcon 9,Communications
Tevel-2,Israel,Commercial,Communications,LEO,Sun-Synchronous,0.0,1,2022-01-13,Herzliya Science Center,Cape Canaveral,Falcon 9,Communications
Tevel-3,Israel,Commercial,Communications,LEO,Sun-Synchronous,0.0,1,2022-01-13,Herzliya Science Center,Cape Canaveral,Falcon 9,Communications
Tevel-4,Israel,Commercial,Communications,LEO,Sun-Synchronous,0.0,1,2022-01-13,Herzliya Science Center,Cape Canaveral,Falcon 9,Communications
Tevel-5,Israel,Commercial,Communications,LEO,Sun-Synchronous,0.0,1,2022-01-13,Herzliya Science Center,Cape Canaveral,Falcon 9,Communications
Tevel-6,Israel,Commercial,Communications,LEO,Sun-Synchronous,0.0,1,2022-01-13,Herzliya Science Center,Cape Canaveral,Falcon 9,Communications
Tevel-7,Israel,Commercial,Communications,LEO,Sun-Synchronous,0.0,1,2022-01-13,Herzliya Science Center,Cape Canaveral,Falcon 9,Communications
Tevel-8,Israel,Commercial,Communications,LEO,Sun-Synchronous,0.0,1,2022-01-13,Herzliya Science Center,Cape Canaveral,Falcon 9,Communications
THEA,USA,Commercial,Technology Development,LEO,Sun-Synchronous,0.0,4,2018-12-03,SpaceQuest,Vandenberg AFB,Falcon 9,Technology Development
THEMIS A,Multinational,Government/Civil,Space Science,Elliptical,,0.0,126,2007-02-17,Swales Aerospace,Cape Canaveral,Delta 2,Space Science
THEMIS D,Multinational,Government/Civil,Space Science,Elliptical,,0.0,126,2007-02-17,Swales Aerospace,Cape Canaveral,Delta 2,Space Science
THEMIS E,Multinational,Government/Civil,Space Science,Elliptical,,0.0,126,2007-02-17,Swales Aerospace,Cape Canaveral,Delta 2,Space Science
Theos,Thailand,Government,Earth Observation,LEO,Sun-Synchronous,0.0,750,2008-10-01,EADS Astrium,Dombarovsky Air Base,Dnepr,Earth Observation
Tianjin Daxue 1,China,Civil,Earth Observation,LEO,Sun-Synchronous,0.0,230,2021-12-06,Changguang Satellite Co.,Jiuquan Satellite Launch Center,Ceres-1,Earth Observation
Tiankun-2,China,Government,Technology Development,LEO,Sun-Synchronous,0.0,90,2022-03-29,China Academy of Launch Vehicle Technology (CASIC),Taiyuan Launch Center,Long March 6A,Technology Development
Tianmu-1 01,China,Commercial,Meteorological,LEO,Sun-Synchronous,0.0,50,1/9//2023,China Aerospace Science and Technology Corp. (CASC),Jiuquan Satellite Launch Center,Ceres,Meteorological
Tianmu-1 02,China,Commercial,Meteorological,LEO,Sun-Synchronous,0.0,50,2023-01-09,China Aerospace Science and Technology Corp. (CASC),Jiuquan Satellite Launch Center,Ceres,Meteorological
Tianmu-1 03,China,Commercial,Meteorological,LEO,Sun-Synchronous,0.0,50,2023-03-22,China Aerospace Science and Technology Corp. (CASC),Jiuquan Satellite Launch Center,Kuaizhou 1A,Meteorological
Tianmu-1 04,China,Commercial,Meteorological,LEO,Sun-Synchronous,0.0,50,2023-03-22,China Aerospace Science and Technology Corp. (CASC),Jiuquan Satellite Launch Center,Kuaizhou 1A,Meteorological
Tianmu-1 05,China,Commercial,Meteorological,LEO,Sun-Synchronous,0.0,50,2023-03-22,China Aerospace Science and Technology Corp. (CASC),Jiuquan Satellite Launch Center,Kuaizhou 1A,Meteorological
Tianmu-1 06,China,Commercial,Meteorological,LEO,Sun-Synchronous,0.0,50,2023-03-22,China Aerospace Science and Technology Corp. (CASC),Jiuquan Satellite Launch Center,Kuaizhou 1A,Meteorological
Tianqi-1,China,Commercial,Communications,LEO,Sun-Synchronous,0.0,8,2018-10-29,Guodian Gaoke,Jiuquan Satellite Launch Center,Long March 2C,Communications
Tianqi-10,China,Commercial,Technology Development,LEO,Sun-Synchronous,0.0,9,2020-07-25,Shanghai ASES Spaceflight Technology Co. Ltd.,Taiyuan Launch Center,Long March 4B,Technology Development
Tianqi-11,China,Commercial,Technology Development,LEO,Sun-Synchronous,0.0,50,2020-11-07,Guodian Gaoke,Taiyuan Launch Center,Ceres-1,Technology Development
Tianqi-12,China,Commercial,Technology Development,LEO,Non-Polar Inclined,0.0,50,2021-05-06,Guodian Gaoke,Xichang Satellite Launch Center,Long March 2C,Technology Development
Tianqi-13,China,Commercial,Technology Development,LEO,Sun-Synchronous,0.0,40,2023-01-09,Guodian Gaoke,Jiuquan Satellite Launch Center,Ceres-1,Technology Development
Tianqi-14,China,Commercial,Technology Development,LEO,Non-Polar Inclined,0.0,50,2021-06-18,Guodian Gaoke,Xichang Satellite Launch Center,Long March 2C,Technology Development
Tianqi-15,China,Commercial,Technology Development,LEO,Non-Polar Inclined,0.0,50,2021-07-19,Guodian Gaoke,Xichang Satellite Launch Center,Long March 2C,Technology Development
Tianqi-19,China,Commercial,Technology Development,LEO,Sun-Synchronous,0.0,39,2022-02-27,Guodian Gaoke,Wenchang Space Center,Long March 8,Technology Development
Tianqi-2,China,Commercial,Communications,LEO,Sun-Synchronous,0.0,8,2019-08-17,Guodian Gaoke,Jiuquan Satellite Launch Center,Jielong 1,Communications
Tianqi-3,China,Commercial,Communications,LEO,Non-Polar Inclined,0.0,8,2019-06-05,Guodian Gaoke,Yellow Sea Launch Platform,Long March 11,Communications
Tianqi-4A,China,Commercial,Communications,LEO,Sun-Synchronous,0.0,9,2019-12-07,Guodian Gaoke,Taiyuan Launch Center,Kuaizhou 1A,Communications
Tianqi-4B,China,Commercial,Communications,LEO,Sun-Synchronous,0.0,9,2019-12-07,Guodian Gaoke,Taiyuan Launch Center,Kuaizhou 1A,Communications
Tianqi-5,China,Commercial,Communications,LEO,Sun-Synchronous,0.0,9,2020-01-15,Guodian Gaoke,Taiyuan Launch Center,Long March 2D,Communications
Tianqi-6,China,Commercial,Technology Development,LEO,Non-Polar Inclined,0.0,9,2020-10-26,Guodian Gaoke,Xichang Satellite Launch Center,Long March 2C,Technology Development
Tianqi-8,China,Commercial,Technology Development,LEO,Sun-Synchronous,0.0,9,2020-12-22,Guodian Gaoke,Wenchang Space Center,Long March 8,Technology Development
Tianqi-9,China,Commercial,Technology Development,LEO,Sun-Synchronous,0.0,9,2021-04-27,Guodian Gaoke,Taiyuan Launch Center,Long March 6,Technology Development
Tianqin-1,China,Commercial,Earth Observation,LEO,Sun-Synchronous,0.0,40,2019-12-21,MinoSpace Technology,Taiyuan Launch Center,Long March 4B,Earth Observation
Tianshu 1,China,Commercial,Technology Development,LEO,Sun-Synchronous,0.0,50,2021-10-14,"Insight Position Digital Intelligence Technology Service Co., Ltd. ",Taiyuan Launch Center,Long March 2D,Technology Development
Tiantuo-2,China,Government,Earth Observation/Communications,LEO,Sun-Synchronous,0.0,67,2014-09-08,National University of Defense Technology,Taiyuan Launch Center,Long March 4B,Earth Observation
Tiantuo-3,China,Government,Technology Development,LEO,Sun-Synchronous,0.0,20,2015-09-19,National University of Defense Technology,Taiyuan Launch Center,Long March 6,Technology Development
Tiantuo-5,China,Military,Technology Development,LEO,Sun-Synchronous,0.0,79,2020-08-23,National University of Defense Technology,Jiuquan Satellite Launch Center,Long March 2D,Technology Development
Tianxing 1,China,Commercial,Space Science,LEO,Polar,0.0,200,2022-06-22,CASIOM,Jiuquan Satellite Launch Center,Kuaizhou-1A ,Space Science
Xiaoxiang-1,China,Commercial,Technology Development,LEO,Sun-Synchronous,0.0,3,2019-01-21,Spacety Aerospace Co.,Jiuquan Satellite Launch Center,Long March 11,Technology Development
Xiaoxiang 1-08,China/France,Commercial,Technology Development,LEO,Sun-Synchronous,0.0,9,2019-11-03,Spacety Aerospace Co.,Taiyuan Launch Center,Long March 4B,Technology Development
TianYi-16,China,Commercial,Technology Development,LEO,Sun-Synchronous,0.0,9,2019-12-07,Spacety Aerospace Co.,Taiyuan Launch Center,Kuaizhou 1A,Technology Development
TianYi-17,China,Commercial,Technology Development,LEO,Sun-Synchronous,0.0,9,2019-12-07,Spacety Aerospace Co.,Taiyuan Launch Center,Kuaizhou 1A,Technology Development
TianYi-2,China,Commercial,Technology Development,LEO,Sun-Synchronous,0.0,8,2018-01-18,Spacety Aerospace Co.,Jiuquan Satellite Launch Center,Long March 11,Technology Development
TianYi-6,China,Commercial,Technology Development,LEO,Sun-Synchronous,0.0,8,2018-01-18,Spacety Aerospace Co.,Jiuquan Satellite Launch Center,Long March 11,Technology Development
Tianyuan 1,China,Civil,Technology Demonstration,LEO,Sun-Synchronous,0.0,10,2021-10-14,Nanjing University of Science and Technology,Taiyuan Launch Center,Long March 2D,Technology Demonstration
Tianzhi-1,China,Government,Technology Development,LEO,Sun-Synchronous,0.0,27,2018-11-19,Innovation Academy for Microsatellites/Chinese Academy of Sciences,Jiuquan Satellite Launch Center,Long March 2D,Technology Development
Tianzhi-2D,China,Government,Technology Development,LEO,Sun-Synchronous,0.0,19,2023-01-15,"Institute of Software, Chinese Academy of Sciences",Taiyuan Launch Center,Long March 2D,Technology Development
TIGRISat,Iraq,Civil,Earth Observation,LEO,Sun-Synchronous,0.0,1,2014-06-19,La Sapienza University of Rome,Dombarovsky Air Base,Dnepr,Earth Observation
TIMED,USA,Government/Civil,Space Science,LEO,Polar,0.0,587,2001-12-07,"Applied Physics Laboratory, Johns Hopkins",Vandenberg AFB,Delta 2,Space Science
TRISAT,Slovenia,Civil,Technology Development,LEO,Sun-Synchronous,0.0,4,2020-09-02,University of Malibor/SkyLabs,Guiana Space Center,Vega,Technology Development
TROPICS Pathfinder,USA,Government,Earth Observation,LEO,Sun-Synchronous,0.0,4,2021-06-30,MIT/Goddard Space Flight Center,Cape Canaveral,Falcon 9,Earth Observation
TRSI-2,Germany,Commercial,Technology Development,LEO,Sun-Synchronous,0.0,1,2022-05-02,TRSI/ACMEO,Rocket Lab Launch Complex 1,Electron,Technology Development
TRSI-3,Germany,Commercial,Technology Development,LEO,Sun-Synchronous,0.0,1,2022-05-02,TRSI/ACMEO,Rocket Lab Launch Complex 1,Electron,Technology Development
TTU100,Estonia,Civil,Earth Observation,LEO,Sun-Synchronous,0.0,4,2020-09-02,Tallinn University of Technology,Guiana Space Center,Vega,Earth Observation
TUBIN,Germany,Civil,Technology Demonstration,LEO,Sun-Synchronous,0.0,20,2021-06-30,Technical University Berlin,Cape Canaveral,Falcon 9,Technology Demonstration
TUGSat-1,Austria,Civil,Technology Development,LEO,Sun-Synchronous,0.0,14,2013-02-25,University of Toronto Institute for Aerospace Studies (UTIAS),Satish Dhawan Space Centre,PSLV,Technology Development
Tyvak 0092,Israel,Commercial,Technology Development,LEO,Non-Polar Inclined,0.0,5,2019-12-11,Elbit Systems,Satish Dhawan Space Centre,PSLV,Technology Development
Tyvak 0129,Israel,Commercial,Technology Development,LEO,Non-Polar Inclined,0.0,5,2019-12-11,Elbit Systems,Satish Dhawan Space Centre,PSLV,Technology Development
Tyvak 0130,USA,Commercial,Technology Development,LEO,Non-Polar Inclined,0.0,9,2021-05-15,Tyvak Nanosatellite Systems,Cape Canaveral,Falcon 9,Technology Development
Tyvak 0152,USA,Commercial,Technology Demonstration,LEO,Non-Polar Inclined,0.0,9,2021-03-22,Tyvak Nanosatellite Systems,Rocket Lab Launch Complex 1,Electron,Technology Demonstration
Tyvak 0172,USA,Commercial,Technology Demonstration,LEO,Sun-Synchronous,0.0,10,2020-08-30,Tyvak Nanosatellite Systems,Cape Canaveral,Falcon 9,Technology Demonstration
Tyvak 0173 ,USA,Commercial,Technology Demonstration,LEO,Sun-Synchronous,0.0,12,2021-06-30,Tyvak Nanosatellite Systems,Cape Canaveral,Falcon 9,Technology Demonstration
Tyvak 0210,USA,Commercial,Technology Demonstration,LEO,Non-Polar Inclined,0.0,9,2021-03-22,Tyvak Nanosatellite Systems,Rocket Lab Launch Complex 1,Electron,Technology Demonstration
Tyvak 0211,USA,Commercial,Technology Demonstration,LEO,Sun-Synchronous,0.0,6,2021-06-30,Tyvak Nanosatellite Systems,Cape Canaveral,Falcon 9,Technology Demonstration
Tyvak 182A,USA,Commercial,Technology Demonstration,LEO,Sun-Synchronous,0.0,10,2021-04-29,Tyvak Nanosatellite Systems,Guiana Space Center,Vega W18,Technology Demonstration
Tyvak 53b,USA,Commercial,Technology Demonstration,LEO,Sun-Synchronous,0.0,5,2017-06-23,Tyvak Nanosatellite Systems,Satish Dhawan Space Centre,PSLV,Technology Demonstration
Tyvak 61c,USA,Commercial,Technology Demonstration,LEO,Sun-Synchronous,0.0,10,2018-01-11,Tyvak Nanosatellite Systems,Satish Dhawan Space Centre,PSLV,Technology Demonstration
UK-DMC-2,United Kingdom,Government,Earth Observation,LEO,Sun-Synchronous,0.0,97,2009-07-29,Surrey Satellite Technology Ltd. ,Baikonur Cosmodrome,Dnepr,Earth Observation
Umbra-02,USA,Commercial,Earth Observation,LEO,Sun-Synchronous,0.0,65,2022-01-13,UMBRA,Cape Canaveral,Falcon 9,Earth Observation
Umbra-04,USA,Commercial,Earth Observation,LEO,Sun-Synchronous,0.0,65,2023-01-03,UMBRA,Cape Canaveral,Falcon 9,Earth Observation
Umbra-05,USA,Commercial,Earth Observation,LEO,Sun-Synchronous,0.0,65,2023-01-03,UMBRA,Cape Canaveral,Falcon 9,Earth Observation
Umbra-06,USA,Commercial,Earth Observation,LEO,Sun-Synchronous,0.0,65,2023-04-15,UMBRA,Vandenberg AFB,Falcon 9,Earth Observation
Umbra-SAR 2001,USA,Commercial,Earth Observation,LEO,Sun-Synchronous,0.0,65,2021-06-30,UMBRA,Cape Canaveral,Falcon 9,Earth Observation
Unicorn-1,United Kingdom,Commercial,Technology Development,LEO,Sun-Synchronous,0.0,1,2022-01-13,Alba Orbital,Cape Canaveral,Falcon 9,Technology Development
Unicorn-2A,United Kingdom,Commercial,Technology Development,LEO,Sun-Synchronous,0.0,1,2022-01-13,Alba Orbital,Cape Canaveral,Falcon 9,Technology Development
Unicorn-2D,United Kingdom,Commercial,Technology Development,LEO,Sun-Synchronous,0.0,1,2022-01-13,Alba Orbital,Cape Canaveral,Falcon 9,Technology Development
Unicorn-2TA1,United Kingdom,Commercial,Technology Development,LEO,Sun-Synchronous,0.0,1,2022-01-13,Alba Orbital,Cape Canaveral,Falcon 9,Technology Development
UNIFORM 1,Japan,Civil,Earth Observation,LEO,Sun-Synchronous,0.0,50,2014-05-24,Wakayama University and other Japanese universities,Tanegashima Space Center,H2A,Earth Observation
UPMSat-2,Spain,Civil,Technology Development,LEO,Sun-Synchronous,0.0,60,2020-09-02,Polytechnic University of Madrid,Guiana Space Center,Vega,Technology Development
USSF 12 Ring,USA,Military,Technology Development,GEO,,,500,2022-07-01,Northrop Grumman,Cape Canaveral,Atlas 5,Technology Development
UVSQ-Sat,France,Civil,Technology Demonstration,LEO,Sun-Synchronous,0.0,1,2021-01-24,University of Versailles Saint-Quentin-en-Yvelines (UVSQ),Cape Canaveral,Falcon 9,Technology Demonstration
UWE-4,Germany,Civil,Technology Development/Educational,LEO,Sun-Synchronous,0.0,2,2018-12-27,University of Würzburg,Vostochny Cosmodrome,Soyuz-2.1a,Technology Development/Educational
V-R3X 1,USA,Government/Civil,Technology Demonstration,LEO,Sun-Synchronous,0.0,1,2021-01-24,NASA/Carnegie Mellon University,Cape Canaveral,Falcon 9,Technology Demonstration
V-R3X 2,USA,Government/Civil,Technology Demonstration,LEO,Sun-Synchronous,0.0,1,2021-01-24,NASA/Carnegie Mellon University,Cape Canaveral,Falcon 9,Technology Demonstration
V-R3X 3,USA,Government/Civil,Technology Demonstration,LEO,Sun-Synchronous,0.0,1,2021-01-24,NASA/Carnegie Mellon University,Cape Canaveral,Falcon 9,Technology Demonstration
RBSP-A,USA,Government,Earth Observation,Elliptical,,0.0,648,2012-08-30,Johns Hopkins University Applied Physics Laboratory,Cape Canaveral,Atlas 5,Earth Observation
RBSP-B,USA,Government,Earth Observation,Elliptical,,0.0,666,2012-08-30,Johns Hopkins University Applied Physics Laboratory,Cape Canaveral,Atlas 5,Earth Observation
VCUB-1,Brazil,Commercial,Technology Demonstration,LEO,Sun-Synchronous,0.0,10,2023-04-15,Visiona Tecnologia Espacial,Vandenberg AFB,Falcon 9,Technology Demonstration
VDNH-80,Russia,Civil,Space Science,LEO,Sun-Synchronous,0.0,4,2019-07-05,Moscow State University,Vostochny Cosmodrome,Soyuz-2.1b,Space Science
Veery Hatchling v.2,USA,Civil,Earth Observation,LEO,Non-Polar Inclined,0.0,1,2021-03-22,Care Weather Technologies/Brigham Young University,Rocket Lab Launch Complex 1,Electron,Earth Observation
Velox 2,Singapore,Civil,Technology Development,LEO,Equatorial,0.0,13,2015-12-16,Nanyang Technological University,Satish Dhawan Space Centre,PSLV-C29,Technology Development
Velox C1,Singapore,Civil,Technology Development,LEO,Equatorial,0.0,123,2015-12-16,Nanyang Technological University,Satish Dhawan Space Centre,PSLV-C29,Technology Development
Venµs,France/Israel,Government,Earth Observation,LEO,Sun-Synchronous,0.0,264,2017-08-01,Israel Aerospace Industries (IAI),Guiana Space Center,Vega,Earth Observation
Vigoride AZ,USA,Commercial,Technology Development,LEO,Sun-Synchronous,0.0,363,2023-01-03,"Momentus, Inc.",Cape Canaveral,Falcon 9,Technology Development
Vigoride VR-6,USA,Commercial,Technology Development,LEO,Sun-Synchronous,0.0,363,2023-04-15,"Momentus, Inc.",Vandenberg AFB,Falcon 9,Technology Development
VIREO,Hungary,Commercial,Technology Demonstration,LEO,Sun-Synchronous,0.0,95,2023-04-15,C3S,Vandenberg AFB,Falcon 9,Technology Demonstration
VNREDSat 1A,Vietnam,Government,Earth Observation,LEO,Sun-Synchronous,0.0,115,2013-05-07,EADS Astrium,Guiana Space Center,Vega,Earth Observation
VRSS-1,Venezuela,Government,Earth Observation,LEO,Sun-Synchronous,0.0,880,2012-09-28,China Academy of Space Technology (CAST),Jiuquan Satellite Launch Center,Long March 2D,Earth Observation
W-Cube,ESA,Government,Technology Development,LEO,Sun-Synchronous,0.0,5,2021-06-30,Joanneum Research,Cape Canaveral,Falcon 9,Technology Development
Weili-Kongjian 1-55,China,Government,Technology Development,LEO,Non-Polar Inclined,0.0,97,2022-10-07,Shanghai Micro Satellite Engineering Center,Yellow Sea Launch Platform,Long March 11H,Technology Development
Weili-Kongjian 1-56,China,Government,Technology Development,LEO,Non-Polar Inclined,0.0,97,2022-10-07,Shanghai Micro Satellite Engineering Center,Yellow Sea Launch Platform,Long March 11H,Technology Development
Weili-Kongjian 1-53,China,Government,Technology Development,LEO,Non-Polar Inclined,0.0,1,2018-01-25,Shanghai Micro Satellite Engineering Center,Xichang Satellite Launch Center,Long March 2C,Technology Development
Weili-Kongjian 1-54,China,Government,Technology Development,LEO,Non-Polar Inclined,0.0,5,2018-04-10,Shanghai Micro Satellite Engineering Center,Jiuquan Satellite Launch Center,Long March 4C,Technology Development
Weina-1A,China,Commercial,Communications,LEO,Non-Polar Inclined,0.0,97,2022-09-06,Institute of Mechanics of the Chinese Academy of Science (IMCAS),Jiuquan Satellite Launch Center,Kuaizhou-1A,Communications
Weina-1B,China,Commercial,Communications,LEO,Non-Polar Inclined,0.0,97,2022-09-06,Institute of Mechanics of the Chinese Academy of Science (IMCAS),Jiuquan Satellite Launch Center,Kuaizhou-1A,Communications
Wenchang-1 01,China,Government,Earth Observation,LEO,Sun-Synchronous,0.0,62,2022-02-27,MinoSpace Technology,Wenchang Space Center,Long March 8,Earth Observation
Wenchang-1 02,China,Government,Earth Observation,LEO,Sun-Synchronous,0.0,62,2022-02-27,MinoSpace Technology,Wenchang Space Center,Long March 8,Earth Observation
WildTrackCube-SIMBA,Italy,Civil,Communications,LEO,Sun-Synchronous,0.0,1,2021-03-22,La Sapienza University of Rome,Baikonur Cosmodrome,Soyuz-2.1a,Communications
WNISat-1,Japan,Commercial,Earth Observation,LEO,Sun-Synchronous,0.0,10,2013-11-21,Axelspace,Dombarovsky Air Base,Dnepr,Earth Observation
WNISat-1R,Japan,Commercial,Earth Observation,LEO,Sun-Synchronous,0.0,43,2017-07-14,Axelspace,Baikonur Cosmodrome,Soyuz-2.1a,Earth Observation
X-Sat,Singapore,Government,Earth Observation,LEO,Sun-Synchronous,0.0,91,2011-04-20,Centre for Research in Satellite Technology (CREST),Satish Dhawan Space Centre,PSLV C16,Earth Observation
Sci Tech 1,China,Commercial,Technology Development,LEO,Sun-Synchronous,0.0,50,2023-01-09,Chang Guang Satellite Technology Co. Ltd.,Wenchang Space Center,Ceres 5,Technology Development
Xiaoxiang 1-04,China,Commercial,Technology Development,LEO,Non-Polar Inclined,0.0,8,2019-06-05,Spacety Aerospace Co.,Yellow Sea Launch Platform,Long March 11,Technology Development
Xiaoxiang 1-07 ,China,Commercial,Technology Development,LEO,Sun-Synchronous,0.0,10,2019-08-30,Spacety Aerospace Co.,Jiuquan Satellite Launch Center,Kuaizhou 1A,Technology Development
Xidian 1,China,Commercial,Earth Observation,LEO,Sun-Synchronous,0.0,88,2022-02-27,MinoSpace Technology,Wenchang Space Center,Long March 8,Earth Observation
Xingshidai 10,China,Commercial,Earth Observation,LEO,Sun-Synchronous,0.0,10,2021-07-03,MinoSpace Technology,Taiyuan Launch Center,Long March 2D,Earth Observation
Xingshidai 5,China,Commercial,Earth Observation,LEO,Sun-Synchronous,0.0,10,2019-08-17,MinoSpace Technology,Jiuquan Satellite Launch Center,Jielong 1,Earth Observation
Xingyun 2-01,China,Government,Communications,LEO,Sun-Synchronous,0.0,93,2020-05-11,Unknown,Jiuquan Satellite Launch Center,Kuaizhou 1A,Communications
Xingyun 2-02,China,Government,Communications,LEO,Sun-Synchronous,0.0,93,2020-05-11,Unknown,Jiuquan Satellite Launch Center,Kuaizhou 1A,Communications
XPNav-1,China,Government,Technology Development,LEO,Sun-Synchronous,0.0,240,2016-11-09,China Aerospace Science and Technology Corp. (CASC),Jiuquan Satellite Launch Center,Long March 11,Technology Development
XW-1,China,Civil,Communications,LEO,Sun-Synchronous,0.0,60,2009-12-15,DFH Satellite Co. Ltd.,Taiyuan Launch Center,Long March 4C,Communications
XW-2A,China,Civil,Communications,LEO,Sun-Synchronous,0.0,25,2015-09-19,DFH Satellite Co. Ltd./CAMSAT,Taiyuan Launch Center,Long March 6,Communications
XW-2B,China,Civil,Communications,LEO,Sun-Synchronous,0.0,10,2015-09-19,DFH Satellite Co. Ltd./CAMSAT,Taiyuan Launch Center,Long March 6,Communications
XW-2C,China,Civil,Communications,LEO,Sun-Synchronous,0.0,10,2015-09-19,DFH Satellite Co. Ltd./CAMSAT,Taiyuan Launch Center,Long March 6,Communications
XW-2D,China,Civil,Communications,LEO,Sun-Synchronous,0.0,10,2015-09-19,DFH Satellite Co. Ltd./CAMSAT,Taiyuan Launch Center,Long March 6,Communications
XW-2F,China,Civil,Communications,LEO,Sun-Synchronous,0.0,2,2015-09-19,DFH Satellite Co. Ltd./CAMSAT,Taiyuan Launch Center,Long March 6,Communications
XY-S1,China,Government,Technology Development,LEO,Sun-Synchronous,0.0,2,2017-01-09,Ninth Academy of CASIC,Jiuquan Satellite Launch Center,Kuaizhou,Technology Development
YAM-2,USA,Commercial,Satellite Positioning,LEO,Sun-Synchronous,0.0,80,2021-06-30,Fugro,Cape Canaveral,Falcon 9,Satellite Positioning
YAM-3,USA,Commercial,Communications,LEO,Sun-Synchronous,0.0,80,2021-06-30,Payloads from DARPA and Internet of Things,Cape Canaveral,Falcon 9,Communications
YAM-5,USA,Commercial,Technology Demonstration,LEO,Sun-Synchronous,0.0,87,2023-01-03,Loft Orbital/LeoStella,Cape Canaveral,Falcon 9,Technology Demonstration
Yangwang-1,China,Commercial,Space Science,LEO,Sun-Synchronous,0.0,42,2021-06-11,Unknown,Taiyuan Launch Center,Long March 2D,Space Science
Yaogan 30-10-1 ,China,Military,Earth Observation,LEO,Non-Polar Inclined,0.0,500,2021-07-19,China Academy of Space Technology (CAST),Xichang Satellite Launch Center,Long March 2C,Earth Observation
Yaogan 30-10-2,China,Military,Earth Observation,LEO,Non-Polar Inclined,0.0,500,2021-07-19,China Academy of Space Technology (CAST),Xichang Satellite Launch Center,Long March 2C,Earth Observation
Yaogan 30-10-3,China,Military,Earth Observation,LEO,Non-Polar Inclined,0.0,500,2021-07-19,China Academy of Space Technology (CAST),Xichang Satellite Launch Center,Long March 2C,Earth Observation
Yaogan 31-4-1,China,Military,Earth Observation,LEO,Non-Polar Inclined,0.0,500,2021-03-13,China Academy of Space Technology (CAST),Jiuquan Satellite Launch Center,Long March 4C,Earth Observation
Yaogan 31-4-2,China,Military,Earth Observation,LEO,Non-Polar Inclined,0.0,500,2021-03-13,China Academy of Space Technology (CAST),Jiuquan Satellite Launch Center,Long March 4C,Earth Observation
Yaogan 31-4-3,China,Military,Earth Observation,LEO,Non-Polar Inclined,0.0,500,2021-03-13,China Academy of Space Technology (CAST),Jiuquan Satellite Launch Center,Long March 4C,Earth Observation
Yaogan 34-02),China,Military,Earth Observation,LEO,Non-Polar Inclined,0.0,500,2022-03-23,China Academy of Space Technology (CAST),Jiuquan Satellite Launch Center,Long March 4C,Earth Observation
Yaogan 34-04,China,Military,Earth Observation,LEO,Non-Polar Inclined,0.0,500,2023-03-31,Shanghai Academy of Spaceflight Technology (SAST),Jiuquan Satellite Launch Center,Long March 4C,Earth Observation
Yaogan 35-02A ,China,Military,Earth Observation,LEO,Non-Polar Inclined,0.0,300,2022-06-23,China Academy of Space Technology (CAST),Xichang Satellite Launch Center,Long March 2D,Earth Observation
Yaogan 35-02B,China,Military,Earth Observation,LEO,Non-Polar Inclined,0.0,300,2022-06-23,China Academy of Space Technology (CAST),Xichang Satellite Launch Center,Long March 2D,Earth Observation
Yaogan 35-02C ,China,Military,Earth Observation,LEO,Non-Polar Inclined,0.0,300,2022-06-23,China Academy of Space Technology (CAST),Xichang Satellite Launch Center,Long March 2D,Earth Observation
Yaogan 35-03A,China,Military,Earth Observation,LEO,Non-Polar Inclined,0.0,300,2022-07-29,China Academy of Space Technology (CAST),Xichang Satellite Launch Center,Long March 2D,Earth Observation
Yaogan 35-03B,China,Military,Earth Observation,LEO,Non-Polar Inclined,0.0,300,2022-07-29,China Academy of Space Technology (CAST),Xichang Satellite Launch Center,Long March 2D,Earth Observation
Yaogan 35A,China,Military,Earth Observation,LEO,Non-Polar Inclined,0.0,300,2021-11-06,China Academy of Space Technology (CAST),Xichang Satellite Launch Center,Long March 2D,Earth Observation
Yaogan 35B,China,Military,Earth Observation,LEO,Non-Polar Inclined,0.0,300,2021-11-06,China Academy of Space Technology (CAST),Xichang Satellite Launch Center,Long March 2D,Earth Observation
Yaogan 35-5-1,China,Military,Earth Observation,LEO,Non-Polar Inclined,0.0,300,2022-09-06,China Academy of Space Technology (CAST),Xichang Satellite Launch Center,Long March 2D,Earth Observation
Yaogan 35-5-2,China,Military,Earth Observation,LEO,Non-Polar Inclined,0.0,300,2022-09-06,China Academy of Space Technology (CAST),Xichang Satellite Launch Center,Long March 2D,Earth Observation
Yaogan 35-5-3,China,Military,Earth Observation,LEO,Non-Polar Inclined,0.0,300,2022-09-06,China Academy of Space Technology (CAST),Xichang Satellite Launch Center,Long March 2D,Earth Observation
Yaogan 35C,China,Military,Earth Observation,LEO,Non-Polar Inclined,0.0,300,2021-11-06,China Academy of Space Technology (CAST),Xichang Satellite Launch Center,Long March 2D,Earth Observation
Yaogan 36-1-1,China,Military,Earth Observation,LEO,Non-Polar Inclined,0.0,300,2022-09-26,China Academy of Space Technology (CAST),Taiyuan Launch Center,Long March 2D,Earth Observation
Yaogan 36-1-2,China,Military,Earth Observation,LEO,Non-Polar Inclined,0.0,300,2022-09-26,China Academy of Space Technology (CAST),Taiyuan Launch Center,Long March 2D,Earth Observation
Yaogan 36-1-3,China,Military,Earth Observation,LEO,Non-Polar Inclined,0.0,300,2022-09-26,China Academy of Space Technology (CAST),Taiyuan Launch Center,Long March 2D,Earth Observation
Yaogan 36-2-1,China,Military,Earth Observation,LEO,Non-Polar Inclined,0.0,300,2022-10-14,China Academy of Space Technology (CAST),Xichang Satellite Launch Center,Long March 2D,Earth Observation
Yaogan 36-2-2,China,Military,Earth Observation,LEO,Non-Polar Inclined,0.0,300,2022-10-14,China Academy of Space Technology (CAST),Xichang Satellite Launch Center,Long March 2D,Earth Observation
Yaogan 36-2-3,China,Military,Earth Observation,LEO,Non-Polar Inclined,0.0,300,2022-10-14,China Academy of Space Technology (CAST),Xichang Satellite Launch Center,Long March 2D,Earth Observation
Yaogan 34,China,Military,Earth Observation,LEO,Non-Polar Inclined,0.0,500,2021-04-30,China Academy of Space Technology (CAST),Jiuquan Satellite Launch Center,Long March 4C,Earth Observation
Yinhe 1,China,Commercial,Communications,LEO,Polar,0.0,227,2020-01-16,GalaxySpace,Jiuquan Satellite Launch Center,Kuaizhou 1A,Communications
Yinhe 2-01 ,China,Commercial,Communications,LEO,Non-Polar Inclined,0.0,190,2022-03-05,Galaxy Space,Xichang Satellite Launch Center,Long March 2C,Communications
Yinhe 2-02,China,Commercial,Communications,LEO,Non-Polar Inclined,0.0,190,2022-03-05,Galaxy Space,Xichang Satellite Launch Center,Long March 2C,Communications
Yinhe 2-03,China,Commercial,Communications,LEO,Non-Polar Inclined,0.0,190,2022-03-05,Galaxy Space,Xichang Satellite Launch Center,Long March 2C,Communications
Yinhe 2-04,China,Commercial,Communications,LEO,Non-Polar Inclined,0.0,190,2022-03-05,Galaxy Space,Xichang Satellite Launch Center,Long March 2C,Communications
Yinhe 2-05,China,Commercial,Communications,LEO,Non-Polar Inclined,0.0,190,2022-03-05,Galaxy Space,Xichang Satellite Launch Center,Long March 2C,Communications
Yinhe 2-06,China,Commercial,Communications,LEO,Non-Polar Inclined,0.0,190,2022-03-05,Galaxy Space,Xichang Satellite Launch Center,Long March 2C,Communications
Youthsat,India,Government,Space Science,LEO,Sun-Synchronous,0.0,92,2011-04-20,Indian Space Research Organization (ISRO),Satish Dhawan Space Centre,PSLV C16,Space Science
Yuanguang,China,Civil,Technology Development,LEO,Sun-Synchronous,0.0,20,2020-12-22,Hubei University of Technology (HUT)/Spacety,Wenchang Space Center,Long March 8,Technology Development
Yunhai-1 3,China,Government,Earth Observation,LEO,Sun-Synchronous,0.0,800,2022-09-20,Shanghai Academy of Spaceflight Technology (SAST),Jiuquan Satellite Launch Center,Long March 2D,Earth Observation
Yunhai-1,China,Government,Earth Observation,LEO,Sun-Synchronous,0.0,800,2016-11-11,Shanghai Academy of Spaceflight Technology (SAST),Jiuquan Satellite Launch Center,Long March 2D,Earth Observation
Z-Sat,Japan,Commercial,Technology Development,LEO,Sun-Synchronous,0.0,46,2021-11-08,Mitsubishi Heavy Industries,Uchinoura Space Center,H2A,Technology Development
ZACUBE-1,South Africa,Civil,Technology Development/Educational,LEO,Sun-Synchronous,0.0,2,2013-11-21,French South African Institute of Technology/Cape Peninsula University of Technology,Dombarovsky Air Base,Dnepr,Technology Development/Educational
ZACUBE-2,South Africa,Civil,Earth Observation,LEO,Sun-Synchronous,0.0,4,2018-11-27,French South African Institute of Technology/Cape Peninsula University of Technology,Vostochny Cosmodrome,Soyuz-2.1a,Earth Observation
Zeus-1 ,Singapore,Commercial,Technology Development,LEO,Sun-Synchronous,0.0,4,2023-01-03,QOSMOSYS,Cape Canaveral,Falcon 9,Technology Development
Zhangheng 1,China/Italy,Government,Earth Science,LEO,Sun-Synchronous,0.0,730,2018-02-02,China Earthquake Administration/Italian Institute for Nuclear Physics,Jiuquan Satellite Launch Center,Long March 2D,Earth Science
ZP-1B,China,Civil,Space Science,LEO,Sun-Synchronous,0.0,4,2010-09-22,Zhejiang University,Jiuquan Satellite Launch Center,Long March 2D,Space Science
ZP-1C,China,Civil,Space Science,LEO,Sun-Synchronous,0.0,4,2010-09-22,Zhejiang University,Jiuquan Satellite Launch Center,Long March 2D,Space Science
ZP-2A,China,Civil,Technology Development,LEO,Sun-Synchronous,0.0,12,2015-09-19,Zhejiang University,Taiyuan Launch Center,Long March 6,Technology Development
ZP-2B,China,Civil,Technology Development,LEO,Sun-Synchronous,0.0,12,2015-09-19,Zhejiang University,Taiyuan Launch Center,Long March 6,Technology Development
ZP-3A,China,Civil,Technology Development,LEO,Sun-Synchronous,0.0,12,2020-06-17,Zhejiang University,Jiuquan Satellite Launch Center,Long March 2D,Technology Development
OHS-5,China,Commercial,Earth Observation,LEO,Sun-Synchronous,0.0,55,2019-09-19,Zhuhai Orbita Control Engineering Co. Ltd.,Jiuquan Satellite Launch Center,Long March 11,Earth Observation
OHS-6,China,Commercial,Earth Observation,LEO,Sun-Synchronous,0.0,55,2019-09-19,Zhuhai Orbita Control Engineering Co. Ltd.,Jiuquan Satellite Launch Center,Long March 11,Earth Observation
OHS-7,China,Commercial,Earth Observation,LEO,Sun-Synchronous,0.0,55,2019-09-19,Zhuhai Orbita Control Engineering Co. Ltd.,Jiuquan Satellite Launch Center,Long March 11,Earth Observation
OHS-8,China,Commercial,Earth Observation,LEO,Sun-Synchronous,0.0,55,2019-09-19,Zhuhai Orbita Control Engineering Co. Ltd.,Jiuquan Satellite Launch Center,Long March 11,Earth Observation
OVS-1A,China,Commercial,Earth Observation,LEO,Non-Polar Inclined,0.0,55,2017-06-15,Zhuhai Orbita Control Engineering Co. Ltd.,Jiuquan Satellite Launch Center,Long March 4B,Earth Observation
OVS-1B,China,Commercial,Earth Observation,LEO,Non-Polar Inclined,0.0,55,2017-06-15,Zhuhai Orbita Control Engineering Co. Ltd.,Jiuquan Satellite Launch Center,Long March 4B,Earth Observation
OVS-2A,China,Commercial,Earth Observation,LEO,Sun-Synchronous,0.0,55,2018-04-26,Zhuhai Orbita Control Engineering Co. Ltd.,Jiuquan Satellite Launch Center,Long March 11,Earth Observation
OVS-3,China,Commercial,Earth Observation,LEO,Sun-Synchronous,0.0,55,2019-09-19,Zhuhai Orbita Control Engineering Co. Ltd.,Jiuquan Satellite Launch Center,Long March 11,Earth Observation
OHS-1,China,Commercial,Earth Observation,LEO,Sun-Synchronous,0.0,90,2018-04-26,Zhuhai Orbita Aerospace Science and Technology Co.,Jiuquan Satellite Launch Center,Long March 11,Earth Observation
OHS-2,China,Commercial,Earth Observation,LEO,Sun-Synchronous,0.0,90,2018-04-26,Zhuhai Orbita Aerospace Science and Technology Co.,Jiuquan Satellite Launch Center,Long March 11,Earth Observation
OHS-3,China,Commercial,Earth Observation,LEO,Sun-Synchronous,0.0,90,2018-04-26,Zhuhai Orbita Aerospace Science and Technology Co.,Jiuquan Satellite Launch Center,Long March 11,Earth Observation
OHS-4,China,Commercial,Earth Observation,LEO,Sun-Synchronous,0.0,90,2018-04-26,Zhuhai Orbita Aerospace Science and Technology Co.,Jiuquan Satellite Launch Center,Long March 11,Earth Observation
